Data Year,Utility Number,Utility Name,State,Distribution Circuits,Circuits with Voltage Optimization
2014,55,City of Aberdeen - (MS),MS,8,8
2014,59,City of Abbeville - (LA),LA,15,0
2014,84,A & N Electric Coop,MD,1,0
2014,84,A & N Electric Coop,VA,32,0
2014,97,Adams Electric Coop,IL,47,47
2014,108,Adams-Columbia Electric Coop,WI,91,16
2014,118,"Adams Rural Electric Coop, Inc",OH,18,3
2014,122,Village of Arcade - (NY),NY,22,.
2014,123,City of Adel- (GA),GA,9,0
2014,150,Adrian Public Utilities Comm,MN,5,0
2014,155,Agralite Electric Coop,MN,61,0
2014,162,Aiken Electric Coop Inc,SC,120,.
2014,176,Ajo Improvement Co,AZ,5,.
2014,195,Alabama Power Co,AL,2165,3
2014,201,City of Alachua - (FL),FL,3,0
2014,207,City of Alameda,CA,36,0
2014,213,Alaska Electric Light&Power Co,AK,31,31
2014,219,Alaska Power and Telephone Co,AK,43,0
2014,221,"Alaska Village Elec Coop, Inc",AK,159,0
2014,230,Albany Water Gas & Light Comm,GA,52,0
2014,232,City of Albemarle - (NC),NC,14,12
2014,240,Albemarle Electric Member Corp,NC,26,0
2014,241,Albertville Municipal Utilities Board,AL,24,0
2014,261,AGC Division of APG Inc,IN,1,.
2014,276,Alcorn County Elec Power Assn,MS,33,11
2014,289,City of Alexander City,AL,11,.
2014,295,City of Alexandria - (MN),MN,24,6
2014,296,"Alfalfa Electric Coop, Inc",KS,3,0
2014,296,"Alfalfa Electric Coop, Inc",OK,47,0
2014,298,City of Alexandria - (LA),LA,57,.
2014,305,Alger-Delta Coop Electric Assn,MI,17,0
2014,307,Algoma Utility Comm,WI,9,9
2014,308,City of Acworth - (GA),GA,8,1
2014,309,City of Algona - (IA),IA,9,0
2014,329,"Allamakee-Clayton El Coop, Inc",IA,53,0
2014,367,City of Alliance- (NE),NE,13,1
2014,392,Alpena Power Co,MI,38,0
2014,407,Altamaha Electric Member Corp,GA,57,4
2014,416,City of Altus - (OK),OK,15,15
2014,471,Amana Society Service Co,IA,6,0
2014,554,City of Ames - (IA),IA,43,0
2014,560,City of Amherst- (OH),OH,2,.
2014,562,Amicalola Electric Member Corp,GA,52,0
2014,571,City of Amory,MS,14,0
2014,577,City of Alcoa Utilities,TN,37,0
2014,590,City of Anaheim - (CA),CA,114,114
2014,599,Anchorage Municipal Light and Power,AK,67,0
2014,604,City of Andalusia,AL,14,.
2014,636,City of Anderson - (IN),IN,41,0
2014,689,Connexus Energy,MN,201,.
2014,690,City of Bardstown - (KY),KY,15,.
2014,691,City of Anoka,MN,20,0
2014,694,Anza Electric Coop Inc,CA,8,.
2014,719,Town of Apex- (NC),NC,18,0
2014,727,Appalachian Electric Coop,TN,72,72
2014,733,Appalachian Power Co,VA,555,0
2014,733,Appalachian Power Co,WV,484,0
2014,750,Arab Electric Coop Inc,AL,20,0
2014,803,Arizona Public Service Co,AZ,1293,.
2014,814,Entergy Arkansas Inc,AR,1174,0
2014,814,Entergy Arkansas Inc,TN,3,0
2014,817,Arkansas Valley Elec Coop Corp,AR,127,0
2014,817,Arkansas Valley Elec Coop Corp,OK,13,0
2014,828,City of Arlington - (MN),MN,8,.
2014,887,"Arrowhead Electric Coop, Inc",MN,5,.
2014,907,City of Ashland - (OR),OR,11,.
2014,918,City of Aspen- (CO),CO,2,0
2014,942,Atchison-Holt Electric Coop,IA,10,4
2014,942,Atchison-Holt Electric Coop,MO,20,10
2014,947,Athens Utility Board,TN,24,0
2014,963,Atlantic City Electric Co,NJ,355,0
2014,965,Atlantic Municipal Utilities,IA,11,.
2014,993,Auburn Board of Public Works,NE,14,.
2014,994,City of Auburn - (IN),IN,20,3
2014,998,City of Augusta - (KS),KS,9,0
2014,1009,City of Austin - (MN),MN,26,0
2014,1015,Austin Energy,TX,387,0
2014,1024,City of Ava - (MO),MO,4,.
2014,1036,Town of Ayden - (NC),NC,8,0
2014,1050,City of Azusa,CA,20,0
2014,1062,BARC Electric Coop Inc,VA,43,0
2014,1101,Bagley Public Utilities Comm,MN,2,0
2014,1148,City of Baldwin City- (KS),KS,9,0
2014,1149,Baldwin County El Member Corp,AL,97,97
2014,1167,Baltimore Gas & Electric Co,MD,1392,50
2014,1169,Bailey County Elec Coop Assn,TX,83,83
2014,1175,"Bandera Electric Coop, Inc",TX,55,2
2014,1176,City of Bandon - (OR),OR,6,.
2014,1179,Emera Maine,ME,252,252
2014,1181,City of Bangor - (WI),WI,5,0
2014,1192,City of Banning - (CA),CA,21,11
2014,1196,Village of Baraga - (MI),MI,2,0
2014,1201,Barbourville Utility Comm,KY,4,.
2014,1233,City of Barnesville - (MN),MN,7,5
2014,1251,Barron Electric Coop,WI,34,0
2014,1273,"Bartlett Electric Coop, Inc",TX,30,0
2014,1276,"Barrow Utils & Elec Coop, Inc",AK,6,.
2014,1279,Barry Electric Coop,MO,26,0
2014,1283,Bartholomew County Rural E M C,IN,30,0
2014,1300,City of Bartow - (FL),FL,17,0
2014,1301,"Barton County Elec Coop, Inc",MO,7,.
2014,1307,Basin Electric Power Coop,ND,1,1
2014,1307,Basin Electric Power Coop,SD,1,1
2014,1307,Basin Electric Power Coop,WY,1,1
2014,1325,City of Batavia - (IL),IL,22,.
2014,1366,City of Bay City - (MI),MI,32,.
2014,1367,"Bayfield Electric Coop, Inc",MI,1,.
2014,1367,"Bayfield Electric Coop, Inc",WI,28,.
2014,1417,"Beartooth Electric Coop, Inc",MT,27,.
2014,1427,City of Beatrice - (NE),NE,46,46
2014,1456,Town of Bedford - (VA),VA,23,0
2014,1458,"Beauregard Electric Coop, Inc",LA,62,62
2014,1523,Town of Belmont - (MA),MA,19,16
2014,1525,City of Beloit - (KS),KS,12,0
2014,1529,"Beltrami Electric Coop, Inc",MN,75,0
2014,1566,City of Bennettsville - (SC),SC,4,.
2014,1572,Badger Power Marketing Authority,WI,2,0
2014,1573,City of Benson - (MN),MN,5,.
2014,1578,Benton County,TN,14,14
2014,1579,PUD No 1 of Benton County,WA,135,0
2014,1581,City of Benton - (AR),AR,15,14
2014,1582,City of Benton - (KY),KY,5,0
2014,1586,City of Bentonville - (AR),AR,49,0
2014,1591,"Big Country Electric Coop, Inc",TX,49,.
2014,1601,City of Beresford,SD,6,0
2014,1613,Berkeley Electric Coop Inc,SC,180,180
2014,1625,Benton Rural Electric Assn,WA,61,0
2014,1640,City of Bessemer Utilities,AL,39,0
2014,1651,Bethel Utilities Corp,AK,7,.
2014,1675,Big Horn Rural Electric Co,MT,2,.
2014,1675,Big Horn Rural Electric Co,WY,13,.
2014,1683,"Big Horn County Elec Coop, Inc",MT,23,.
2014,1683,"Big Horn County Elec Coop, Inc",WY,2,.
2014,1708,Big Sandy Rural Elec Coop Corp,KY,36,.
2014,1723,"Big Bend Electric Coop, Inc",WA,54,0
2014,1736,Blachly-Lane County Coop El Assn,OR,15,0
2014,1763,"Black River Electric Coop, Inc - (SC)",SC,111,0
2014,1764,Black Diamond Power Co,WV,6,0
2014,1769,"Black Hills Electric Coop, Inc",SD,39,0
2014,1775,Black River Electric Coop - (MO),MO,62,0
2014,1776,City of Black River Falls,WI,14,0
2014,1780,Black Warrior Elec Member Corp,AL,93,.
2014,1818,City of Blaine - (WA),WA,4,0
2014,1857,Block Island Power Co,RI,4,0
2014,1869,City of Bloomfield - (IA),IA,8,8
2014,1883,Blue Earth Light & Water,MN,9,9
2014,1884,BENCO Electric Cooperative,MN,97,97
2014,1886,Blue Grass Energy Coop Corp,KY,130,13
2014,1889,Blue Ridge Elec Member Corp - (NC),NC,101,0
2014,1890,Blue Ridge Electric Coop Inc - (SC),SC,137,0
2014,1891,Blue Ridge Mountain EMC - (GA),GA,27,26
2014,1891,Blue Ridge Mountain EMC - (GA),NC,10,9
2014,1892,"Bluebonnet Electric Coop, Inc",TX,220,172
2014,1896,City of Bluffton - (IN),IN,21,0
2014,1898,"Bon Homme Yankton El Assn, Inc",SD,26,26
2014,1913,City of Boerne,TX,8,.
2014,1936,Bolivar Energy Authority,TN,22,22
2014,1997,City of Boscobel - (WI),WI,6,0
2014,2001,Boone Electric Coop,MO,63,61
2014,2008,City of Boulder City - (NV),NV,31,0
2014,2010,City of Bountiful,UT,17,0
2014,2049,"Bowie-Cass Electric Coop, Inc",TX,109,0
2014,2054,City of Bowling Green - (OH),OH,32,15
2014,2056,City of Bowling Green - (KY),KY,49,49
2014,2089,Bozrah Light & Power Company,CT,4,.
2014,2138,Brainerd Public Utilities,MN,29,6
2014,2144,Town of Braintree - (MA),MA,22,22
2014,2182,City of Breckenridge- (MN),MN,16,0
2014,2192,Bremen Electric Light & Power Co,IN,15,.
2014,2194,City of Brenham - (TX),TX,11,11
2014,2212,"Broad River Electric Coop, Inc",SC,45,45
2014,2215,"Bridger Valley Elec Assn, Inc",UT,3,.
2014,2215,"Bridger Valley Elec Assn, Inc",WY,34,.
2014,2220,Brigham City Corporation,UT,11,.
2014,2247,City of Bristol - (TN),TN,64,52
2014,2248,Bristol Virginia Utilities,VA,36,0
2014,2273,Brodhead Water & Lighting Comm,WI,10,0
2014,2277,City of Broken Bow - (NE),NE,16,0
2014,2285,City of Brookings - (SD),SD,30,.
2014,2316,Brown County Rural Elec Assn,MN,53,0
2014,2354,Brown-Atchison E C A Inc,KS,2,0
2014,2394,Burke-Divide Electric Coop Inc,ND,46,0
2014,2409,Brownsville Public Utilities Board,TX,50,5
2014,2411,City of Brownsville,TN,13,0
2014,2439,City of Bryan - (OH),OH,13,0
2014,2442,City of Bryan - (TX),TX,90,0
2014,2485,City of Buffalo - (MN),MN,12,9
2014,2487,City of Buford,GA,9,9
2014,2502,"Buckeye Rural Elec Coop, Inc",OH,52,0
2014,2507,City of Burbank Water and Power,CA,116,0
2014,2545,City of Burley - (ID),ID,6,2
2014,2548,City of Burlington Electric - (VT),VT,13,13
2014,2551,City of Burlington - (KS),KS,5,.
2014,2599,Burt County Public Power Dist,NE,55,.
2014,2641,"Butler Rural El Coop Assn, Inc - (KS)",KS,35,4
2014,2643,Butler Public Power District - (NE),NE,48,.
2014,2650,Borough of Butler - (NJ),NJ,8,8
2014,2651,Butler Rural Electric Coop Inc - (OH),OH,49,0
2014,2652,Butler County Rural Elec Coop - (IA),IA,70,14
2014,2655,"Butte Electric Coop, Inc",SD,27,6
2014,2678,C & L Electric Coop Corp,AR,58,0
2014,2773,City of Cairo - (GA),GA,8,0
2014,2774,CMS Electric Coop Inc,KS,40,40
2014,2812,City of Calhoun - (GA),GA,19,17
2014,2849,Central Electric Power Assn - (MS),MS,80,59
2014,2888,City of Cambridge - (NE),NE,3,3
2014,2890,City of Camden,SC,20,.
2014,2900,City of Cameron,MO,3,0
2014,2903,Canoochee Electric Member Corp,GA,44,23
2014,2910,City of Camilla,GA,15,0
2014,2911,"Canadian Valley Elec Coop, Inc",OK,67,67
2014,2955,Canby Utility Board,OR,8,0
2014,2960,"Caney Fork Electric Coop, Inc",TN,25,0
2014,2961,"Caney Valley El Coop Assn, Inc",KS,23,0
2014,2974,Canton Municipal Utilities,MS,4,0
2014,2982,Cape Hatteras Elec Member Corp,NC,14,.
2014,2985,"Capital Electric Coop, Inc",ND,77,0
2014,2986,"Cam Wal Electric Coop, Inc",SD,9,.
2014,2998,"Carbon Power & Light, Inc",WY,33,0
2014,3046,Duke Energy Progress - (NC),NC,1058,1058
2014,3046,Duke Energy Progress - (NC),SC,169,169
2014,3075,Carroll County - (TN),TN,22,0
2014,3076,"Carroll Electric Coop, Inc - (OH)",OH,34,0
2014,3081,Carroll Electric Member Corp - (GA),GA,90,43
2014,3093,Carroll Electric Coop Corp - (AR),AR,165,0
2014,3093,Carroll Electric Coop Corp - (AR),MO,14,0
2014,3107,Carteret-Craven El Member Corp,NC,66,.
2014,3108,City of Cartersville - (GA),GA,24,0
2014,3113,City of Carthage - (MO),MO,17,16
2014,3203,Cedar Falls Utilities,IA,23,23
2014,3205,Cedar-Knox Public Power Dist,NE,60,0
2014,3208,Cedarburg Light & Water Comm,WI,13,13
2014,3216,City of Celina - (OH),OH,14,3
2014,3222,Central Alabama Electric Coop,AL,69,.
2014,3226,"Central Rural Electric Cooperative, Inc",OK,61,61
2014,3235,City of Central City,NE,11,11
2014,3236,"Central Electric Coop, Inc - (SD)",SD,72,0
2014,3240,Central Electric Coop Inc - (OR),OR,108,0
2014,3245,"Central Florida Elec Coop, Inc",FL,54,10
2014,3248,Central Georgia El Member Corp,GA,73,73
2014,3249,Central Hudson Gas & Elec Corp,NY,209,0
2014,3250,Central Electric Membership Corp. - (NC),NC,30,.
2014,3264,Central Lincoln People's Ut Dt,OR,370,16
2014,3265,Cleco Power LLC,LA,773,0
2014,3266,Central Maine Power Co,ME,492,0
2014,3268,Central Missouri Elec Coop Inc,MO,43,.
2014,3273,"Central New Mexico El Coop, Inc",NM,35,.
2014,3278,AEP Texas Central Company,TX,833,0
2014,3282,"Central Texas Elec Coop, Inc",TX,64,64
2014,3287,"Central Valley Elec Coop, Inc",NM,99,99
2014,3291,Central Virginia Electric Coop,VA,74,0
2014,3293,Central Wisconsin Elec Coop,WI,26,0
2014,3295,City of Centralia - (WA),WA,34,34
2014,3314,"Chariton Valley Elec Coop, Inc",IA,35,0
2014,3315,"Charles Mix Electric Assn, Inc",SD,17,7
2014,3329,Borough of Chambersburg,PA,36,0
2014,3355,City of Chanute,KS,7,7
2014,3390,"Caddo Electric Coop, Inc",OK,53,0
2014,3400,City of Chaska - (MN),MN,15,0
2014,3408,City of Chattanooga - (TN),GA,299,299
2014,3408,City of Chattanooga - (TN),TN,299,299
2014,3413,PUD No 1 of Chelan County,WA,117,0
2014,3420,City of Cheney - (WA),WA,7,0
2014,3426,Cherokee Electric Coop,AL,28,0
2014,3435,"Cherry-Todd Electric Coop, Inc",NE,5,4
2014,3435,"Cherry-Todd Electric Coop, Inc",SD,12,2
2014,3436,Cherryland Electric Coop Inc,MI,55,55
2014,3461,Cheyenne Light Fuel & Power Co,WY,43,0
2014,3470,Cherokee County Elec Coop Assn,TX,30,0
2014,3475,City of Chickamauga,GA,1,0
2014,3477,City of Chicopee - (MA),MA,16,16
2014,3478,Cimarron Electric Coop,OK,91,91
2014,3486,Chillicothe Municipal Utils,MO,30,5
2014,3495,Chimney Rock Public Power Dist,NE,17,0
2014,3498,Chippewa Valley Electric Coop,WI,29,.
2014,3502,"Choctawhatche Elec Coop, Inc",FL,76,66
2014,3503,"Choptank Electric Coop, Inc",MD,110,0
2014,3522,Chugach Electric Assn Inc,AK,92,.
2014,3527,Choctaw Electric Coop Inc,OK,52,45
2014,3542,Duke Energy Ohio Inc,OH,693,492
2014,3597,Citizens Electric Co - (PA),PA,9,9
2014,3600,Citizens Electric Corporation - (MO),MO,103,0
2014,3634,City of Nixa - (MO),MO,16,.
2014,3641,"Claiborne Electric Coop, Inc",LA,66,0
2014,3644,PUD No 1 of Clallam County,WA,77,7
2014,3647,City of Claremore,OK,25,.
2014,3660,PUD No 1 of Clark County - (WA),WA,213,0
2014,3687,Clark Energy Coop Inc - (KY),KY,76,0
2014,3701,Clark Electric Coop - (WI),WI,35,26
2014,3702,Clarksdale Public Utilities,MS,22,0
2014,3704,City of Clarksville - (TN),TN,73,0
2014,3705,Clarksville Light & Water Co,AR,24,14
2014,3710,City of Clay Center - (KS),KS,12,0
2014,3712,Clay County Electric Coop Corp,AR,18,0
2014,3712,Clay County Electric Coop Corp,MO,1,0
2014,3716,Clay-Union Electric Corp,SD,22,.
2014,3722,Clarke Electric Coop Inc - (IA),IA,36,.
2014,3731,Town of Clayton,NC,5,.
2014,3732,Town of Clayton,DE,2,0
2014,3739,Clearwater Power Company,ID,36,0
2014,3739,Clearwater Power Company,OR,1,0
2014,3739,Clearwater Power Company,WA,7,0
2014,3755,Cleveland Electric Illum Co,OH,1079,987
2014,3757,"Clay Electric Cooperative, Inc",FL,182,0
2014,3758,City of Cleveland - (TN),TN,50,50
2014,3762,City of Cleveland - (OH),OH,276,.
2014,3764,Clearwater-Polk Elec Coop Inc,MN,21,0
2014,3774,City of Clewiston,FL,6,0
2014,3804,Clinton Combined Utility Sys,SC,6,5
2014,3806,"Clinton County Elec Coop, Inc",IL,37,0
2014,3812,City of Clinton - (TN),TN,48,42
2014,3814,City of Clintonville - (WI),WI,14,.
2014,3824,Clyde Light & Power,OH,4,.
2014,3828,Cloverland Electric Co-op,MI,98,0
2014,3839,Coahoma Electric Power Assn,MS,11,.
2014,3841,Coast Electric Power Assn,MS,124,0
2014,3843,Coastal Electric Member Corp,GA,32,15
2014,3844,"Coastal Electric Coop, Inc",SC,34,34
2014,3850,"Codington-Clark Elec Coop, Inc",SD,36,.
2014,3855,Columbia Power System,TN,24,0
2014,3881,City of Cody,WY,10,3
2014,3892,City of Coffeyville - (KS),KS,24,0
2014,3913,City of Colby - (KS),KS,16,0
2014,3915,Coldwater Board of Public Util,MI,18,18
2014,3916,Cobb Electric Membership Corp,GA,193,185
2014,3931,Coles-Moultrie Electric Coop,IL,49,0
2014,3938,"Coleman County Elec Coop, Inc",TX,18,.
2014,3939,City of College Park - (GA),GA,48,.
2014,3940,City of College Station - (TX),TX,50,.
2014,3989,City of Colorado Springs - (CO),CO,210,0
2014,4003,City of Colton - (CA),CA,26,.
2014,4005,"Columbia Basin Elec Cooperative, Inc",OR,7,0
2014,4007,City of Columbia City - (IN),IN,10,5
2014,4008,Columbia Power Coop Assn Inc,OR,4,0
2014,4040,Calhoun County Elec Coop Assn,IA,18,0
2014,4041,"Columbia Rural Elec Assn, Inc",OR,3,0
2014,4041,"Columbia Rural Elec Assn, Inc",WA,31,0
2014,4045,City of Columbia - (MO),MO,62,34
2014,4063,Co-Mo Electric Coop Inc,MO,68,0
2014,4065,City of Columbus - (OH),OH,61,0
2014,4068,City of Columbus - (MS),MS,29,0
2014,4071,"Columbus Electric Coop, Inc",AZ,2,.
2014,4071,"Columbus Electric Coop, Inc",NM,19,.
2014,4073,City of Columbus - (WI),WI,12,0
2014,4110,Commonwealth Edison Co,IL,5484,13
2014,4117,Community Electric Coop,VA,25,4
2014,4146,Concho Valley Elec Coop Inc,TX,51,0
2014,4147,Town of Concord - (MA),MA,12,0
2014,4150,City of Concord - (NC),NC,62,.
2014,4153,"Concordia Electric Coop, Inc",LA,29,29
2014,4160,Callaway Electric Cooperative,MO,37,.
2014,4176,Connecticut Light & Power Co,CT,1047,0
2014,4226,Consolidated Edison Co-NY Inc,NY,2194,0
2014,4237,Consolidated Electric Coop,MO,41,0
2014,4247,Consolidated Water Power Co,WI,28,28
2014,4254,Consumers Energy Co,MI,1957,1957
2014,4262,Cooke County Elec Coop Assn,TX,55,.
2014,4265,Continental Divide El Coop Inc,NM,18,.
2014,4280,Conway Corporation,AR,36,.
2014,4294,City of Cookeville - (TN),TN,24,0
2014,4295,Comanche County Elec Coop Assn,TX,36,0
2014,4296,"Cookson Hills Elec Coop, Inc",OK,43,.
2014,4317,"Coos-Curry Electric Coop, Inc",OR,43,0
2014,4327,Coosa Valley Electric Coop Inc,AL,36,.
2014,4329,"Copper Valley Elec Assn, Inc",AK,14,0
2014,4346,Cooperative L&P Assn Lake County,MN,13,0
2014,4356,Colorado River Comm of Nevada,NV,8,0
2014,4362,Corn Belt Energy Corporation,IL,144,79
2014,4373,Cornhusker Public Power Dist,NE,103,0
2014,4390,City of Corona - (CA),CA,10,0
2014,4401,"Cotton Electric Coop, Inc",OK,74,.
2014,4430,"Covington Electric Coop, Inc",AL,57,0
2014,4432,Coweta-Fayette El Member Corp,GA,81,0
2014,4433,City of Covington - (GA),GA,18,1
2014,4437,City of Covington - (TN),TN,12,0
2014,4442,PUD No 1 of Cowlitz County,WA,108,11
2014,4459,Cozad Board of Public Works,NE,17,.
2014,4471,Craig-Botetourt Electric Coop,VA,13,0
2014,4471,Craig-Botetourt Electric Coop,WV,1,0
2014,4508,"Crawfordsville Elec, Lgt & Pwr",IN,24,0
2014,4509,Craighead Electric Coop Corp,AR,78,0
2014,4524,"Crawford Electric Coop, Inc",MO,42,0
2014,4527,City of Crete,NE,8,.
2014,4538,Crisp County Power Comm,GA,27,27
2014,4577,Crow Wing Cooperative Power & Light Comp,MN,91,0
2014,4604,City of Crystal Falls,MI,8,0
2014,4607,City of Cuba City,WI,8,0
2014,4610,City of Cuero - (TX),TX,6,.
2014,4617,Cullman Power Board,AL,15,0
2014,4618,"Cullman Electric Coop, Inc",AL,69,0
2014,4619,Town of Culpeper- (VA),VA,6,0
2014,4622,"Cumberland Valley Electric, Inc.",KY,57,.
2014,4622,"Cumberland Valley Electric, Inc.",TN,2,.
2014,4624,Cumberland Elec Member Corp,TN,130,100
2014,4632,Cuming County Public Pwr Dist,NE,37,.
2014,4667,City of Cushing - (OK),OK,13,.
2014,4671,Custer Public Power District,NE,95,13
2014,4675,Cuivre River Electric Coop Inc,MO,117,70
2014,4683,City of Cuyahoga Falls - (OH),OH,37,0
2014,4704,"DS&O Electric Cooperative, Inc.",KS,30,0
2014,4715,Dahlberg Light & Power Co,WI,36,0
2014,4717,Dakota Valley Elec Coop Inc,ND,77,0
2014,4720,Dakota Energy Coop Inc,SD,12,.
2014,4743,"Consumers Power, Inc",OR,72,72
2014,4744,Dalton Utilities,GA,66,0
2014,4794,City of Danville - (VA),VA,69,0
2014,4796,"Darke Rural Electric Coop, Inc",OH,10,.
2014,4836,City of David City,NE,5,.
2014,4848,Daviess Martin County R E M C,IN,22,12
2014,4911,Dawson Power District,NE,169,169
2014,4920,City of Dayton - (TN),TN,9,0
2014,4922,Dayton Power & Light Co,OH,490,.
2014,4939,"Deaf Smith Electric Coop, Inc",TX,93,15
2014,4958,Decatur Utilities,AL,59,0
2014,4960,Decatur County Rural E M C,IN,25,.
2014,4975,Deep East Texas Elec Coop Inc,TX,105,0
2014,5015,Delano Municipal Utilities,MN,10,1
2014,5027,Delmarva Power,DE,276,0
2014,5027,Delmarva Power,MD,180,0
2014,5056,City of Denison - (IA),IA,20,20
2014,5063,City of Denton - (TX),TX,106,.
2014,5070,Delaware Electric Cooperative,DE,87,87
2014,5078,"Denton County Elec Coop, Inc",TX,137,137
2014,5086,Delta Montrose Electric Assn,CO,49,49
2014,5107,City of Detroit - (MI),MI,192,39
2014,5109,DTE Electric Company,MI,3599,10
2014,5111,City of Detroit Lakes - (MN),MN,22,0
2014,5148,City of Dickson,TN,42,0
2014,5175,Dixie Electric Power Assn,MS,93,0
2014,5202,Dixie Electric Membership Corp,LA,146,146
2014,5204,Dixie Electric Coop,AL,57,.
2014,5309,City of Dothan - (AL),AL,40,40
2014,5325,City of Douglas,GA,15,0
2014,5326,PUD No 1 of Douglas County,WA,55,.
2014,5327,Douglas Electric Coop - (OR),OR,37,.
2014,5328,"Douglas Electric Coop, Inc",SD,37,.
2014,5335,City of Dover - (DE),DE,50,50
2014,5336,City of Dover - (OH),OH,13,13
2014,5394,Dubois Rural Electric Coop Inc,IN,34,0
2014,5399,Duck River Elec Member Corp,TN,109,4
2014,5416,"Duke Energy Carolinas, LLC",NC,2094,0
2014,5416,"Duke Energy Carolinas, LLC",SC,686,0
2014,5417,Dunn County Electric Coop,WI,40,0
2014,5429,City of Duncan - (OK),OK,14,3
2014,5480,Town of Danvers,MA,5,5
2014,5487,Duquesne Light Co,PA,546,0
2014,5509,City of Dyersburg,TN,31,0
2014,5535,Egyptian Electric Coop Assn,IL,68,64
2014,5551,City of Eagle River - (WI),WI,10,4
2014,5574,East Central Energy,MN,110,0
2014,5574,East Central Energy,WI,17,0
2014,5575,City of East Grand Forks - (MN),MN,16,0
2014,5578,East Mississippi Elec Pwr Assn,MS,86,0
2014,5582,City of East Point - (GA),GA,20,.
2014,5585,Eastern Illinois Elec Coop,IL,69,69
2014,5588,East-Central Iowa Rural Elec Coop,IA,72,72
2014,5598,East Central Oklahoma Elec Coop Inc,OK,78,0
2014,5605,Eastern Iowa Light & Power Coop,IA,172,12
2014,5609,Eastern Maine Electric Coop,ME,20,0
2014,5625,Easton Utilities Comm,MD,15,15
2014,5632,Eau Claire Electric Coop,WI,54,.
2014,5644,"Edisto Electric Coop, Inc",SC,60,0
2014,5656,Edgecombe-Martin County E M C,NC,36,0
2014,5661,City of Edmond - (OK),OK,32,.
2014,5701,El Paso Electric Co,NM,59,30
2014,5701,El Paso Electric Co,TX,259,190
2014,5730,City of Elberton,GA,12,0
2014,5742,Eldridge City Utilities,IA,1,.
2014,5748,Electric Energy Inc,KY,1,0
2014,5760,City of Elizabeth City - (NC),NC,28,0
2014,5763,City of Elizabethton - (TN),TN,38,35
2014,5773,City of Elk River,MN,28,0
2014,5777,City of Elkhorn - (WI),WI,6,4
2014,5780,Elkhorn Rural Public Pwr Dist,NE,83,68
2014,5832,Elmhurst Mutual Power & Light Co,WA,19,12
2014,5841,City of Ely - (MN),MN,6,.
2014,5860,Empire District Electric Co,AR,8,0
2014,5860,Empire District Electric Co,KS,17,0
2014,5860,Empire District Electric Co,MO,251,0
2014,5860,Empire District Electric Co,OK,12,0
2014,5862,"Empire Electric Assn, Inc",CO,74,63
2014,5862,"Empire Electric Assn, Inc",UT,3,3
2014,5905,Excelsior Electric Member Corp,GA,37,0
2014,5929,"Fairfield Electric Coop, Inc",SC,61,0
2014,5930,Village of Fairport - (NY),NY,32,.
2014,5935,Borough of Ephrata - (PA),PA,7,.
2014,5961,Town of Erwin - (TN),TN,9,9
2014,5964,"Escambia River Elec Coop, Inc",FL,28,0
2014,5997,Town of Estes Park,CO,10,0
2014,5998,City of Estherville - (IA),IA,7,0
2014,6008,City of Etowah,TN,11,7
2014,6019,City of Eudora - (KS),KS,4,0
2014,6022,City of Eugene - (OR),OR,147,0
2014,6043,City of Evansville,WI,9,0
2014,6112,"Farmers Electric Coop, Inc - (IA)",IA,48,0
2014,6132,City of Fairbury,NE,17,0
2014,6138,City of Fairfax - (MN),MN,6,0
2014,6145,City of Fairhope - (AL),AL,11,0
2014,6149,City of Ellensburg - (WA),WA,14,0
2014,6151,Fairmont Public Utilities Comm,MN,17,0
2014,6168,Farmers Electric Coop - (IA),IA,5,0
2014,6169,Fall River Rural Elec Coop Inc,ID,64,0
2014,6169,Fall River Rural Elec Coop Inc,MT,10,0
2014,6169,Fall River Rural Elec Coop Inc,WY,5,0
2014,6173,Fannin County Electric Coop,TX,10,.
2014,6175,City of Falls City - (NE),NE,8,0
2014,6181,"Farmers Electric Coop, Inc - (MO)",MO,66,0
2014,6182,"Farmers Electric Coop, Inc - (TX)",TX,56,0
2014,6183,"Fayette Electric Coop, Inc",TX,27,0
2014,6194,Farmers Rural Electric Coop Corp - (KY),KY,61,.
2014,6198,"Farmers Electric Coop, Inc - (NM)",NM,44,44
2014,6204,City of Farmington - (NM),NM,61,.
2014,6205,City of Farmington - (MO),MO,20,.
2014,6207,Farmington River Power Company,CT,1,.
2014,6234,City of Fayetteville,TN,34,0
2014,6235,Public Works Comm-City of Fayetteville,NC,165,0
2014,6258,Federated Rural Electric Assn,MN,69,0
2014,6272,"FEM Electric Assn, Inc",SD,31,.
2014,6297,PUD No 1 of Ferry County,WA,15,1
2014,6335,"Firelands Electric Coop, Inc",OH,28,.
2014,6342,First Electric Coop Corp,AR,136,136
2014,6369,Fishers Island Utility Co Inc,NY,3,0
2014,6374,Fitchburg Gas & Elec Light Co,MA,39,26
2014,6380,Fitzgerald Wtr Lgt & Bond Comm,GA,13,0
2014,6390,City of Flandreau,SD,3,2
2014,6395,Flathead Electric Coop Inc,MT,87,0
2014,6411,Flint Electric Membership Corp,GA,166,136
2014,6417,City of Flora - (IL),IL,12,10
2014,6422,City of Florence - (AL),AL,128,128
2014,6424,Florence Utility Comm,WI,6,0
2014,6427,City of Floresville,TX,19,0
2014,6431,"Flint Hills Rural E C A, Inc",KS,28,.
2014,6442,Fleming-Mason Energy Coop Inc,KY,42,0
2014,6443,"Florida Keys El Coop Assn, Inc",FL,25,24
2014,6452,Florida Power & Light Co,FL,3211,2869
2014,6455,"Duke Energy Florida, Inc",FL,1249,1044
2014,6457,Florida Public Utilities Co,FL,28,0
2014,6491,Foley Board of Utilities,AL,64,.
2014,6579,City of Forest City- (IA),IA,13,0
2014,6580,Town of Forest City,NC,10,.
2014,6582,City of Forest Grove,OR,16,0
2014,6604,City of Fort Collins - (CO),CO,77,0
2014,6608,Fort Loudoun Electric Coop,TN,41,40
2014,6610,City of Fort Morgan,CO,18,18
2014,6611,Fort Belknap Electric Coop Inc,TX,7,.
2014,6612,Fort Payne Improvement Authority,AL,27,27
2014,6615,City of Fort Pierre - (SD),SD,4,0
2014,6616,Fort Pierce Utilities Authority,FL,36,15
2014,6617,Fort Valley Utility Comm,GA,8,8
2014,6638,City of Fountain,CO,9,9
2014,6640,Four County Elec Member Corp,NC,102,0
2014,6641,4-County Electric Power Assn,MS,81,0
2014,6707,City of Frankfort - (IN),IN,10,6
2014,6708,City of Frankfort - (KY),KY,52,.
2014,6709,Easley Combined Utility System,SC,21,0
2014,6710,Town of Edenton - (NC),NC,7,0
2014,6715,City of Franklin - (VA),VA,9,0
2014,6716,PUD No 1 of Franklin County,WA,78,0
2014,6717,Franklin Electric Coop - (AL),AL,12,0
2014,6718,City of Franklin - (KY),KY,13,5
2014,6722,Franklin Rural Electric Coop - (IA),IA,26,26
2014,6752,Town of Frederick - (CO),CO,4,.
2014,6758,City of Fredericksburg - (TX),TX,8,8
2014,6775,Village of Freeport - (NY),NY,25,.
2014,6779,City of Fremont - (NE),NE,26,0
2014,6782,Freeborn-Mower Coop Services,IA,1,0
2014,6782,Freeborn-Mower Coop Services,MN,53,4
2014,6784,French Broad Elec Member Corp,NC,75,.
2014,6784,French Broad Elec Member Corp,TN,3,.
2014,6803,Town of Front Royal,VA,14,0
2014,6804,Frontier Power Company,OH,25,9
2014,6839,City of Fulton - (MO),MO,11,11
2014,6840,City of Fulton - (KY),KY,7,0
2014,6894,City of Gaffney - (SC),SC,16,.
2014,6907,City of Greendale,IN,21,15
2014,6909,Gainesville Regional Utilities,FL,76,59
2014,6914,City of Galion,OH,4,4
2014,6923,City of Gallatin - (TN),TN,18,0
2014,6930,City of Gallup - (NM),NM,18,.
2014,6941,City of Garden City,KS,39,.
2014,6949,City of Gardner - (KS),KS,16,0
2014,6950,Garland Light & Power Company,WY,9,0
2014,6957,"Garkane Energy Coop, Inc",AZ,8,0
2014,6957,"Garkane Energy Coop, Inc",UT,53,0
2014,6958,City of Garland - (TX),TX,93,93
2014,6965,City of Garnett - (KS),KS,9,.
2014,7024,Gascosage Electric Coop,MO,31,.
2014,7027,City of Gastonia - (NC),NC,49,.
2014,7090,GreyStone Power Corporation,GA,135,0
2014,7096,City of Geneva- (IL),IL,33,0
2014,7128,City of Georgetown - (SC),SC,8,.
2014,7129,City of Georgetown - (TX),TX,40,0
2014,7140,Georgia Power Co,GA,2400,2000
2014,7149,City of Gering - (NE),NE,7,0
2014,7174,Gibson Electric Members Corp,TN,65,0
2014,7222,City of Gillette - (WY),WY,27,1
2014,7257,City of Girard - (KS),KS,10,0
2014,7262,"Glacier Electric Coop, Inc",MT,48,.
2014,7264,"Glades Electric Coop, Inc",FL,41,.
2014,7265,City of Gladstone,MI,5,0
2014,7270,City of Glasgow - (KY),KY,23,14
2014,7292,Glencoe Light & Power Comm,MN,18,18
2014,7294,City of Glendale - (CA),CA,104,0
2014,7300,City of Glenwood Springs - (CO),CO,14,0
2014,7303,Raccoon Valley Electric Cooperative,IA,49,19
2014,7353,Golden Valley Elec Assn Inc,AK,74,74
2014,7374,City of Goodland - (KS),KS,9,0
2014,7411,City of Gothenburg - (NE),NE,1,0
2014,7443,City of Graettinger - (IA),IA,5,.
2014,7450,Grady Electric Membership Corp,GA,43,.
2014,7456,Graham County Electric Coop Inc,AZ,26,22
2014,7460,Goodhue County Coop Elec Assn,MN,29,4
2014,7483,City of Grand Haven - (MI),MI,15,15
2014,7484,"Grand Electric Coop, Inc",MT,1,.
2014,7484,"Grand Electric Coop, Inc",SD,20,.
2014,7489,Grand Rapids Public Util Comm,MN,19,5
2014,7490,Grand River Dam Authority,OK,24,.
2014,7548,PUD No 1 of Grays Harbor County,WA,85,.
2014,7558,Grayson Rural Electric Coop Corp,KY,42,.
2014,7559,"Grayson-Collin Elec Coop, Inc",TX,76,0
2014,7561,"Greenbelt Electric Coop, Inc",TX,27,27
2014,7563,Grand Valley Power,CO,28,0
2014,7593,City of Green Cove Springs,FL,9,0
2014,7601,Green Mountain Power Corp,VT,305,2
2014,7625,City of Greeneville - (TN),TN,57,0
2014,7626,City of Greenfield - (IA),IA,9,.
2014,7627,City of Greenfield - (IN),IN,21,21
2014,7634,City of Greenville - (TX),TX,35,0
2014,7639,Greenville Utilities Comm,NC,119,87
2014,7646,Greenwood CPW,SC,20,.
2014,7651,Greenwood Utilities Comm,MS,19,18
2014,7654,Greer Commission of Public Wks,SC,27,0
2014,7679,City of Griffin - (GA),GA,24,0
2014,7716,Groton Dept of Utilities - (CT),CT,26,.
2014,7720,"Grundy Electric Coop, Inc",IA,4,4
2014,7720,"Grundy Electric Coop, Inc",MO,100,100
2014,7743,Grundy Center Mun Light & Power,IA,8,0
2014,7750,Guthrie County Rural E C A,IA,46,46
2014,7752,Guadalupe Valley Elec Coop Inc,TX,149,149
2014,7785,"Gulf Coast Electric Coop, Inc",FL,35,0
2014,7787,Gunnison County Elec Assn.,CO,5,5
2014,7801,Gulf Power Co,FL,307,0
2014,7826,City of Gunnison - (CO),CO,3,3
2014,7827,Guntersville Electric Board,AL,17,0
2014,7864,Grundy County Rural Elec Coop,IA,32,.
2014,7870,H-D Electric Coop Inc,SD,24,0
2014,7887,Habersham Electric Membership Corp,GA,56,2
2014,7891,Guernsey-Muskingum El Coop Inc,OH,34,.
2014,7908,Hagerstown Light Department,MD,20,.
2014,7969,City of Halstad - (MN),MN,1,.
2014,7977,City of Hamilton - (OH),OH,54,0
2014,7978,Halifax Electric Member Corp,NC,32,0
2014,7979,Hamilton County Elec Coop Assn,TX,29,.
2014,8000,NineStar Connect,IN,23,.
2014,8034,Hancock-Wood Electric Coop Inc,OH,57,29
2014,8055,City of Hannibal - (MO),MO,17,0
2014,8104,Town of Hardwick,VT,6,0
2014,8122,Harlan Municipal Utilities - (IA),IA,12,0
2014,8147,City of Harriman - (TN),TN,16,0
2014,8179,Harrison County Rural E M C,IN,43,43
2014,8198,City of Harrisonburg - (VA),VA,28,0
2014,8199,City of Harrisonville - (MO),MO,14,14
2014,8210,Hart Electric Member Corp,GA,77,77
2014,8212,Hartford Electric,WI,24,24
2014,8226,City of Hartselle,AL,12,0
2014,8245,City of Hastings - (NE),NE,46,28
2014,8276,Havana Power & Light Company,FL,2,.
2014,8283,Harrison County Rrl Elec Coop,IA,26,26
2014,8287,Hawaii Electric Light Co Inc,HI,136,0
2014,8288,City of Hawarden - (IA),IA,4,0
2014,8298,Hawkeye Tri-County El Coop Inc,IA,57,0
2014,8307,Hawley Public Utilities Comm,MN,4,.
2014,8319,Heartland Power Coop,IA,60,1
2014,8319,Heartland Power Coop,MN,7,0
2014,8333,Haywood Electric Member Corp,GA,1,0
2014,8333,Haywood Electric Member Corp,NC,36,0
2014,8333,Haywood Electric Member Corp,SC,1,0
2014,8348,City of Healdsburg - (CA),CA,4,4
2014,8366,Heber Light & Power Company,UT,16,0
2014,8375,City of Hebron - (NE),NE,6,.
2014,8447,Hendricks County Rural E M C,IN,57,14
2014,8449,Henderson City Utility Comm,KY,37,0
2014,8466,Henry County Rural E M C,IN,30,0
2014,8515,City of Hermiston,OR,3,.
2014,8543,Hibbing Public Utilities Comm,MN,19,5
2014,8548,City of Hickman,KY,4,0
2014,8566,High Plains Power Inc,WY,99,0
2014,8570,Highline Electric Assn,CO,67,67
2014,8570,Highline Electric Assn,NE,20,20
2014,8571,Town of High Point,NC,74,74
2014,8573,City of Highland,IL,18,.
2014,8574,"Jackson Electric Coop, Inc - (WI)",WI,32,0
2014,8610,City of Hinton,IA,3,.
2014,8620,"HILCO Electric Cooperative, Inc.",TX,43,43
2014,8631,Hillsdale Board of Public Wks,MI,9,9
2014,8632,"Hill County Electric Coop, Inc",MT,41,.
2014,8699,Inland Power & Light Company,ID,1,0
2014,8699,Inland Power & Light Company,WA,95,0
2014,8717,City of Holdrege,NE,7,.
2014,8723,City of Holland,MI,68,0
2014,8748,City of Holly Springs,MS,20,0
2014,8761,Holmes-Wayne Electric Coop Inc,OH,44,25
2014,8764,"Holston Electric Coop, Inc",TN,34,0
2014,8770,City of Holton - (KS),KS,11,0
2014,8773,"Holy Cross Electric Assn, Inc",CO,52,0
2014,8774,City of Holyoke - (MA),MA,48,0
2014,8780,"Fox Islands Electric Coop, Inc",ME,1,0
2014,8786,Horry Electric Coop Inc,SC,119,.
2014,8795,City of Homestead - (FL),FL,19,0
2014,8796,City of Hingham - (MA),MA,12,4
2014,8824,M J M Electric Cooperative Inc,IL,41,41
2014,8830,Hood River Electric Coop,OR,8,0
2014,8840,City of Hope,AR,18,0
2014,8846,City of Hopkinsville,KY,26,0
2014,8883,Houlton Water Company,ME,1,.
2014,8884,Terrebonne Parish Consol Gov't,LA,26,4
2014,8898,Houston County Elec Coop Inc,TX,41,41
2014,8901,CenterPoint Energy,TX,1597,.
2014,8911,Howard Electric Coop,MO,8,.
2014,8924,Howard Greeley Rural P P D,NE,52,52
2014,8934,"Howell-Oregon Elec Coop, Inc",MO,78,65
2014,8972,City of Hudson - (OH),OH,20,20
2014,8973,Town of Hudson - (MA),MA,12,10
2014,9011,City of Hugoton - (KS),KS,12,0
2014,9023,City of Humboldt,TN,12,0
2014,9087,Town of Huntersville - (NC),NC,10,0
2014,9094,City of Huntsville - (AL),AL,266,0
2014,9096,City of Lafayette - (LA),LA,84,0
2014,9124,Hustisford Utilities,WI,3,0
2014,9128,Hurricane Power Committee,UT,12,9
2014,9130,Hutchinson Utilities Comm,MN,13,13
2014,9163,Hyrum City Corporation,UT,10,10
2014,9187,City of Idaho Falls - (ID),ID,45,0
2014,9191,Idaho Power Co,ID,577,341
2014,9191,Idaho Power Co,OR,69,19
2014,9209,Illinois Rural Electric Coop,IL,69,69
2014,9216,Imperial Irrigation District,CA,321,0
2014,9217,City of Imperial,NE,1,0
2014,9230,City of Independence - (IA),IA,7,7
2014,9231,City of Independence - (MO),MO,67,.
2014,9246,"Indian Electric Coop, Inc",OK,64,.
2014,9273,Indianapolis Power & Light Co,IN,458,0
2014,9275,Indianola Municipal Utilities,IA,23,.
2014,9292,Inter County Energy Coop Corp,KY,42,0
2014,9324,Indiana Michigan Power Co,IN,596,9
2014,9324,Indiana Michigan Power Co,MI,141,0
2014,9331,Intercounty Electric Coop Assn,MO,92,.
2014,9336,Intermountain Rural Elec Assn,CO,294,0
2014,9417,Interstate Power and Light Co,IA,1504,0
2014,9417,Interstate Power and Light Co,MN,146,0
2014,9418,City of Iola - (KS),KS,13,0
2014,9425,Iowa Lakes Electric Coop,IA,158,14
2014,9431,Irwin Electric Membership Corp,GA,36,36
2014,9442,Town of Ipswich - (MA),MA,10,0
2014,9475,Itasca-Mantrap Co-op Electrical Assn,MN,41,0
2014,9575,Jackson Energy Coop Corp - (KY),KY,113,0
2014,9576,Jackson County Rural E M C - (IN),IN,35,0
2014,9590,"Jackson Electric Coop, Inc - (TX)",TX,34,.
2014,9598,City of Jackson - (OH),OH,4,0
2014,9599,City of Jackson - (MN),MN,11,.
2014,9601,Jackson Electric Member Corp - (GA),GA,218,218
2014,9603,City of Jackson - (MO),MO,18,0
2014,9605,Jackson Purchase Energy Corporation,KY,91,0
2014,9612,City of Jackson - (TN),TN,108,107
2014,9613,City of Lebanon - (IN),IN,25,21
2014,9616,Beaches Energy Services,FL,29,29
2014,9617,JEA,FL,383,0
2014,9645,Jamestown Board of Public Util,NY,54,54
2014,9664,City of Jasper - (TX),TX,13,0
2014,9665,Jasper County Rural E M C,IN,36,36
2014,9666,Jay County Rural E M C,IN,12,0
2014,9667,City of Jasper - (IN),IN,16,16
2014,9668,"Jasper-Newton Elec Coop, Inc",TX,63,0
2014,9682,"Jefferson Davis Elec Coop, Inc",LA,48,48
2014,9689,Jefferson Electric Member Corp,GA,62,0
2014,9690,Jefferson Utilities,WI,4,0
2014,9697,City of Jellico,KY,1,1
2014,9697,City of Jellico,TN,2,2
2014,9699,"Jemez Mountains Elec Coop, Inc",NM,57,0
2014,9726,Jersey Central Power & Lt Co,NJ,1419,1419
2014,9734,City of Jewett City - (CT),CT,3,0
2014,9739,Joe Wheeler Elec Member Corp,AL,103,0
2014,9750,Jo-Carroll Energy Coop Inc,IL,104,104
2014,9777,Johnson City - (TN),TN,128,128
2014,9778,Johnson County Rural E M C,IN,38,0
2014,9837,Jones-Onslow Elec Member Corp,NC,124,0
2014,9879,City Water and Light Plant,AR,90,0
2014,9922,Jump River Electric Coop Inc,WI,22,0
2014,9936,Juneau Utility Comm,WI,9,0
2014,9964,Kenergy Corp,KY,191,0
2014,9991,Kandiyohi Power Coop,MN,37,12
2014,9996,City of Kansas City - (KS),KS,142,.
2014,9999,Kankakee Valley Rural E M C,IN,36,.
2014,10000,Kansas City Power & Light Co,KS,328,0
2014,10000,Kansas City Power & Light Co,MO,452,11
2014,10005,Kansas Gas & Electric Co,KS,507,.
2014,10009,Karnes Electric Coop Inc,TX,79,0
2014,10012,Kay Electric Coop,OK,46,.
2014,10019,Kaw Valley Electric Coop Inc,KS,31,.
2014,10056,City of Kaukauna,WI,39,0
2014,10057,City of Lamar - (MO),MO,11,.
2014,10063,Kaysville City Corporation,UT,10,0
2014,10065,KBR Rural Public Power District,NE,42,.
2014,10066,K C Electric Association,CO,42,.
2014,10071,Kauai Island Utility Cooperative,HI,45,45
2014,10144,Kennebunk Light & Power Dist,ME,12,0
2014,10152,City of Kennett - (MO),MO,16,0
2014,10153,KEM Electric Coop Inc,ND,44,0
2014,10170,"Kiamichi Electric Coop, Inc",OK,47,27
2014,10171,Kentucky Utilities Co,KY,1117,0
2014,10171,Kentucky Utilities Co,VA,94,0
2014,10179,Kenyon Municipal Utilities,MN,6,.
2014,10210,Ketchikan Public Utilities,AK,15,9
2014,10226,City of Key West - (FL),FL,37,0
2014,10260,City of Kimball - (NE),NE,3,0
2014,10321,City of Kingman - (KS),KS,6,1
2014,10324,City of Kings Mountain - (NC),NC,9,0
2014,10331,Kingsport Power Co,TN,57,0
2014,10345,City of Kinston - (NC),NC,35,.
2014,10370,City of Kirkwood - (MO),MO,34,0
2014,10375,"Kiwash Electric Coop, Inc",OK,34,31
2014,10376,Kissimmee Utility Authority,FL,66,36
2014,10378,"Kit Carson Electric Coop, Inc",NM,33,21
2014,10393,PUD No 1 of Klickitat County,WA,43,0
2014,10421,Knoxville Utilities Board,TN,268,0
2014,10433,Kodiak Electric Assn Inc,AK,18,0
2014,10448,Kosciusko County Rural E M C,IN,37,1
2014,10451,Kotzebue Electric Assn Inc,AK,4,0
2014,10454,Kootenai Electric Cooperative,ID,32,0
2014,10454,Kootenai Electric Cooperative,WA,2,0
2014,10508,Village of L'Anse - (MI),MI,2,2
2014,10539,"La Plata Electric Assn, Inc",CO,84,0
2014,10550,McCook Public Power District,NE,48,.
2014,10558,"LaCreek Electric Assn, Inc",NE,4,0
2014,10558,"LaCreek Electric Assn, Inc",SD,33,10
2014,10562,Lagrange County Rural E M C,IN,21,0
2014,10579,City of LaFollette,TN,36,35
2014,10585,City of La Grange - (GA),GA,28,0
2014,10595,City of Lake City - (MN),MN,9,0
2014,10596,City of Lake Crystal - (MN),MN,4,4
2014,10599,"Lake Region Electric Coop, Inc - (OK)",OK,60,0
2014,10603,"Laclede Electric Coop, Inc",MO,105,0
2014,10605,Lake Mills Light & Water,WI,11,0
2014,10606,City of Lake Mills,IA,6,0
2014,10610,"Lake Placid Village, Inc - (NY)",NY,13,.
2014,10618,Lake Region Electric Cooperative - (MN),MN,104,11
2014,10620,City of Lake Worth - (FL),FL,42,0
2014,10623,City of Lakeland - (FL),FL,118,110
2014,10624,Southern Rivers Energy,GA,62,0
2014,10625,"Lamb County Electric Coop, Inc",TX,69,64
2014,10627,Lakeview Light & Power,WA,15,0
2014,10629,City of Lakota - (ND),ND,1,.
2014,10632,"Lake Region Electric Assn, Inc - (SD)",SD,8,0
2014,10649,Lamar County Elec Coop Assn,TX,13,0
2014,10650,City of Lamoni - (IA),IA,7,6
2014,10656,City of Lampasas - (TX),TX,7,.
2014,10668,Licking Rural Electric Inc,OH,64,51
2014,10681,Lane Electric Coop Inc,OR,34,0
2014,10697,Lake Country Power,MN,143,0
2014,10702,Borough of Lansdale,PA,11,.
2014,10704,City of Lansing - (MI),MI,221,0
2014,10713,City of Larned - (KS),KS,13,13
2014,10724,Lassen Municipal Utility District,CA,18,16
2014,10728,"Lane-Scott Electric Coop, Inc",KS,34,0
2014,10768,"Laurens Electric Coop, Inc",SC,120,0
2014,10769,City of Laurens - (IA),IA,7,.
2014,10770,City of Laurinburg - (NC),NC,6,.
2014,10798,Lawrenceburg Municipal Utils,IN,13,13
2014,10799,City of Lawrenceburg,TN,29,0
2014,10800,City of Lawrenceville - (GA),GA,16,.
2014,10801,"Leavenworth-Jefferson E C, Inc",KS,44,.
2014,10814,City of Le Sueur - (MN),MN,11,7
2014,10817,"Lea County Electric Coop, Inc",NM,59,.
2014,10817,"Lea County Electric Coop, Inc",TX,36,.
2014,10830,City of Lebanon - (OH),OH,15,0
2014,10832,City of Lebanon - (MO),MO,32,.
2014,10857,"Lee County Electric Coop, Inc",FL,123,0
2014,10868,City of Leesburg - (FL),FL,24,24
2014,10879,Lehi City Corporation,UT,23,.
2014,10906,City of Lenoir - (TN),TN,67,67
2014,10908,City of Lenox - (IA),IA,6,0
2014,10944,PUD No 1 of Lewis County,WA,79,.
2014,10960,City of Lewisburg - (TN),TN,10,0
2014,10962,Lewis County Rural E C A,MO,35,35
2014,10966,City of Lexington - (NC),NC,36,34
2014,10967,City of Lexington - (NE),NE,18,13
2014,10968,City of Lexington - (TN),TN,29,29
2014,10982,City of Liberty - (TX),TX,12,8
2014,11011,Licking Valley Rural E C C,KY,36,0
2014,11014,"Lighthouse Electric Coop, Inc",TX,74,0
2014,11018,Lincoln Electric System,NE,162,162
2014,11019,Little River Electric Coop Inc,SC,33,0
2014,11022,"Lincoln Electric Coop, Inc",MT,15,.
2014,11053,Linn County REC,IA,36,0
2014,11064,Litchfield Public Utilities,MN,8,.
2014,11085,Town of Littleton - (MA),MA,3,.
2014,11118,Lockhart Power Co,SC,35,16
2014,11119,City of Lockhart - (TX),TX,4,4
2014,11124,City of Lodi - (CA),CA,29,29
2014,11125,City of Lodi - (WV),WI,4,0
2014,11135,City of Logan - (UT),UT,18,18
2014,11142,City of Logansport - (IN),IN,23,0
2014,11148,City of Lompoc - (CA),CA,10,0
2014,11171,Long Island Power Authority,NY,918,693
2014,11187,City of Longmont,CO,46,0
2014,11200,"Lorain-Medina R E C, Inc",OH,48,48
2014,11203,Logan County Coop Power & Light,OH,9,9
2014,11204,Los Alamos County,NM,8,0
2014,11208,Los Angeles Department of Water & Power,CA,2273,1662
2014,11222,Loudon Utilities Board,TN,27,0
2014,11241,Entergy Louisiana LLC,LA,1015,0
2014,11247,Louisville Electric System,MS,8,0
2014,11249,Louisville Gas & Electric Co,KY,670,0
2014,11250,Loup Valleys Rural P P D,NE,51,0
2014,11251,Loup River Public Power Dist,NE,75,0
2014,11256,City of Loveland - (CO),CO,60,0
2014,11272,"Lower Yellowstone R E A, Inc",MT,45,0
2014,11272,"Lower Yellowstone R E A, Inc",ND,11,0
2014,11273,Lower Valley Energy Inc,ID,3,0
2014,11273,Lower Valley Energy Inc,WY,59,0
2014,11291,Lumbee River Elec Member Corp,NC,119,0
2014,11292,City of Lubbock - (TX),TX,152,.
2014,11298,Lyon Rural Electric Coop,IA,27,0
2014,11305,Village of Ludlow - (VT),VT,6,0
2014,11318,City of Lumberton - (NC),NC,12,0
2014,11332,City of Luverne - (MN),MN,9,0
2014,11334,"Lyon-Coffey Electric Coop, Inc",KS,27,0
2014,11345,Lyon-Lincoln Electric Coop Inc,MN,38,0
2014,11355,"Lynches River Elec Coop, Inc",SC,59,59
2014,11359,Village of Lyndonville - (VT),VT,10,0
2014,11364,"Lyntegar Electric Coop, Inc",TX,125,0
2014,11458,City of Macon - (MS),MS,3,3
2014,11460,City of Macon - (MO),MO,9,0
2014,11463,Macon Electric Coop,MO,54,0
2014,11475,City of Madison - (SD),SD,15,11
2014,11476,Borough of Madison - (NJ),NJ,38,.
2014,11477,Town of Madison - (ME),ME,1,1
2014,11479,Madison Gas & Electric Co,WI,242,0
2014,11481,City of Madison - (NE),NE,4,0
2014,11488,Madisonville Municipal Utils,KY,15,0
2014,11501,Magic Valley Electric Coop Inc,TX,118,0
2014,11519,Magnolia Electric Power Assn,MS,58,.
2014,11560,City of Manassas - (VA),VA,19,19
2014,11566,City of Mangum - (OK),OK,3,0
2014,11568,Town of Manilla - (IA),IA,6,.
2014,11571,Manitowoc Public Utilities,WI,24,13
2014,11581,City of Manning,IA,7,0
2014,11586,Town of Mansfield - (MA),MA,14,.
2014,11589,"Harney Electric Coop, Inc",NV,20,.
2014,11589,"Harney Electric Coop, Inc",OR,19,.
2014,11611,City of Maquoketa - (IA),IA,14,0
2014,11624,City of Marblehead - (MA),MA,23,23
2014,11643,Marias River Electric Coop Inc,MT,5,0
2014,11646,City of Marietta - (GA),GA,68,45
2014,11693,"Marlboro Electric Coop, Inc",SC,30,0
2014,11701,City of Marquette - (MI),MI,14,14
2014,11713,City of Marshall - (MI),MI,15,.
2014,11714,Marshall-De Kalb Electric Coop,AL,34,0
2014,11731,City of Marshall - (MN),MN,30,7
2014,11732,City of Marshall - (MO),MO,30,11
2014,11740,City of Marshfield - (WI),WI,15,0
2014,11767,Marshall County Rural E M C,IN,9,0
2014,11770,City of Martinsville - (VA),VA,14,0
2014,11788,Consumers Energy,IA,42,42
2014,11789,Maryville Utilities,TN,27,0
2014,11804,Massachusetts Electric Co,MA,1151,10
2014,11811,Town of Massena - (NY),NY,14,14
2014,11824,Matanuska Electric Assn Inc,AK,68,2
2014,11843,Maui Electric Co Ltd,HI,146,104
2014,11871,City of Mayfield Plant Board,KY,7,0
2014,11910,McLeod Cooperative Power Assn,MN,55,0
2014,11989,McCone Electric Coop Inc,MT,12,.
2014,12087,McKenzie Electric Coop Inc,MT,1,.
2014,12087,McKenzie Electric Coop Inc,ND,125,.
2014,12090,"McLean Electric Coop, Inc",ND,36,0
2014,12186,McMinnville Electric System,TN,12,0
2014,12187,City of McMinnville - (OR),OR,28,24
2014,12199,Montana-Dakota Utilities Co,MT,151,.
2014,12199,Montana-Dakota Utilities Co,ND,371,.
2014,12199,Montana-Dakota Utilities Co,SD,47,.
2014,12199,Montana-Dakota Utilities Co,WY,66,.
2014,12208,City of McPherson - (KS),KS,28,.
2014,12227,Meeker Coop Light & Power Assn,MN,47,0
2014,12243,Meade County Rural E C C,KY,72,0
2014,12260,Mecklenburg Electric Cooperative,NC,4,0
2014,12260,Mecklenburg Electric Cooperative,VA,60,0
2014,12265,City of Medford - (WI),WI,16,.
2014,12268,"Medina Electric Coop, Inc",TX,90,0
2014,12286,Melrose Public Utilities,MN,12,12
2014,12293,City of Memphis - (TN),TN,487,2
2014,12298,City of Menasha - (WI),WI,16,16
2014,12301,Nodak Electric Coop Inc,ND,209,0
2014,12312,Merced Irrigation District,CA,19,19
2014,12330,Meriwether Lewis Electric Coop,TN,43,0
2014,12341,MidAmerican Energy Co,IA,984,.
2014,12341,MidAmerican Energy Co,IL,115,.
2014,12341,MidAmerican Energy Co,SD,17,.
2014,12351,City of Mesa - (AZ),AZ,32,0
2014,12377,Midwest Energy Cooperative,IN,1,.
2014,12377,Midwest Energy Cooperative,MI,90,.
2014,12377,Midwest Energy Cooperative,OH,5,.
2014,12390,Metropolitan Edison Co,PA,783,666
2014,12395,Menard Electric Coop,IL,53,33
2014,12406,Miami-Cass County Rural E M C,IN,21,0
2014,12408,City of Miami - (OK),OK,12,4
2014,12439,"Midstate Electric Coop, Inc",OR,41,.
2014,12450,Midland Power Coop,IA,121,0
2014,12452,Mid-South Electric Coop Assn,TX,60,49
2014,12462,Mid-Carolina Electric Coop Inc,SC,82,82
2014,12463,"Mid-Yellowstone Elec Coop, Inc",MT,11,0
2014,12470,Middle Tennessee E M C,TN,186,0
2014,12472,Middle Georgia El Member Corp,GA,23,23
2014,12473,Town of Middleborough - (MA),MA,12,12
2014,12477,Town of Middleton,MA,2,2
2014,12478,Town of Middletown - (DE),DE,9,9
2014,12515,"Midwest Electric, Inc",OH,39,0
2014,12524,Midwest Energy Inc,KS,375,.
2014,12532,City of Milan,TN,19,0
2014,12539,Midwest Electric Member Corp,NE,87,63
2014,12540,City of Milford - (DE),DE,5,0
2014,12541,City of Milford - (IA),IA,6,0
2014,12546,Mille Lacs Energy Cooperative,MN,39,0
2014,12580,City of Miller - (SD),SD,8,0
2014,12615,City of Milton-Freewater- (OR),OR,14,13
2014,12625,City of Minden - (LA),LA,14,14
2014,12626,City of Minden - (NE),NE,10,.
2014,12642,Maquoketa Valley Rrl Elec Coop,IA,106,0
2014,12647,"ALLETE, Inc.",MN,348,0
2014,12651,Minnesota Valley Electric Coop,MN,93,93
2014,12660,Village of Minster - (OH),OH,11,0
2014,12674,City of Mishawaka,IN,66,66
2014,12681,Mississippi County Electric Co,AR,27,0
2014,12685,Entergy Mississippi Inc,MS,734,0
2014,12686,Mississippi Power Co,MS,271,0
2014,12692,"Missoula Electric Coop, Inc",ID,1,0
2014,12692,"Missoula Electric Coop, Inc",MT,41,0
2014,12698,KCP&L Greater Missouri Operations Co.,MO,517,0
2014,12700,Missouri Rural Electric Coop,MO,25,0
2014,12706,Mitchell Electric Member Corp,GA,72,0
2014,12744,Modern Electric Water Company,WA,9,0
2014,12745,Modesto Irrigation District,CA,171,5
2014,12782,City of Monett - (MO),MO,18,18
2014,12789,City of Monmouth - (OR),OR,4,4
2014,12796,Monongahela Power Co,WV,503,490
2014,12800,City of Monroe - (GA),GA,10,.
2014,12801,City of Monroe - (NC),NC,26,12
2014,12803,"Monroe County Elec Coop, Inc",IL,34,0
2014,12825,NorthWestern Energy LLC - (MT),MT,612,8
2014,12839,City of Montezuma - (IA),IA,10,0
2014,12860,Morgan County Rural Elec Assn,CO,65,65
2014,12866,Moon Lake Electric Assn Inc,CO,35,35
2014,12866,Moon Lake Electric Assn Inc,UT,85,85
2014,12894,City of Moorhead - (MN),MN,32,32
2014,12897,Moose Lake Water & Light Comm,MN,9,4
2014,12899,Mor-Gran-Sou Electric Coop Inc,ND,67,0
2014,12900,City of Mora - (MN),MN,7,0
2014,12901,Mora-San Miguel Elec Coop,NM,8,0
2014,12915,Moreau-Grand Electric Coop Inc,SD,16,16
2014,12919,Morenci Water and Electric,AZ,2,.
2014,12927,Morgan City - (LA),LA,20,20
2014,12929,South Central Indiana REMC,IN,60,0
2014,12944,City of Morganton - (NC),NC,23,0
2014,12988,City of Morristown - (TN),TN,33,33
2014,12989,Village of Morrisville - (VT),VT,9,0
2014,12990,Consolidated Electric Coop Inc,OH,41,.
2014,13026,City of Moultrie - (GA),GA,16,0
2014,13027,"Mountain Electric Coop, Inc",NC,16,0
2014,13027,"Mountain Electric Coop, Inc",TN,17,0
2014,13029,City of Moundridge - (KS),KS,5,0
2014,13032,Mt Carmel Public Utility Co,IL,15,7
2014,13036,Village of Mt. Horeb - (WI),WI,6,0
2014,13038,City of Mt Pleasant - (IA),IA,9,0
2014,13039,City of Mt Pleasant - (TN),TN,10,0
2014,13040,City of Mount Vernon - (MO),MO,13,0
2014,13050,"Mountain Parks Electric, Inc",CO,26,6
2014,13058,"Mountain View Elec Assn, Inc",CO,95,5
2014,13073,"Mt Wheeler Power, Inc",NV,24,0
2014,13073,"Mt Wheeler Power, Inc",UT,2,0
2014,13095,City of Mulvane - (KS),KS,4,.
2014,13119,City of Murfreesboro,TN,56,0
2014,13137,City of Murray - (UT),UT,28,28
2014,13138,City of Murray - (KY),KY,16,1
2014,13143,Board of Water Electric & Communications,IA,36,.
2014,13144,City of Muscle Shoals,AL,15,0
2014,13145,Village of Muscoda - (WI),WI,6,3
2014,13196,Northern Plains Electric Coop,ND,120,0
2014,13206,Nantucket Electric Co,MA,7,0
2014,13208,City of Naperville - (IL),IL,116,0
2014,13209,City of Napoleon - (OH),OH,9,.
2014,13214,The Narragansett Electric Co,RI,409,0
2014,13216,Nashville Electric Service,TN,516,0
2014,13227,Natchez Trace Elec Power Assn,MS,22,0
2014,13228,City of Natchitoches,LA,24,0
2014,13233,City of Neligh - (NE),NE,5,.
2014,13292,Norris Electric Coop,IL,106,.
2014,13314,Navajo Tribal Utility Authority,AZ,70,0
2014,13314,Navajo Tribal Utility Authority,NM,41,0
2014,13314,Navajo Tribal Utility Authority,UT,1,0
2014,13318,"Navopache Electric Coop, Inc",AZ,36,.
2014,13318,"Navopache Electric Coop, Inc",NM,5,.
2014,13332,"Navarro County Elec Coop, Inc",TX,47,47
2014,13334,City of Nebraska City,NE,47,28
2014,13337,Nebraska Public Power District,NE,102,11
2014,13337,Nebraska Public Power District,SD,3,3
2014,13352,City of Negaunee,MI,4,0
2014,13380,City of Neodesha - (KS),KS,8,0
2014,13386,"Nemaha-Marshall E C A, Inc",KS,20,4
2014,13407,Nevada Power Co,NV,968,0
2014,13412,City of New Albany - (MS),MS,20,0
2014,13416,City of New Bern - (NC),NC,16,0
2014,13418,City of New Braunfels - (TX),TX,36,0
2014,13424,New Castle Municipal Serv Comm,DE,8,0
2014,13437,City of Newbern,TN,8,4
2014,13438,Village of New Glarus - (WI),WI,4,0
2014,13441,New Hampshire Elec Coop Inc,NH,208,208
2014,13444,City of New Hampton - (IA),IA,5,.
2014,13448,City of New Holstein - (WI),WI,6,0
2014,13467,New London Electric&Water Util,WI,37,37
2014,13478,Entergy New Orleans Inc,LA,224,0
2014,13480,New Prague Utilities Comm,MN,10,0
2014,13481,City of New Richmond,WI,10,10
2014,13482,New River Light & Power Co,NC,23,.
2014,13485,New Smyrna Beach City of,FL,14,.
2014,13488,New Ulm Public Utilities Comm,MN,14,14
2014,13511,New York State Elec & Gas Corp,NY,1264,0
2014,13519,City of Newark - (DE),DE,33,0
2014,13520,"New-Mac Electric Coop, Inc",MO,54,0
2014,13523,City of Newberry - (SC),SC,5,0
2014,13524,"Newberry Electric Coop, Inc",SC,48,42
2014,13547,"Newnan Wtr, Sewer & Light Comm",GA,24,16
2014,13550,City of Newport,TN,32,0
2014,13561,City of Newton - (NC),NC,7,0
2014,13570,Ninnescah Rural E C A Inc,KS,32,.
2014,13573,Niagara Mohawk Power Corp.,NY,2094,928
2014,13577,City of Nicholasville - (KY),KY,14,0
2014,13602,City of Niles - (OH),OH,39,0
2014,13604,City of Niles - (MI),MI,35,0
2014,13610,Niobrara Valley El Member Corp,NE,52,0
2014,13640,Northern Virginia Elec Coop,VA,227,54
2014,13642,Nome Joint Utility Systems,AK,6,0
2014,13646,City of Norcross- (GA),GA,10,0
2014,13647,Noble County R E M C,IN,29,8
2014,13651,Nolin Rural Electric Coop Corp,KY,85,0
2014,13664,Norris Public Power District,NE,189,0
2014,13669,North Alabama Electric Coop,AL,17,0
2014,13675,Nishnabotna Valley R E C,IA,47,0
2014,13676,"North Arkansas Elec Coop, Inc",AR,89,83
2014,13679,Town of North Attleborough - (MA),MA,11,0
2014,13684,Nobles Cooperative Electric,MN,50,.
2014,13690,North Central MO Elec Coop Inc,MO,36,36
2014,13693,"North Central Elec Coop, Inc",OH,38,38
2014,13694,"North Central Elec Coop, Inc",ND,72,.
2014,13697,North Central Power Co Inc,WI,12,.
2014,13698,North Central Public Pwr Dist,NE,42,.
2014,13700,North Itasca Electric Coop Inc,MN,16,.
2014,13704,"North Western Elec Coop, Inc",OH,34,.
2014,13716,North Georgia Elec Member Corp,GA,142,142
2014,13718,City of North Little Rock - (AR),AR,46,46
2014,13725,City of North Platte,NE,51,0
2014,13730,City of North St Paul - (MN),MN,4,4
2014,13731,"North Star Electric Coop, Inc",MN,49,.
2014,13734,Northeast Oklahoma Electric Co,OK,91,66
2014,13735,Northcentral Mississippi E P A,MS,33,0
2014,13739,Northeast Nebraska P P D,NE,65,0
2014,13750,"Northern Electric Coop, Inc",SD,57,57
2014,13756,Northern Indiana Pub Serv Co,IN,128,.
2014,13757,North Plains Electric Coop Inc,TX,55,.
2014,13758,"Northern Lights, Inc",ID,29,29
2014,13758,"Northern Lights, Inc",MT,8,8
2014,13758,"Northern Lights, Inc",WA,1,1
2014,13762,"Northern Neck Elec Coop, Inc",VA,47,0
2014,13780,Northern States Power Co,WI,367,.
2014,13781,Northern States Power Co - Minnesota,MN,1026,451
2014,13781,Northern States Power Co - Minnesota,ND,58,27
2014,13781,Northern States Power Co - Minnesota,SD,79,54
2014,13783,Northeast Louisiana Power Coop Inc.,LA,11,11
2014,13788,Northern Wasco County PUD,OR,18,.
2014,13789,Village of Northfield - (VT),VT,5,0
2014,13799,Prairie Land Electric Coop Inc,KS,146,.
2014,13805,Northwest Rural Pub Pwr Dist,NE,8,.
2014,13807,Northwestern Electric Coop Inc - (OK),OK,52,0
2014,13809,NorthWestern Energy - (SD),SD,254,0
2014,13815,Northwestern Wisconsin Elec Co,MN,2,.
2014,13815,Northwestern Wisconsin Elec Co,WI,40,.
2014,13825,Norwalk Third Taxing District,CT,3,.
2014,13826,City of Norway,MI,4,0
2014,13830,Nueces Electric Cooperative,TX,44,0
2014,13831,City of Norwich - (CT),CT,31,0
2014,13838,"Northfork Electric Coop, Inc",OK,20,10
2014,13839,City of Norwood - (MA),MA,29,19
2014,13853,Oahe Electric Coop Inc,SD,19,.
2014,13933,City of Oak Ridge,TN,40,0
2014,13934,Ocmulgee Electric Member Corp,GA,27,10
2014,13936,Oakdale Electric Coop,WI,68,.
2014,13949,City of Oberlin - (OH),OH,8,0
2014,13955,City of Ocala,FL,74,0
2014,13962,Oconee Electric Member Corp,GA,46,.
2014,13963,Oconomowoc Utilities,WI,17,0
2014,13964,Oconto Electric Cooperative,WI,28,.
2014,13965,Oconto Falls Water & Light Comm,WI,5,0
2014,13998,Ohio Edison Co,OH,1049,1049
2014,14006,Ohio Power Co,OH,1656,17
2014,14012,"Ohop Mutual Light Company, Inc",WA,9,9
2014,14055,PUD No 1 of Okanogan County,WA,55,0
2014,14062,Oklahoma Electric Coop Inc,OK,75,0
2014,14063,Oklahoma Gas & Electric Co,AR,131,14
2014,14063,Oklahoma Gas & Electric Co,OK,1079,254
2014,14074,"Okanogan County Elec Coop, Inc",WA,9,0
2014,14078,City of Okolona,MS,8,0
2014,14107,City of Olivia - (MN),MN,11,5
2014,14109,"Oregon Trail El Cons Coop, Inc",OR,68,.
2014,14127,Omaha Public Power District,NE,480,24
2014,14132,City of Onawa - (IA),IA,5,0
2014,14146,City of Opelika - (AL),AL,27,0
2014,14154,Orange & Rockland Utils Inc,NY,207,0
2014,14159,City of Orange City - (IA),IA,21,.
2014,14160,Orange County Rural E M C,IN,22,2
2014,14164,City of Orangeburg - (SC),SC,67,67
2014,14170,Orcas Power & Light Coop,WA,23,0
2014,14172,City of Ord - (NE),NE,8,.
2014,14175,"Tri-County Electric Coop, Inc",SC,55,.
2014,14178,"P K M Electric Coop, Inc",MN,41,.
2014,14192,Osage Valley Elec Coop Assn,MO,53,53
2014,14194,City of Orrville - (OH),OH,12,2
2014,14199,City of Osage City - (KS),KS,5,0
2014,14201,City of Osage - (IA),IA,11,11
2014,14202,"Osceola Electric Coop, Inc",IA,13,0
2014,14203,City of Osawatomie - (KS),KS,12,1
2014,14216,City of Osceola - (AR),AR,9,0
2014,14224,Otero County Electric Coop Inc,NM,34,0
2014,14229,City of Ottawa - (KS),KS,11,.
2014,14232,Otter Tail Power Co,MN,289,.
2014,14232,Otter Tail Power Co,ND,347,.
2014,14232,Otter Tail Power Co,SD,87,.
2014,14238,Ouachita Electric Coop Corp,AR,34,0
2014,14245,Overton Power District No 5,NV,38,38
2014,14246,City of Owatonna - (MN),MN,22,20
2014,14251,Owen Electric Coop Inc,KY,121,121
2014,14268,City of Owensboro - (KY),KY,78,0
2014,14275,City of Oxford - (MS),MS,16,0
2014,14285,Ozark Border Electric Coop,MO,125,.
2014,14288,Ozark Electric Coop Inc - (MO),MO,88,0
2014,14289,Ozarks Electric Coop Corp - (AR),AR,89,0
2014,14289,Ozarks Electric Coop Corp - (AR),OK,26,0
2014,14324,PUD No 2 of Pacific County,WA,35,0
2014,14328,Pacific Gas & Electric Co,CA,3247,0
2014,14354,PacifiCorp,CA,76,0
2014,14354,PacifiCorp,ID,171,0
2014,14354,PacifiCorp,OR,523,0
2014,14354,PacifiCorp,UT,1052,0
2014,14354,PacifiCorp,WA,120,0
2014,14354,PacifiCorp,WY,240,0
2014,14371,City of Paducah - (KY),KY,52,52
2014,14373,Page Utility Enterprises,AZ,7,3
2014,14381,City of Painesville,OH,17,.
2014,14398,Palmetto Electric Coop Inc,SC,128,128
2014,14401,City of Palo Alto - (CA),CA,72,.
2014,14424,"Panola-Harrison Elec Coop, Inc",LA,28,28
2014,14424,"Panola-Harrison Elec Coop, Inc",TX,28,28
2014,14426,Panhandle Rural El Member Assn,NE,46,.
2014,14446,Paragould Light & Water Comm,AR,34,0
2014,14455,City of Paris - (TN),TN,42,35
2014,14468,People's Cooperative Services,MN,65,0
2014,14471,Parke County Rural E M C,IN,31,0
2014,14500,Park Electric Coop Inc,MT,26,.
2014,14505,Parkland Light & Water Company,WA,10,.
2014,14534,City of Pasadena - (CA),CA,112,0
2014,14537,Pascoag Utility District,RI,5,.
2014,14557,"Pee Dee Electric Coop, Inc",SC,114,110
2014,14563,Pearl River Valley El Pwr Assn,MS,94,0
2014,14582,City of Pawhuska - (OK),OK,4,0
2014,14599,"Paulding-Putman Elec Coop, Inc",IN,15,.
2014,14599,"Paulding-Putman Elec Coop, Inc",OH,48,1
2014,14600,Payson City Corporation,UT,14,.
2014,14602,Pea River Electric Coop,AL,50,.
2014,14605,City of Peabody - (MA),MA,20,.
2014,14606,"Peace River Electric Coop, Inc",FL,58,0
2014,14610,Orlando Utilities Comm,FL,284,284
2014,14624,PUD No 2 of Grant County,WA,221,0
2014,14626,"Pedernales Electric Coop, Inc",TX,258,0
2014,14645,City of Pella - (IA),IA,23,23
2014,14649,Planters Electric Member Corp,GA,35,0
2014,14653,PUD No 1 of Pend Oreille County,WA,23,0
2014,14668,Peninsula Light Company,WA,33,0
2014,14711,Pennsylvania Electric Co,NY,12,7
2014,14711,Pennsylvania Electric Co,PA,1242,907
2014,14712,Pemiscot-Dunklin Elec Coop Inc,MO,42,42
2014,14715,PPL Electric Utilities Corp,PA,1212,.
2014,14716,Pennsylvania Power Co,PA,178,178
2014,14717,Pee Dee Electric Member Corp,NC,36,17
2014,14724,Pennyrile Rural Electric Coop,KY,78,0
2014,14775,People's Electric Cooperative,OK,66,0
2014,14839,City of Peru - (IN),IN,18,0
2014,14840,City of Peru - (IL),IL,20,13
2014,14856,Petersburg Borough - (AK),AK,3,0
2014,14857,Pitt & Greene Elec Member Corp,NC,22,0
2014,14864,Petit Jean Electric Coop Corp,AR,41,0
2014,14867,City of Petoskey - (MI),MI,9,0
2014,14940,PECO Energy Co,PA,2276,.
2014,14947,City of Philadelphia - (MS),MS,8,0
2014,15016,Pickwick Electric Coop,TN,39,39
2014,15023,Piedmont Electric Member Corp,NC,64,0
2014,15034,Pierce-Pepin Coop Services,WI,34,0
2014,15039,City of Pierce - (NE),NE,4,.
2014,15040,City of Pierre - (SD),SD,20,0
2014,15045,Pike County Light & Power Co,PA,3,0
2014,15048,Electrical Dist No2 Pinal County,AZ,25,25
2014,15049,Electrical Dist No4 Pinal County,AZ,8,8
2014,15054,"Pioneer Rural Elec Coop, Inc - (OH)",OH,46,0
2014,15062,Town of Pineville - (NC),NC,9,.
2014,15073,"Pioneer Electric Coop, Inc - (KS)",KS,65,65
2014,15086,Pioneer Power and Light Co,WI,1,.
2014,15095,City of Piqua - (OH),OH,15,0
2014,15138,"Platte-Clay Electric Coop, Inc",MO,64,.
2014,15141,Plateau Electric Cooperative,TN,24,0
2014,15145,City of Plattsburgh - (NY),NY,100,0
2014,15159,City of Plymouth - (WI),WI,21,0
2014,15175,Pointe Coupee Elec Member Corp,LA,31,0
2014,15188,Polk County Rural Pub Pwr Dist,NE,36,36
2014,15202,City of Ponca City - (OK),OK,28,0
2014,15211,Pontotoc Electric Power Assn,MS,43,0
2014,15229,City of Poplar Bluff - (MO),MO,25,0
2014,15231,City of Port Angeles - (WA),WA,24,0
2014,15248,Portland General Electric Co,OR,617,3
2014,15257,"Poudre Valley R  E  A, Inc",CO,119,0
2014,15263,The Potomac Edison Company,MD,347,347
2014,15263,The Potomac Edison Company,WV,171,171
2014,15270,Potomac Electric Power Co,DC,781,0
2014,15270,Potomac Electric Power Co,MD,704,0
2014,15291,Prairie Energy Coop,IA,59,0
2014,15293,Powell Valley Electric Coop,TN,21,0
2014,15293,Powell Valley Electric Coop,VA,11,0
2014,15308,Plumas-Sierra Rural Elec Coop,CA,29,1
2014,15308,Plumas-Sierra Rural Elec Coop,NV,1,0
2014,15311,Prague Public Works Authority,OK,4,.
2014,15312,Village of Prairie Du Sac - (WI),WI,10,1
2014,15321,City of Pratt- (KS),KS,12,0
2014,15334,Prentiss County Elec Pwr Assn,MS,28,0
2014,15340,Presque Isle Elec & Gas Coop,MI,70,.
2014,15344,Polk-Burnett Electric Coop,WI,51,.
2014,15349,City of Preston,IA,4,4
2014,15356,Price Electric Coop Inc,WI,16,0
2014,15386,City of Princeton - (KY),KY,9,.
2014,15387,Princeton Public Utils Comm,MN,16,16
2014,15388,City of Princeton - (IL),IL,15,7
2014,15410,Prince George Electric Coop,VA,34,0
2014,15419,PUD No 3 of Mason County,WA,42,.
2014,15444,Provo City Corp,UT,31,0
2014,15462,City of Pryor - (OK),OK,8,8
2014,15466,Public Service Co of Colorado,CO,773,6
2014,15470,Duke Energy Indiana Inc,IN,1203,.
2014,15472,Public Service Co of NH,NH,457,0
2014,15473,Public Service Co of NM,NM,533,269
2014,15474,Public Service Co of Oklahoma,OK,757,13
2014,15477,Public Service Elec & Gas Co,NJ,2829,.
2014,15500,Puget Sound Energy Inc,WA,1094,12
2014,15507,City of Pulaski - (TN),TN,33,0
2014,15541,Borough of Quakertown - (PA),PA,6,0
2014,15566,City of Quincy - (FL),FL,9,0
2014,15619,City of Radford - (VA),VA,30,0
2014,15621,"Radiant Electric Coop, Inc",KS,22,.
2014,15671,Randolph Electric Member Corp,NC,74,59
2014,15672,Ralls County Electric Coop,MO,84,84
2014,15686,Village of Rantoul - (IL),IL,39,39
2014,15700,Rayle Electric Membership Corp,GA,42,0
2014,15746,Red River Valley Rrl Elec Assn,OK,49,49
2014,15748,Town of Reading - (MA),MA,27,24
2014,15750,Redwood Electric Coop,MN,34,.
2014,15776,Reedy Creek Improvement Dist,FL,94,94
2014,15783,City of Redding - (CA),CA,68,68
2014,15793,Redwood Falls Public Util Comm,MN,14,.
2014,15804,Reedsburg Utility Comm,WI,28,28
2014,15811,"Rich Mountain Elec Coop, Inc",AR,20,.
2014,15811,"Rich Mountain Elec Coop, Inc",OK,5,.
2014,15845,Renville-Sibley Coop Pwr Assn,MN,32,.
2014,15846,City of Remsen - (IA),IA,5,.
2014,15860,City of Rensselaer - (IN),IN,8,8
2014,15938,Rice Lake Utilities,WI,6,6
2014,15978,City of Richland Center - (WI),WI,10,0
2014,15979,City of Richland - (WA),WA,68,.
2014,15989,City of Richmond - (IN),IN,74,0
2014,16057,"Rio Grande Electric Coop, Inc",NM,5,.
2014,16057,"Rio Grande Electric Coop, Inc",TX,44,.
2014,16060,Riverland Energy Cooperative,WI,73,0
2014,16063,"Rita Blanca Electric Coop, Inc",TX,41,0
2014,16082,City of River Falls,WI,15,15
2014,16088,City of Riverside - (CA),CA,127,127
2014,16101,Roanoke Electric Member Corp,NC,42,0
2014,16146,"Navasota Valley Elec Coop, Inc",TX,53,0
2014,16164,Roosevelt Public Power Dist,NE,5,0
2014,16179,Rochelle Municipal Utilities,IL,24,6
2014,16181,Rochester Public Utilities,MN,78,44
2014,16183,Rochester Gas & Electric Corp,NY,576,0
2014,16195,City of Rock Hill - (SC),SC,29,.
2014,16196,Rock Energy Cooperative,IL,21,15
2014,16196,Rock Energy Cooperative,WI,33,12
2014,16206,Rock Rapids Municipal Utility,IA,6,.
2014,16213,Rockland Electric Co,NJ,83,0
2014,16217,Village of Rockville Centre - (NY),NY,54,9
2014,16223,City of Rockwood - (TN),TN,18,18
2014,16226,City of Rocky Mount - (NC),NC,45,45
2014,16259,City of Rolla - (MO),MO,47,0
2014,16267,Rolling Hills Electric Coop,KS,93,6
2014,16284,"Roseau Electric Coop, Inc",MN,40,40
2014,16286,Rosebud Electric Coop Inc,SD,25,25
2014,16295,City of Roseville - (CA),CA,99,0
2014,16325,Village of Rouses Point - (NY),NY,14,0
2014,16368,Runestone Electric Assn,MN,58,.
2014,16382,"Rural Electric Coop, Inc",OK,52,0
2014,16416,City of Rupert - (ID),ID,2,2
2014,16420,Rural Electric Conven Coop,IL,28,0
2014,16440,City of Russell - (KS),KS,16,8
2014,16458,City of Russellville - (AL),AL,8,0
2014,16459,City of Russellville - (KY),KY,8,3
2014,16461,"Rusk County Electric Coop, Inc",TX,39,.
2014,16463,City of Ruston - (LA),LA,16,16
2014,16496,Rutherford Elec Member Corp,NC,197,0
2014,16511,Sac-Osage Electric Coop Inc,MO,34,0
2014,16518,City of Sabetha - (KS),KS,11,3
2014,16534,Sacramento Municipal Util Dist,CA,678,118
2014,16549,City of Salamanca - (NY),NY,20,20
2014,16555,Salem Electric - (OR),OR,23,.
2014,16558,City of Salem - (VA),VA,45,.
2014,16561,City of Sallisaw - (OK),OK,8,.
2014,16565,Salmon River Electric Coop Inc,ID,6,6
2014,16572,Salt River Project,AZ,1374,0
2014,16587,Salt River Electric Coop Corp,KY,100,40
2014,16603,"San Luis Valley R E C, Inc",CO,54,0
2014,16604,City of San Antonio - (TX),TX,580,0
2014,16606,"Santee Electric Coop, Inc",SC,132,0
2014,16609,San Diego Gas & Electric Co,CA,1027,599
2014,16611,Access Energy Coop,IA,64,64
2014,16613,Sam Houston Electric Coop Inc,TX,122,.
2014,16616,"San Isabel Electric Assn, Inc",CO,82,0
2014,16622,"San Miguel Power Assn, Inc",CO,41,0
2014,16627,San Patricio Electric Coop Inc,TX,39,38
2014,16628,City of Sanborn - (IA),IA,5,0
2014,16629,Sand Mountain Electric Coop,AL,48,0
2014,16638,"San Bernard Electric Coop, Inc",TX,55,0
2014,16649,Sangre De Cristo Elec Assn Inc,CO,18,0
2014,16655,City of Santa Clara - (CA),CA,147,0
2014,16674,Satilla Rural Elec Member Corporation,GA,82,0
2014,16679,City of Sauk Centre - (MN),MN,4,0
2014,16740,Scenic Rivers Energy Coop,IL,4,.
2014,16740,Scenic Rivers Energy Coop,WI,70,.
2014,16751,Three Rivers Electric Coop,MO,61,0
2014,16759,"Sheridan Electric Coop, Inc",MT,16,0
2014,16759,"Sheridan Electric Coop, Inc",ND,2,0
2014,16778,City of Schuyler - (NE),NE,25,.
2014,16805,SEMO Electric Cooperative,MO,64,0
2014,16829,City of Scottsboro,AL,16,16
2014,16830,City of Scottsburg - (IN),IN,176,0
2014,16851,SE-MA-NO Electric Coop,MO,18,16
2014,16852,City of Seaford- (DE),DE,7,7
2014,16854,"Heartland Rural Elec Coop, Inc",KS,46,.
2014,16865,Sawnee Electric Membership Corporation,GA,202,146
2014,16868,City of Seattle - (WA),WA,233,0
2014,16900,City of Seguin - (TX),TX,18,18
2014,16920,Sedgwick County El Coop Assn Inc,KS,20,.
2014,16921,City of Seneca - (SC),SC,8,0
2014,16922,City of Seneca - (KS),KS,2,.
2014,16930,Sequachee Valley Electric Coop,TN,43,11
2014,16932,City of Sergeant Bluff - (IA),IA,4,.
2014,16949,Sevier County Electric System,TN,77,0
2014,16953,City of Seward - (NE),NE,24,0
2014,16954,Seward County Rrl Pub Pwr Dist,NE,32,0
2014,16955,City of Seward - (AK),AK,5,5
2014,16971,Shakopee Public Utilities Comm,MN,31,.
2014,17008,Sharyland Utilities LP,TX,123,123
2014,17011,Shawano Municipal Utilities,WI,7,0
2014,17028,City of Sheboygan Falls - (WI),WI,15,.
2014,17033,Sheffield Utilities,AL,36,0
2014,17037,City of Shelby - (NC),NC,14,.
2014,17038,RushShelby Energy,IN,40,38
2014,17040,"Shelby Electric Coop, Inc",IL,63,0
2014,17043,City of Shelby - (OH),OH,8,0
2014,17044,"Shelby Energy Co-op, Inc",KY,41,0
2014,17047,City of Shelbyville - (TN),TN,12,0
2014,17066,Shenandoah Valley Elec Coop,VA,132,1
2014,17127,Town of Shrewsbury - (MA),MA,21,17
2014,17141,City of Sibley - (IA),IA,10,0
2014,17149,City of Sidney - (NE),NE,6,0
2014,17166,Sierra Pacific Power Co,NV,432,0
2014,17177,City of Sikeston - (MO),MO,23,16
2014,17184,City of Siloam Springs - (AR),AR,15,0
2014,17252,Singing River Elec Pwr Assn,AL,7,.
2014,17252,Singing River Elec Pwr Assn,MS,165,.
2014,17260,North West Rural Electric Coop,IA,118,.
2014,17261,Slope Electric Coop Inc,ND,55,0
2014,17264,City of Sioux Center,IA,24,.
2014,17265,City of Sioux Falls - (SD),SD,12,0
2014,17267,Sioux Valley SW Elec Coop,MN,25,.
2014,17267,Sioux Valley SW Elec Coop,SD,126,.
2014,17271,City & Borough of Sitka - (AK),AK,7,0
2014,17279,PUD No 1 of Skamania Co,WA,12,0
2014,17290,Slash Pine Elec Member Corp,GA,24,24
2014,17320,Sleepy Eye Public Utility Comm,MN,10,.
2014,17324,Slinger Utilities,WI,9,0
2014,17451,Town of Smithfield - (NC),NC,11,0
2014,17452,City of Smithville - (TN),TN,5,5
2014,17457,Town of Smyrna - (DE),DE,4,0
2014,17470,PUD 1 of Snohomish County,WA,358,277
2014,17492,"Socorro Electric Coop, Inc",NM,21,.
2014,17512,Village of Solvay - (NY),NY,15,.
2014,17534,"South Alabama Elec Coop, Inc",AL,42,.
2014,17539,South Carolina Electric&Gas Company,SC,762,0
2014,17540,"South Central Ark El Coop, Inc",AR,24,.
2014,17543,South Carolina Public Service Authority,SC,275,275
2014,17548,South Central Public Pwr Dist,NE,76,0
2014,17550,South Central Electric Assn,MN,61,0
2014,17560,Town of South Hadley - (MA),MA,5,0
2014,17561,South Plains Electric Coop Inc,TX,162,144
2014,17562,City of South Haven - (MI),MI,8,8
2014,17564,South Kentucky Rural E C C,KY,128,0
2014,17564,South Kentucky Rural E C C,TN,2,0
2014,17565,South Louisiana Elec Coop Assn,LA,37,0
2014,17569,City of South Norwalk - (CT),CT,10,.
2014,17572,South River Elec Member Corp,NC,111,0
2014,17577,City of South Sioux City,NE,19,11
2014,17585,"Southeastern IL Elec Coop, Inc",IL,113,1
2014,17592,Southeast Colorado Power Assn,CO,74,.
2014,17599,Southeastern Indiana R E M C,IN,60,60
2014,17603,Southeastern Electric Coop Inc - (OK),OK,28,27
2014,17609,Southern California Edison Co,CA,4552,7
2014,17612,Bear Valley Electric Service,CA,22,0
2014,17631,Southern Illinois Elec Coop,IL,43,0
2014,17633,Southern Indiana Gas & Elec Co,IN,253,2
2014,17637,Southern Maryland Elec Coop Inc,MD,242,0
2014,17642,Southern Public Power District,NE,219,.
2014,17643,"Southern Iowa Elec Coop, Inc",IA,31,.
2014,17646,"Southern Pine Elec Coop, Inc",AL,34,0
2014,17647,Southern Pine Elec Power Assn,MS,130,0
2014,17671,Southwest Arkansas E C C,AR,93,93
2014,17671,Southwest Arkansas E C C,OK,2,2
2014,17671,Southwest Arkansas E C C,TX,5,5
2014,17681,Southwest Rural Elec Assn Inc,OK,16,0
2014,17681,Southwest Rural Elec Assn Inc,TX,16,0
2014,17683,Southwest Mississippi E P A,MS,67,0
2014,17684,Southwest Louisiana E M C,LA,158,158
2014,17692,Southwest Public Power Dist,NE,77,.
2014,17693,"Southwest Texas Elec Coop, Inc",TX,40,0
2014,17694,Southwest Tennessee E M C,TN,78,0
2014,17697,Southwestern Electric Coop Inc - (IL),IL,84,0
2014,17698,Southwestern Electric Power Co,AR,139,0
2014,17698,Southwestern Electric Power Co,LA,318,0
2014,17698,Southwestern Electric Power Co,TX,281,0
2014,17715,Southwestern Electric Coop Inc - (NM),CO,1,0
2014,17715,Southwestern Electric Coop Inc - (NM),NM,9,0
2014,17715,Southwestern Electric Coop Inc - (NM),OK,1,0
2014,17715,Southwestern Electric Coop Inc - (NM),TX,1,0
2014,17718,Southwestern Public Service Co,NM,174,.
2014,17718,Southwestern Public Service Co,TX,474,.
2014,17732,Spanish Fork City Corporation,UT,17,.
2014,17740,City of Sparta,TN,3,0
2014,17783,City of Spencer - (IA),IA,30,6
2014,17826,"Springer Electric Coop, Inc",NM,16,0
2014,17828,City of Springfield - (IL),IL,114,114
2014,17829,City of Springfield - (TN),TN,13,0
2014,17832,Snapping Shoals El Member Corp,GA,98,93
2014,17833,City Utilities of Springfield - (MO),MO,157,0
2014,17839,City of Springfield - (OR),OR,37,.
2014,17845,City of Springville - (UT),UT,22,0
2014,17860,City of St Charles - (IL),IL,49,0
2014,17868,St Croix Electric Coop,WI,64,.
2014,17874,City of St George,UT,52,52
2014,17876,City of St James - (MN),MN,7,5
2014,17891,City of St Marys - (OH),OH,4,0
2014,17896,City of Shasta Lake - (CA),CA,8,6
2014,17899,City of St Paul - (NE),NE,2,2
2014,17900,City of Saint Peter,MN,12,.
2014,17979,Stanton County Public Pwr Dist,NE,29,0
2014,17983,City of Staples- (MN),MN,9,.
2014,18004,City of Starke - (FL),FL,7,7
2014,18006,City of Starkville,MS,16,0
2014,18019,Stearns Cooperative Elec Assn,MN,116,57
2014,18022,City of Statesville - (NC),NC,36,36
2014,18047,Steele-Waseca Cooperative Electric,MN,55,24
2014,18051,Town of Steilacoom,WA,4,0
2014,18085,South Central Power Company,OH,205,0
2014,18087,Town of Sterling - (MA),MA,4,4
2014,18100,Steuben County Rural E M C,IN,25,.
2014,18102,"Steuben Rural Elec Coop, Inc",NY,16,0
2014,18125,Stillwater Utilities Authority,OK,31,.
2014,18126,City of Stilwell - (OK),OK,8,8
2014,18177,City of Story City - (IA),IA,5,0
2014,18181,City of Stoughton - (WI),WI,15,0
2014,18199,"Swisher Electric Coop, Inc",TX,58,58
2014,18203,Tallapoosa River Elec Coop Inc,AL,71,2
2014,18206,Strawberry Electric Serv Dist,UT,17,6
2014,18249,City of Sturgeon Bay - (WI),WI,18,0
2014,18252,City of Sturgis,MI,20,0
2014,18260,Surprise Valley Electrification,CA,34,0
2014,18260,Surprise Valley Electrification,NV,1,0
2014,18260,Surprise Valley Electrification,OR,15,0
2014,18273,City of Sullivan - (MO),MO,8,.
2014,18280,Sulphur Springs Valley E C Inc,AZ,83,0
2014,18304,"Sumter Electric Coop, Inc",FL,186,0
2014,18305,Sumter Electric Member Corp,GA,62,43
2014,18312,Sun Prairie Utilities,WI,22,22
2014,18316,"Sumner-Cowley Elec Coop, Inc",KS,31,0
2014,18330,City of Superior - (NE),NE,8,8
2014,18336,Superior Water and Light Co,WI,17,0
2014,18339,Surry-Yadkin Elec Member Corp,NC,70,0
2014,18360,Suwannee Valley Elec Coop Inc,FL,39,0
2014,18371,Village of Swanton - (VT),VT,7,4
2014,18383,Taylor Electric Coop - (WI),WI,48,0
2014,18384,City of Sweetwater,TN,13,0
2014,18395,Sylacauga Utilities Board,AL,24,.
2014,18397,City of Sylvania - (GA),GA,5,1
2014,18401,"Sun River Electric Coop, Inc",MT,41,0
2014,18408,City of Syracuse - (NE),NE,1,0
2014,18429,City of Tacoma  - (WA),WA,178,13
2014,18433,Tahlequah Public Works Authority,OK,16,0
2014,18445,City of Tallahassee - (FL),FL,254,0
2014,18446,T I P Rural Electric Coop,IA,21,0
2014,18447,Tallahatchie Valley E P A,MS,53,0
2014,18448,Tanner Electric Coop,WA,8,0
2014,18449,"Talquin Electric Coop, Inc",FL,89,0
2014,18454,Tampa Electric Co,FL,769,769
2014,18466,Town of Tarboro - (NC),NC,27,0
2014,18472,City of Tarrant,AL,9,0
2014,18488,City of Taunton,MA,50,0
2014,18498,Taylor County Rural E C C,KY,63,0
2014,18499,Three Notch Elec Member Corp,GA,37,.
2014,18525,City of Tecumseh,NE,2,0
2014,18538,City of Tell City - (IN),IN,10,10
2014,18642,Tennessee Valley Authority,KY,6,0
2014,18642,Tennessee Valley Authority,NC,1,0
2014,18643,Tennessee Valley Electric Coop,TN,25,0
2014,18820,City of Thief River Falls,MN,18,.
2014,18847,City of Thomaston - (GA),GA,9,9
2014,18848,City of Thomasville - (GA),GA,40,.
2014,18895,Thumb Electric Coop of Mich,MI,39,.
2014,18917,Tillamook Peoples Utility Dist,OR,31,0
2014,18940,Tipmont Rural Elec Member Corp,IN,62,3
2014,18941,City of Tipp City - (OH),OH,12,9
2014,18942,Tipton Municipal Electric Util,IN,5,.
2014,18943,Tippah Electric Power Assn,MS,17,0
2014,18947,City of Tipton - (IA),IA,3,0
2014,18951,Tishomingo County E P A,MS,28,0
2014,18955,"Tri-County Electric Coop, Inc",IL,86,86
2014,18956,Tri-County Elec Member Corp,GA,35,.
2014,18957,Tri-County Elec Member Corp,NC,55,0
2014,18961,Twin County Electric Pwr Assn,MS,43,39
2014,18962,Twin Valley Electric Coop Inc,KS,8,.
2014,18976,Trinity Valley Elec Coop Inc,TX,109,0
2014,18997,The Toledo Edison Co,OH,248,239
2014,19007,Tombigbee Electric Power Assn,MS,81,0
2014,19022,Tongue River Electric Coop Inc,MT,39,0
2014,19027,"Tombigbee Electric Coop, Inc",AL,30,6
2014,19032,City of Torrington - (WY),WY,16,.
2014,19060,"Traverse Electric Coop, Inc",MN,22,0
2014,19060,"Traverse Electric Coop, Inc",ND,6,0
2014,19060,"Traverse Electric Coop, Inc",SD,9,0
2014,19108,Tideland Electric Member Corp,NC,39,0
2014,19125,City of Traverse City - (MI),MI,23,23
2014,19149,City of Trenton - (TN),TN,7,0
2014,19150,Trenton Municipal Utilities - (MO),MO,17,.
2014,19154,Tri-State Electric Member Corp,GA,13,0
2014,19154,Tri-State Electric Member Corp,NC,2,0
2014,19154,Tri-State Electric Member Corp,TN,5,0
2014,19156,Powder River Energy Corp,MT,2,0
2014,19156,Powder River Energy Corp,WY,112,0
2014,19157,Tri-County Electric Coop,IA,10,0
2014,19157,Tri-County Electric Coop,MN,68,0
2014,19158,Tri-County Electric Coop Assn,MO,25,25
2014,19159,"Tri-County Electric Coop, Inc",TX,129,0
2014,19160,"Tri-County Electric Coop, Inc",CO,2,0
2014,19160,"Tri-County Electric Coop, Inc",KS,4,0
2014,19160,"Tri-County Electric Coop, Inc",NM,1,0
2014,19160,"Tri-County Electric Coop, Inc",OK,116,0
2014,19160,"Tri-County Electric Coop, Inc",TX,2,0
2014,19161,"Tri-County Electric Coop, Inc",FL,50,0
2014,19162,Tri-County Elec Member Corp,KY,38,0
2014,19162,Tri-County Elec Member Corp,TN,35,0
2014,19189,Trico Electric Cooperative Inc,AZ,67,33
2014,19219,Diverse Power Incorporated,AL,2,2
2014,19219,Diverse Power Incorporated,GA,62,62
2014,19225,City of Troy - (AL),AL,21,0
2014,19229,Truckee Donner P U D,CA,17,17
2014,19266,Tullahoma Board-Public Utils,TN,12,0
2014,19273,City of Tupelo - (MS),MS,45,35
2014,19277,TDX North Slope Generating Co,AK,14,0
2014,19281,Turlock Irrigation District,CA,107,0
2014,19293,Southeastern Electric Coop Inc - (SD),SD,117,0
2014,19307,City of Tuscumbia,AL,3,0
2014,19308,City of Tuskegee,AL,16,.
2014,19324,Two Rivers Water & Light,WI,10,9
2014,19325,Umatilla Electric Coop Assn,OR,112,0
2014,19390,"UGI Utilities, Inc",PA,45,0
2014,19396,Tri-County Electric Coop,MI,62,0
2014,19397,City of Ukiah - (CA),CA,7,.
2014,19430,City of Union City,TN,20,18
2014,19431,City of Union - (SC),SC,11,11
2014,19435,Union Electric Membership Corp - (NC),NC,132,.
2014,19436,Union Electric Co - (MO),MO,2200,300
2014,19437,Western Iowa Power Coop,IA,54,54
2014,19445,"Southern Indiana R E C, Inc",IN,27,0
2014,19446,Duke Energy Kentucky,KY,132,.
2014,19454,City of Unalaska - (AK),AK,7,.
2014,19490,United Electric Coop Service Inc - (TX),TX,180,.
2014,19493,Union County Electric Coop Inc,SD,20,0
2014,19497,United Illuminating Co,CT,347,0
2014,19499,"United Power, Inc",CO,127,.
2014,19501,"Union Rural Electric Coop, Inc",OH,16,0
2014,19502,"United Electric Co-op, Inc - (ID)",ID,16,.
2014,19545,Black Hills Power Inc,MT,1,0
2014,19545,Black Hills Power Inc,SD,139,0
2014,19545,Black Hills Power Inc,WY,6,0
2014,19547,Hawaiian Electric Co Inc,HI,416,167
2014,19558,Homer Electric Assn Inc,AK,34,0
2014,19574,Upper Cumberland E M C,TN,56,0
2014,19578,Upper Peninsula Power Co,MI,97,.
2014,19579,Upshur Rural Elec Coop Corp,TX,114,0
2014,19581,Upson Elec Member Corp,GA,14,.
2014,19603,USBIA-Mission Valley Power,MT,53,0
2014,19604,USBIA-San Carlos Project,AZ,42,.
2014,19667,Utilities Dist-Western IN REMC,IN,42,0
2014,19677,City of Valentine - (NE),NE,12,.
2014,19687,City of Valley City,ND,9,0
2014,19728,"UNS Electric, Inc",AZ,109,0
2014,19784,Vera Irrigation District #15,WA,11,0
2014,19785,Verdigris Valley Elec Coop Inc,OK,69,.
2014,19788,City of Vermillion - (SD),SD,6,6
2014,19790,Verendrye Electric Coop Inc,ND,102,102
2014,19791,"Vermont Electric Cooperative, Inc",VT,76,0
2014,19798,City of Vernon,CA,58,.
2014,19804,City of Vero Beach - (FL),FL,44,0
2014,19806,"Victoria Electric Coop, Inc",TX,55,0
2014,19813,Vernon Electric Coop,WI,54,0
2014,19820,Victory Electric Coop Assn Inc,KS,98,2
2014,19840,"Valley Electric Assn, Inc",CA,1,0
2014,19840,"Valley Electric Assn, Inc",NV,30,.
2014,19856,City of Vineland - (NJ),NJ,38,0
2014,19865,City of Vinton - (IA),IA,16,0
2014,19876,Virginia Electric & Power Co,NC,99,0
2014,19876,Virginia Electric & Power Co,VA,1622,0
2014,19882,Virginia Tech Electric Service,VA,33,0
2014,19883,City of Virginia - (MN),MN,8,0
2014,19896,City of Volga - (SD),SD,6,0
2014,19898,Volunteer Electric Coop,TN,114,0
2014,19947,City of Wadena - (MN),MN,16,0
2014,19951,City of Wadsworth - (OH),OH,17,17
2014,19968,City of Wahoo - (NE),NE,10,.
2014,19974,Town of Wake Forest - (NC),NC,6,6
2014,19979,Town of Wakefield - (MA),MA,8,0
2014,19980,City of Wakefield - (NE),NE,4,4
2014,19981,Wake Electric Membership Corp,NC,74,22
2014,20038,Town of Wallingford - (CT),CT,25,0
2014,20065,Walton Electric Member Corp,GA,85,0
2014,20069,City of Wamego - (KS),KS,8,7
2014,20077,City of Wapakoneta - (OH),OH,17,.
2014,20130,Warren Rural Elec Coop Corp,KY,134,0
2014,20134,City of Warroad,MN,5,0
2014,20135,City of Washington - (UT),UT,15,6
2014,20136,City of Waseca - (MN),MN,5,.
2014,20138,"Wasco Electric Coop, Inc",OR,25,0
2014,20139,City of Washington - (IN),IN,8,8
2014,20140,City of Washington - (GA),GA,8,.
2014,20142,City of Washington - (NC),NC,28,0
2014,20146,Washington Elec Member Corp,GA,40,40
2014,20150,Washington Electric Coop - (OH),OH,26,0
2014,20151,Washington Electric Coop - (VT),VT,21,0
2014,20163,Wagoner Public Works Authority,OK,15,0
2014,20169,Avista Corp,ID,119,4
2014,20169,Avista Corp,MT,1,0
2014,20169,Avista Corp,WA,220,74
2014,20176,City of Water Valley - (MS),MS,6,2
2014,20182,Waterloo Light & Water Comm,WI,9,0
2014,20187,Watertown Municipal Utilities,SD,22,.
2014,20211,Village of Waunakee - (WI),WI,16,0
2014,20213,Waupun Utilities,WI,18,0
2014,20214,Waverly Municipal Elec Utility,IA,15,.
2014,20216,Whitewater Valley Rural EMC,IN,38,.
2014,20219,City of Wayne,NE,9,5
2014,20222,Wayne-White Counties Elec Coop,IL,67,0
2014,20228,Weakley County Mun Elec Sys,TN,33,0
2014,20230,Weatherford Mun Utility System,TX,20,0
2014,20259,City of Webster City - (IA),IA,12,.
2014,20310,Town of Wellesley - (MA),MA,34,12
2014,20315,City of Wellington - (KS),KS,7,.
2014,20318,Webster Electric Coop,MO,48,12
2014,20332,Wells Rural Electric Co,NV,35,.
2014,20332,Wells Rural Electric Co,UT,1,.
2014,20334,Wellsborough Electric Co,PA,8,0
2014,20363,West Central Electric Coop Inc - (MO),MO,46,24
2014,20368,West Central Electric Coop Inc - (SD),SD,56,0
2014,20371,"West Florida El Coop Assn, Inc",FL,34,34
2014,20377,West Kentucky Rural E C C,KY,51,0
2014,20380,City of West Liberty - (IA),IA,4,3
2014,20382,City of West Memphis - (AR),AR,16,0
2014,20387,West Penn Power Company,PA,836,836
2014,20392,City of West Plains - (MO),MO,27,27
2014,20394,City of West Point - (MS),MS,7,7
2014,20397,City of West Point - (NE),NE,12,12
2014,20401,West River Electric Assn Inc,SD,42,6
2014,20404,AEP Texas North Company,TX,534,0
2014,20413,Mountrail-Williams Elec Coop,ND,180,0
2014,20422,Whetstone Valley Elec Coop Inc,SD,6,.
2014,20434,City of Westby,WI,4,0
2014,20455,Western Massachusetts Electric Company,MA,226,0
2014,20456,Twin Valleys Public Power Dist,NE,52,0
2014,20472,"Wharton County Elec Coop, Inc",TX,38,0
2014,20476,Western Coop Electric Assn Inc,KS,77,.
2014,20477,City of Westerville - (OH),OH,27,.
2014,20481,City of Westfield - (MA),MA,14,0
2014,20509,Wheat Belt Public Power Dist,NE,60,0
2014,20510,"Wheatland Electric Coop, Inc",CO,3,.
2014,20510,"Wheatland Electric Coop, Inc",KS,116,.
2014,20521,Wheeling Power Co,WV,53,0
2014,20574,White River Valley El Coop Inc,MO,110,8
2014,20576,"White River Electric Assn, Inc",CO,29,3
2014,20583,Whitehall Electric Utility,WI,7,0
2014,20603,Northeastern Rural E M C,IN,75,.
2014,20639,"Wild Rice Electric Coop, Inc",MN,60,.
2014,20737,Willmar Municipal Utilities,MN,19,10
2014,20785,City of Wilson,NC,98,98
2014,20789,City of Wilton,IA,9,5
2014,20793,City of Winchester - (TN),TN,9,0
2014,20806,City of Windom,MN,8,0
2014,20813,City of Winfield - (KS),KS,21,.
2014,20823,Winner Municipal Utility,SD,1,0
2014,20824,Village of Winnetka - (IL),IL,13,0
2014,20835,City of Winterset - (IA),IA,12,0
2014,20837,City of Winthrop - (MN),MN,12,6
2014,20841,"Wiregrass Electric Coop, Inc",AL,51,0
2014,20847,Wisconsin Electric Power Co,MI,50,0
2014,20847,Wisconsin Electric Power Co,WI,1694,0
2014,20856,Wisconsin Power & Light Co,WI,1005,332
2014,20860,Wisconsin Public Service Corp,MI,10,.
2014,20860,Wisconsin Public Service Corp,WI,175,.
2014,20862,Wisconsin Rapids W W & L Comm,WI,16,16
2014,20885,Withlacoochee River Elec Coop,FL,186,0
2014,20913,Town of Wolfeboro - (NH),NH,4,4
2014,20927,"Wood County Electric Coop, Inc",TX,93,.
2014,20948,Wise Electric Coop Inc,TX,62,62
2014,20951,Woodbury County Rural E C A,IA,28,0
2014,20963,Woodruff Electric Coop Corp,AR,86,0
2014,20996,Wright-Hennepin Coop Elec Assn,MN,117,117
2014,20997,Yellowstone Valley Elec Co-op,MT,80,80
2014,21002,York Electric Coop Inc,SC,89,.
2014,21013,City of Worthington - (MN),MN,13,0
2014,21015,City of Wrangell - (AK),AK,4,.
2014,21048,Wyandotte Municipal Serv Comm,MI,21,0
2014,21075,Y-W Electric Assn Inc,CO,89,0
2014,21075,Y-W Electric Assn Inc,NE,1,0
2014,21079,Wyrulec Company,NE,8,8
2014,21079,Wyrulec Company,WY,36,18
2014,21081,Yampa Valley Electric Assn Inc,CO,52,.
2014,21081,Yampa Valley Electric Assn Inc,WY,3,.
2014,21095,Public Serv Comm of Yazoo City,MS,10,10
2014,21101,Village of Yellow Springs - (OH),OH,2,2
2014,21111,Perennial Public Power Dist,NE,72,0
2014,21114,Yazoo Valley Elec Power Assn,MS,19,.
2014,21158,City of Zeeland - (MI),MI,24,0
2014,21244,"Southside Electric Coop, Inc",VA,126,0
2014,21513,"Fergus Electric Coop, Inc",MT,78,.
2014,21526,City of Laurens - (SC),SC,9,0
2014,21538,"Mohave Electric Cooperative, I",AZ,51,0
2014,21567,"Washington-St Tammany E C, Inc",LA,102,.
2014,21632,EnergyUnited Elec Member Corp,NC,236,.
2014,22053,Kentucky Power Co,KY,216,22
2014,22500,Westar Energy Inc,KS,898,24
2014,22646,"United Electric Coop, Inc - (MO)",IA,7,0
2014,22646,"United Electric Coop, Inc - (MO)",MO,66,0
2014,22690,Roosevelt County Elec Coop Inc,NM,40,40
2014,22814,Raft Rural Elec Coop Inc,ID,30,.
2014,22814,Raft Rural Elec Coop Inc,NV,5,.
2014,22814,Raft Rural Elec Coop Inc,UT,9,.
2014,22815,Delta Electric Power Assn,MS,66,0
2014,22822,Clark County Rural E M C - (IN),IN,42,0
2014,23326,"Sierra Electric Coop, Inc",NM,6,.
2014,23586,"Vigilante Electric Coop, Inc",ID,1,0
2014,23586,"Vigilante Electric Coop, Inc",MT,46,0
2014,23826,Bluestem Electric Coop Inc,KS,30,30
2014,24211,Tucson Electric Power Co,AZ,420,0
2014,24558,City of Escanaba,MI,7,1
2014,24590,Unitil Energy Systems,NH,103,62
2014,24753,Boone County Rural EMC,IN,44,.
2014,24889,Brunswick Electric Member Corp,NC,126,85
2014,24949,Cass County Elec Coop Inc,ND,39,10
2014,25060,Wellton-Mohawk Irr & Drain Dist,AZ,27,.
2014,25177,Dakota Electric Association,MN,162,0
2014,25295,Western Indiana Energy REMC,IN,71,0
2014,25866,Ak-Chin Electric Utility Authority,AZ,4,0
2014,26218,Little Ocmulgee El Member Corp,GA,32,32
2014,26510,Liberty Utilities (Granite State Electric) Corp,NH,38,0
2014,26616,North Slope Borough Power & Light,AK,19,.
2014,26765,Pella Cooperative Elec Assn,IA,22,0
2014,26916,"Ravalli County Elec Coop, Inc",MT,19,0
2014,26934,"Red Lake Electric Coop, Inc",MN,34,.
2014,26939,Red River Valley Coop Pwr Assn,MN,43,32
2014,27000,WAPA-- Western Area Power Administration,AZ,8,0
2014,27000,WAPA-- Western Area Power Administration,MT,2,0
2014,27000,WAPA-- Western Area Power Administration,WY,8,0
2014,27058,"High West Energy, Inc",CO,1,1
2014,27058,"High West Energy, Inc",NE,1,1
2014,27058,"High West Energy, Inc",WY,1,1
2014,27222,City of Ripley - (TN),TN,9,8
2014,27238,"Southwest Electric Coop, Inc",MO,94,0
2014,27316,Town of Stowe- (VT),VT,7,0
2014,27369,Taylor Electric Coop Inc - (TX),TX,55,51
2014,27422,Todd-Wadena Electric Coop,MN,58,0
2014,27599,Carroll-White REMC,IN,48,48
2014,28541,Clatskanie Peoples Util Dist,OR,10,0
2014,28604,Kerrville Public Utility Board,TX,28,0
2014,28978,City of San Marcos - (TX),TX,21,0
2014,30517,"Pioneer Electric Coop, Inc - (AL)",AL,39,0
2014,30518,Electrical Dist No3 Pinal County,AZ,42,.
2014,31833,Okefenoke Rural El Member Corp,FL,6,5
2014,31833,Okefenoke Rural El Member Corp,GA,51,26
2014,36189,"Mid-Ohio Energy Coop, Inc",OH,31,.
2014,38084,Great Lakes Energy Coop,MI,245,0
2014,40036,Westfield Electric Company,WI,1,.
2014,40051,Texas-New Mexico Power Co,TX,304,0
2014,40127,Clarke-Washington E M C,AL,41,.
2014,40165,"Dixie Escalante R E A, Inc",AZ,6,0
2014,40165,"Dixie Escalante R E A, Inc",UT,50,0
2014,40166,"Chickasaw Electric Coop, Inc",TN,48,0
2014,40167,"Somerset Rural Elec Coop, Inc",PA,16,.
2014,40208,"Ark Valley Elec Coop Assn, Inc",KS,15,.
2014,40212,Colquitt Electric Membership Corp,GA,104,104
2014,40215,"Cordova Electric Coop, Inc",AK,8,0
2014,40219,"United Electric Coop, Inc - (PA)",PA,51,51
2014,40220,Adams Electric Cooperative Inc,PA,63,.
2014,40221,"Bedford Rural Elec Coop, Inc",PA,28,.
2014,40222,Valley Rural Electric Coop Inc,PA,59,.
2014,40224,"Central Electric Coop, Inc - (PA)",PA,48,.
2014,40228,Rappahannock Electric Coop,VA,315,5
2014,40236,"Forked Deer Electric Coop, Inc",TN,23,0
2014,40289,Claverack Rural Elec Coop Inc,PA,49,.
2014,40290,Tri-County Rural Elec Coop Inc,PA,43,.
2014,40292,REA Energy Coop Inc,PA,67,.
2014,40293,"Northwestern Rural E C A, Inc - (PA)",PA,39,6
2014,40299,Sussex Rural Electric Coop Inc,NJ,16,16
2014,40302,North East Mississippi EPA,MS,39,0
2014,40303,Monroe County Elec Power Assn,MS,22,0
2014,40304,Minnesota Valley Coop L&P Assn,MN,58,58
2014,40305,Hickman-Fulton Counties RECC,KY,6,0
2014,40305,Hickman-Fulton Counties RECC,TN,2,0
2014,40364,City of Courtland,AL,2,0
2014,40437,Emerald People's Utility Dist,OR,19,0
2014,40438,Columbia River Peoples Ut Dist,OR,21,0
2014,40441,Town of Murphy - (NC),NC,8,0
2014,40456,PUD No 1 of Whatcom County,WA,1,1
2014,40606,City of Grand Island - (NE),NE,47,0
2014,44372,Oncor Electric Delivery Company LLC,TX,2944,2944
2014,49826,Mohegan Tribal Utility Authority,CT,15,0
2014,49986,Southwest Iowa Rural Elec Coop,IA,15,0
2014,49998,City of Berea Municipal Utility,KY,9,1
2014,54913,NSTAR Electric Company,MA,1990,523
2014,55787,City of Moreno Valley - (CA),CA,14,0
2014,55936,Entergy Gulf States - LA LLC,LA,541,0
2014,55937,Entergy Texas Inc.,TX,484,0
2014,55959,Roughrider Electric Cooperativ,ND,117,.
2014,55962,City of Victorville - (CA),CA,3,0
2014,55982,Heart of Texas Electric Coop,TX,61,.
2014,56146,Black Hills/Colorado Elec.Util,CO,117,0
2014,56697,Ameren Illinois Company,IL,2503,.
2014,57483,Liberty Utilities,CA,42,0
2014,58123,Aha Macav Power Service,AZ,12,0
2014,58124,City of Winter Park - (FL),FL,16,0
2014,58125,Hercules Municipal Utility,CA,16,.
2014,58126,Pittsburg Power Company,CA,84,0
2014,58139,Town of Pickstown - (SD),SD,2,.
2014,59013,PUD No 1 of Jefferson County,WA,21,21
2014,59505,Heartland REMC,IN,72,.
