Utility Characteristics,,,,,,Number of,,,,,Types of Program,,,,,,,,,,,,,,,,,,,
,,,,,,Customers Enrolled,,,,,Time of Use Pricing,,,,Real Time Pricing,,,,Variable Peak Pricing,,,,Critical Peak Pricing,,,,Critical Peak Rebate,,,
Data Year,Utility Number,Utility Name,Short Form,State,BA Code,Residential,Commercial,Industrial,Transportation,Total,Residential,Commercial,Industrial,Transportation,Residential,Commercial,Industrial,Transportation,Residential,Commercial,Industrial,Transportation,Residential,Commercial,Industrial,Transportation,Residential,Commercial,Industrial,Transportation
2022,55,City of Aberdeen - (MS),,MS,TVA,0,19,1,0,20,,Y,Y,,,,,,,,,,,,,,,,,
2022,84,A & N Electric Coop,,VA,PJM,2,5,0,0,7,Y,Y,,,,,,,,,,,,,,,,,,
2022,97,Adams Electric Coop,Y,IL,MISO,51,11,.,.,62,,,,,,,,,,,,,,,,,,,,
2022,108,Adams-Columbia Electric Coop,,WI,MISO,831,"1,053",24,.,"1,908",Y,Y,Y,,,,,,,,,,,Y,Y,,,,Y,
2022,162,Aiken Electric Coop Inc,,SC,SC,2,70,0,0,72,Y,Y,,,,,,,,,,,,,,,,,,
2022,195,Alabama Power Co,,AL,SOCO,"2,602","4,459","1,094",.,"8,155",Y,Y,Y,,,,Y,,,,,,Y,,,,,,,
2022,213,Alaska Electric Light & Power Co.,,AK,NA,42,4,.,.,46,Y,Y,,,,,,,,,,,,,,,,,,
2022,240,Albemarle Electric Member Corp,,NC,PJM,33,8,.,.,41,Y,Y,,,,,,,,,,,,,,,,,,
2022,241,Albertville Municipal Utilities Board,,AL,TVA,0,0,3,0,3,,,Y,,,,,,,,,,,,,,,,,
2022,276,Alcorn County Elec Power Assn,,MS,TVA,0,1,4,0,5,,Y,Y,,,,,,,,,,,,,,,,,
2022,307,Algoma Utility Comm,,WI,MISO,3,27,1,0,31,Y,Y,Y,,,,,,,,,,,,,,,,,
2022,407,Altamaha Electric Member Corp,,GA,SOCO,.,.,231,.,231,,,Y,,,,,,,,,,,,,,,,,
2022,540,BP Energy Company,,TX,ERCO,.,.,1,.,1,,,,,,,Y,,,,,,,,,,,,,
2022,554,City of Ames - (IA),,IA,MISO,.,.,1,.,1,,,Y,,,,,,,,,,,,,,,,,
2022,571,City of Amory,,MS,TVA,0,0,1,0,1,,,Y,,,,,,,,,,,,,,,,,
2022,590,City of Anaheim - (CA),,CA,CISO,"1,982",151,32,.,"2,165",Y,Y,Y,Y,,,,,,,,,,,,,,,,
2022,636,City of Anderson - (IN),,IN,PJM,.,.,1,.,1,,,Y,,,,,,,,,,,,,,,,,
2022,689,Connexus Energy,,MN,MISO,"15,513",149,19,.,"15,681",Y,Y,Y,,,,,,,,,,,Y,Y,,Y,,,
2022,719,Town of Apex- (NC),,NC,CPLE,44,126,.,.,170,Y,Y,,,,,,,,,,,,Y,,,,,,
2022,727,Appalachian Electric Coop,,TN,TVA,0,0,1,0,1,,,Y,,,,,,,,,,,,,,,,,
2022,733,Appalachian Power Co,,VA,PJM,"1,336",588,20,0,"1,944",Y,Y,Y,,,,,,,,,,,,,,,,,
2022,733,Appalachian Power Co,,WV,PJM,328,724,6,0,"1,058",Y,Y,Y,,,,,,,,,,,,,,,,,
2022,750,Arab Electric Coop Inc,,AL,TVA,0,1,1,0,2,,Y,Y,,,,,,,,,,,,,,,,,
2022,803,Arizona Public Service Co,,AZ,AZPS,"736,606","1,064",28,0,"737,698",Y,Y,Y,,,,,,,,,,Y,,,,Y,,,
2022,814,Entergy Arkansas LLC,,AR,MISO,345,472,290,.,"1,107",Y,Y,Y,,,,,,,,,,,,,,Y,,,
2022,887,"Arrowhead Electric Coop, Inc",Y,MN,MISO,.,2,.,.,2,,,,,,,,,,,,,,,,,,,,
2022,944,City of Athens - (AL),,AL,TVA,0,4,5,0,9,,Y,Y,,,,,,,,,,,,,,,,,
2022,947,Athens Utility Board,,TN,TVA,0,0,6,0,6,,,Y,,,,,,,,,,,,,,,,,
2022,970,Homefield Energy,,IL,MISO,.,56,.,.,56,,,,,,Y,,,,,,,,,,,,,,
2022,1009,City of Austin - (MN),,MN,MISO,.,9,.,.,9,,Y,,,,,,,,,,,,,,,,,,
2022,1015,Austin Energy,,TX,ERCO,79,9,6,.,94,Y,Y,Y,,,,,,,,,,,,,,,,,
2022,1036,Town of Ayden - (NC),Y,NC,CPLE,.,.,1,.,1,,,,,,,,,,,,,,,,,,,,
2022,1050,City of Azusa,,CA,CISO,296,5,28,.,329,Y,Y,Y,,,,,,,,,,,,,,,,,
2022,1167,Baltimore Gas & Electric Co,,MD,PJM,"1,160,020",0,0,0,"1,160,020",,,,,,,,,,,,,,,,,Y,,,
2022,1175,"Bandera Electric Coop, Inc",,TX,ERCO,"1,193",.,.,.,"1,193",Y,,,,,,,,,,,,,,,,,,,
2022,1181,Village of Bangor - (WI),Y,WI,MISO,1,.,.,.,1,,,,,,,,,,,,,,,,,,,,
2022,1251,Barron Electric Coop,,WI,MISO,.,6,11,.,17,,Y,Y,,,,,,,,,,,Y,Y,,,,,
2022,1278,City of Barron - (WI),Y,WI,MISO,3,0,1,0,4,,,,,,,,,,,,,,,,,,,,
2022,1283,Bartholomew County Rural E M C,,IN,MISO,250,0,9,.,259,Y,,Y,,,,,,,,,,,,,,,,,
2022,1366,City of Bay City - (MI),,MI,MISO,13,19,8,0,40,Y,Y,Y,Y,,,,,,,,,,,,,,,,
2022,1417,"Beartooth Electric Coop, Inc",Y,MT,NWMT,"5,641",519,1,.,"6,161",,,,,,,,,,,,,,,,,,,,
2022,1417,"Beartooth Electric Coop, Inc",Y,WY,NWMT,447,85,.,.,532,,,,,,,,,,,,,,,,,,,,
2022,1522,Village of Belmont - (WI),Y,WI,MISO,.,.,9,.,9,,,,,,,,,,,,,,,,,,,,
2022,1523,Town of Belmont - (MA),Y,MA,ISNE,146,.,.,.,146,,,,,,,,,,,,,,,,,,,,
2022,1529,"Beltrami Electric Coop, Inc",,MN,MISO,.,22,.,.,22,,,,,,,,,,,,,,Y,,,,,,
2022,1578,Benton County,,TN,TVA,0,"1,767",1,0,"1,768",,Y,Y,,,,,,,,,,,,,,,,,
2022,1591,"Big Country Electric Coop, Inc",,TX,ERCO,.,.,12,.,12,,,Y,,,,,,,,,,,,,,,,,
2022,1613,Berkeley Electric Coop Inc,,SC,SC,184,148,9,0,341,Y,Y,Y,,,,,,,,,,,,,,,,,
2022,1675,Big Horn Rural Electric Co,Y,WY,WACM,2,3,.,.,5,,,,,,,,,,,,,,,,,,,,
2022,1769,"Black Hills Electric Coop, Inc",,SD,SWPP,"5,583","1,528",94,.,"7,205",Y,Y,Y,,,,,,,,,,,,,,,,,
2022,1776,City of Black River Falls,,WI,MISO,70,73,0,0,143,Y,Y,,,,,,,,,,,,,,,,,,
2022,1866,Bloomer Electric & Water Co,Y,WI,MISO,0,2,9,.,11,,,,,,,,,,,,,,,,,,,,
2022,1884,BENCO Electric Cooperative,,MN,MISO,16,.,1,.,17,Y,,Y,,,,,,,,,,,,,,,,,
2022,1886,Blue Grass Energy Coop Corp,,KY,PJM,20,46,.,.,66,Y,Y,,,,,,,,,,,,,,,,,,
2022,1889,Blue Ridge Elec Member Corp - (NC),,NC,DUK,44,10,.,.,54,Y,Y,,,,,,,,,,,,,,,,,,
2022,1997,City of Boscobel - (WI),,WI,MISO,0,8,0,0,8,,Y,,,,,,,,,,,,,,,,,,
2022,2001,Boone Electric Coop,,MO,AECI,91,8,1,.,100,Y,,,,,,,,,,,,,Y,Y,,,,,
2022,2008,City of Boulder City - (NV),,NV,WALC,0,2,0,0,2,,Y,,,,,,,,,,,,,,,,,,
2022,2056,City of Bowling Green - (KY),,KY,TVA,0,2,2,0,4,,Y,Y,,,,,,,,,,,,,,,,,
2022,2192,Bremen Electric Light & Power Co,Y,IN,MISO,.,.,1,.,1,,,,,,,,,,,,,,,,,,,,
2022,2212,"Broad River Electric Coop, Inc",,NC,DUK,4,.,.,.,4,Y,,,,,,,,,,,,,,,,,,,
2022,2247,City of Bristol - (TN),,TN,TVA,0,0,4,0,4,,,Y,,,,,,,,,,,,,,,,,
2022,2248,Bristol Virginia Utilities,,VA,TVA,0,1,1,0,2,,Y,Y,,,,,,,,,,,,,,,,,
2022,2273,Brodhead Water & Lighting Comm,,WI,MISO,1,44,2,0,47,Y,Y,Y,,,,,,,,,,,,,,,,,
2022,2411,City of Brownsville,,TN,TVA,0,0,4,0,4,,,Y,,,,,,,,,,,,,,,,,
2022,2439,City of Bryan - (OH),Y,OH,PJM,.,5,6,.,11,,,,,,,,,,,,,,,,,,,,
2022,2442,City of Bryan - (TX),,TX,ERCO,.,28,2,.,30,,Y,Y,,,,,,,,,,,,,,,,,
2022,2507,City of Burbank Water and Power,,CA,LDWP,330,"6,800",.,.,"7,130",Y,Y,,,,,,,,,,,,,,,,,,
2022,2548,City of Burlington Electric - (VT),,VT,ISNE,37,16,9,0,62,Y,Y,Y,Y,,,,,,,,,,,,,,,,
2022,2641,"Butler Rural El Coop Assn, Inc - (KS)",Y,KS,SWPP,"6,812",923,.,.,"7,735",,,,,,,,,,,,,,,,,,,,
2022,2651,Butler Rural Electric Coop Inc - (OH),,OH,PJM,.,2,2,.,4,,,,,,,,,,,,,,,Y,,,Y,Y,
2022,2655,"Butte Electric Coop, Inc",Y,SD,WACM,13,2,.,.,15,,,,,,,,,,,,,,,,,,,,
2022,2830,Calpine Power America LLC,,ME,ISNE,.,.,1,.,1,,,,,,,Y,,,,,,,,,,,,,
2022,2830,Calpine Power America LLC,,TX,ERCO,.,.,1,.,1,,,,,,,Y,,,,,,,,,,,,,
2022,2849,Central Electric Power Assn - (MS),,MS,TVA,0,1,5,0,6,,Y,Y,,,,,,,,,,,,,,,,,
2022,2960,"Caney Fork Electric Coop, Inc",,TN,TVA,0,0,2,0,2,,,Y,,,,,,,,,,,,,,,,,
2022,2985,"Capital Electric Coop, Inc",,ND,SWPP,11,23,1,.,35,Y,,,,,,,,,,,,Y,Y,Y,,,,,
2022,2998,"Carbon Power & Light, Inc",Y,WY,WACM,445,62,0,0,507,,,,,,,,,,,,,,,,,,,,
2022,3046,Duke Energy Progress - (NC),,NC,CPLE,"20,408","21,555","1,327",.,"43,290",Y,Y,Y,,,Y,Y,,,,,,,,,,,,,
2022,3046,Duke Energy Progress - (NC),,SC,CPLE,"1,489","2,993",232,.,"4,714",Y,Y,Y,,,Y,Y,,,,,,,,,,,,,
2022,3075,Carroll County - (TN),,TN,TVA,0,0,1,0,1,,,Y,,,,,,,,,,,,,,,,,
2022,3107,Carteret-Craven El Member Corp,,NC,CPLE,72,.,.,.,72,Y,,,,,,,,,,,,,,,,,,,
2022,3108,City of Cartersville - (GA),,GA,SOCO,0,0,4,0,4,,,Y,,,,,,,,,,,,,,,,,
2022,3208,Cedarburg Light & Water Comm,,WI,MISO,29,28,1,0,58,Y,Y,Y,,,,,,,,,,,,,,,,,
2022,3222,Central Alabama Electric Coop,,AL,SOCO,.,.,2,.,2,,,,,,,,,,,,,,,Y,,,,,
2022,3226,"Central Rural Electric Cooperative, Inc",,OK,AECI,.,4,.,.,4,,Y,,,,,,,,,,,,,,,,,,
2022,3245,"Central Florida Elec Coop, Inc",,FL,SEC,2,4,332,.,338,Y,Y,Y,,,,,,,,,,,,,,,,,
2022,3248,Central Georgia El Member Corp,,GA,SOCO,5,.,4,.,9,Y,,,,,,Y,,,,,,,,,,,,,
2022,3249,Central Hudson Gas & Elec Corp,,NY,NYIS,"1,104",227,53,.,"1,384",Y,,,,,Y,Y,,,,,,,,,,,,,
2022,3250,Central Electric Membership Corp. - (NC),,NC,CPLE,3,.,.,.,3,Y,,,,,,,,,,,,,,,,,,,
2022,3266,Central Maine Power Co,,ME,ISNE,"5,026",831,149,0,"6,006",Y,Y,Y,,,,,,,,,,,,,,,,,
2022,3273,"Central New Mexico El Coop, Inc",,NM,PNM,"1,995",11,.,.,"2,006",Y,Y,,,,,,,,,,,,,,,,,,
2022,3293,Central Wisconsin Elec Coop,Y,WI,MISO,79,51,.,.,130,,,,,,,,,,,,,,,,,,,,
2022,3329,Borough of Chambersburg,,PA,PJM,.,.,1,.,1,,,Y,,,,,,,,,,,,,,,,,
2022,3400,City of Chaska - (MN),,MN,MISO,24,1,.,.,25,Y,Y,,,,,,,,,,,,,,,,,,
2022,3408,City of Chattanooga - (TN),,GA,TVA,4,0,1,0,5,Y,,Y,,,,,,,,,,,,,,,,,
2022,3408,City of Chattanooga - (TN),,TN,TVA,78,21,60,0,159,Y,Y,Y,,,,Y,,,,,,,,,,,,,
2022,3413,PUD No 1 of Chelan County,,WA,CHPD,.,.,27,.,27,,,Y,,,,Y,,,,,,,,,,,,,
2022,3426,Cherokee Electric Coop,,AL,TVA,0,0,1,0,1,,,Y,,,,,,,,,,,,,,,,,
2022,3498,Chippewa Valley Electric Coop,Y,WI,MISO,0,12,25,0,37,,,,,,,,,,,,,,,,,,,,
2022,3502,"Choctawhatche Elec Coop, Inc",,FL,SOCO,532,34,0,0,566,Y,Y,,,,,,,,,,,,,,,,,,
2022,3503,"Choptank Electric Cooperative, Inc",,MD,PJM,.,5,2,.,7,,Y,Y,,,,,,,,,,,,,,,,,
2022,3542,Duke Energy Ohio Inc,,OH,PJM,17,985,39,.,"1,041",Y,Y,Y,,,Y,Y,,,,,,,,,,,,,
2022,3701,Clark Electric Coop - (WI),Y,WI,MISO,212,.,.,.,212,,,,,,,,,,,,,,,,,,,,
2022,3704,City of Clarksville - (TN),,TN,TVA,0,4,2,0,6,,Y,Y,,,,,,,,,,,,,,,,,
2022,3722,Clarke Electric Coop Inc - (IA),Y,IA,MISO,0,2,0,0,2,,,,,,,,,,,,,,,,,,,,
2022,3731,Town of Clayton,Y,NC,CPLE,.,3,.,.,3,,,,,,,,,,,,,,,,,,,,
2022,3755,Cleveland Electric Illum Co,,OH,PJM,121,0,0,0,121,Y,,,,,,,,,,,,Y,,,,,,,
2022,3758,City of Cleveland - (TN),,TN,TVA,0,0,3,0,3,,,Y,,,,,,,,,,,,,,,,,
2022,3812,City of Clinton - (TN),,TN,TVA,0,0,10,0,10,,,Y,,,,,,,,,,,,,,,,,
2022,3814,City of Clintonville - (WI),Y,WI,MISO,7,3,12,.,22,,,,,,,,,,,,,,,,,,,,
2022,3841,Coast Electric Power Assn,,MS,SOCO,"26,473",125,0,0,"26,598",Y,Y,,,,,,,,,,,,,,,,,,
2022,3843,Coastal Electric Member Corp,,GA,SOCO,30,.,1,.,31,Y,,,,,,Y,,,,,,,,,,,,,
2022,3855,Columbia Power System,,TN,TVA,0,2,0,0,2,,Y,,,,,,,,,,,,,,,,,,
2022,3915,Coldwater Board of Public Util,,MI,MISO,0,167,65,0,232,,Y,Y,,,,,,,,,,,,,,,,,
2022,3916,Cobb Electric Membership Corp,,GA,SOCO,"1,642","1,801",.,.,"3,443",Y,Y,,,,,,,,,,,,,,,,,,
2022,3989,City of Colorado Springs - (CO),,CO,WACM,52,"1,922",171,.,"2,145",Y,Y,Y,,,,,,,,,,,,,,,,,
2022,4003,City of Colton - (CA),,CA,CISO,.,.,105,.,105,,,Y,,,,,,,,,,,,,,,,,
2022,4045,City of Columbia - (MO),,MO,MISO,.,.,6,.,6,,,Y,,,,,,,,,,,,,,,,,
2022,4073,City of Columbus - (WI),,WI,MISO,3,34,3,0,40,Y,Y,Y,,,,,,,,,,,,,,,,,
2022,4110,Commonwealth Edison Co,,IL,PJM,"395,626","9,431",134,0,"405,191",Y,,,,Y,Y,Y,,,,,,,,,,Y,,,
2022,4147,Town of Concord - (MA),Y,MA,ISNE,43,.,.,.,43,,,,,,,,,,,,,,,,,,,,
2022,4176,Connecticut Light & Power Co,,CT,ISNE,521,"2,331",603,2,"3,457",Y,Y,Y,Y,,,,,Y,,,,,,,,,,,
2022,4226,Consolidated Edison Co-NY Inc,,NY,NYIS,.,.,.,.,.,Y,Y,Y,Y,Y,Y,Y,,,,,,Y,,,,,,,
2022,4254,Consumers Energy Co,,MI,MISO,"113,860","1,125",16,.,"115,001",Y,Y,Y,,,,,,,,,,Y,,Y,,Y,,,
2022,4294,City of Cookeville - (TN),,TN,TVA,0,1,1,0,2,,Y,Y,,,,,,,,,,,,,,,,,
2022,4295,Comanche County Elec Coop Assn,,TX,ERCO,.,.,1,.,1,,,,,,,Y,,,,,,,,,,,,,
2022,4327,Coosa Valley Electric Coop Inc,,AL,SOCO,.,.,2,.,2,,,Y,,,,,,,,,,,,Y,,,,,
2022,4362,Corn Belt Energy Corporation,,IL,MISO,131,3,.,.,134,Y,Y,,,,,,,,,,,,,,,,,,
2022,4390,City of Corona - (CA),,CA,CISO,.,14,7,.,21,,Y,Y,,,,,,,,,,,,,,,,,
2022,4430,"Covington Electric Coop, Inc",,AL,SOCO,.,5,.,.,5,,Y,,,,,,,,,,,,,,,,,,
2022,4432,Coweta-Fayette El Member Corp,,GA,SOCO,32,3,.,.,35,Y,Y,,,,,,,,,,,,,,,,,,
2022,4433,City of Covington - (GA),,GA,SOCO,.,2,.,.,2,,Y,,,,,,,,,,,,,,,,,,
2022,4437,City of Covington - (TN),,TN,TVA,0,0,1,0,1,,,Y,,,,,,,,,,,,,,,,,
2022,4471,Craig-Botetourt Electric Coop,Y,VA,PJM,2,.,.,.,2,,,,,,,,,,,,,,,,,,,,
2022,4538,Crisp County Power Comm,,GA,SOCO,.,98,5,.,103,,Y,Y,,,,Y,,,,,,,,,,,,,
2022,4577,Crow Wing Cooperative Power & Light Comp,,MN,MISO,27,1,.,.,28,Y,Y,,,,,,,,,,,,,,,,,,
2022,4604,City of Crystal Falls,,MI,MISO,"1,296",246,0,0,"1,542",Y,Y,,,,,,,,,,,,,,,,,,
2022,4607,City of Cuba City,,WI,MISO,0,4,0,0,4,,Y,,,,,,,,,,,,,,,,,,
2022,4618,"Cullman Electric Coop, Inc",,AL,TVA,0,0,6,0,6,,,Y,,,,,,,,,,,,,,,,,
2022,4622,"Cumberland Valley Electric, Inc.",,KY,PJM,9,.,.,.,9,Y,,,,,,,,,,,,,,,,,,,
2022,4624,Cumberland Elec Member Corp,,TN,TVA,0,0,11,0,11,,,Y,,,,,,,,,,,,,,,,,
2022,4675,Cuivre River Electric Coop Inc,,MO,AECI,.,7,.,.,7,,,,,,,,,,,,,,Y,,,,,,
2022,4704,"DS&O Electric Cooperative, Inc.",Y,KS,SWPP,"7,219",132,3,.,"7,354",,,,,,,,,,,,,,,,,,,,
2022,4794,City of Danville - (VA),,VA,PJM,5,.,.,.,5,Y,,,,,,,,,,,,,,,,,,,
2022,4848,Daviess Martin County R E M C,,IN,MISO,27,.,.,.,27,Y,,,,,,,,,,,,,,,,,,,
2022,4920,City of Dayton - (TN),,TN,TVA,0,0,2,0,2,,,Y,,,,,,,,,,,,,,,,,
2022,4958,Decatur Utilities,,AL,TVA,0,0,6,0,6,,,Y,,,,,,,,,,,,,,,,,
2022,4960,Decatur County Rural E M C,,IN,MISO,1,.,.,.,1,Y,,,,,,,,,,,,,,,,,,,
2022,5027,Delmarva Power,,DE,PJM,"189,192","1,911",0,0,"191,103",,,,,,,,,,,,,,,,,Y,Y,,
2022,5027,Delmarva Power,,MD,PJM,"113,680",0,0,0,"113,680",,,,,,,,,,,,,,,,,Y,,,
2022,5063,City of Denton - (TX),,TX,ERCO,.,1,1,.,2,,,Y,,,Y,,,,,,,,,,,,,,
2022,5070,Delaware Electric Cooperative,,DE,PJM,2,"1,176",.,.,"1,178",Y,Y,,,,,,,,,,,,Y,,,,,,
2022,5078,"Denton County Elec Coop, Inc",,TX,ERCO,"2,089",177,68,.,"2,334",Y,Y,Y,,,,,,,,,,,,,,,,,
2022,5086,Delta Montrose Electric Assn,,CO,WACM,"1,739",38,.,.,"1,777",Y,Y,,,,,,,,,,,,,,,,,,
2022,5109,DTE Electric Company,,MI,MISO,"26,481",18,.,.,"26,499",Y,Y,Y,,,,,,,,,,Y,Y,,,,,,
2022,5111,City of Detroit Lakes - (MN),Y,MN,MISO,.,1,.,.,1,,,,,,,,,,,,,,,,,,,,
2022,5148,City of Dickson,,TN,TVA,0,0,2,0,2,,,Y,,,,,,,,,,,,,,,,,
2022,5325,City of Douglas,,GA,SOCO,.,3,.,.,3,,Y,,,,Y,,,,,,,,,,,,,,
2022,5327,Douglas Electric Coop - (OR),Y,OR,BPAT,.,2,.,.,2,,,,,,,,,,,,,,,,,,,,
2022,5399,Duck River Elec Member Corp,,TN,TVA,2,1,4,0,7,Y,Y,Y,,,,,,,,,,,,,,,,,
2022,5416,"Duke Energy Carolinas, LLC",,NC,DUK,"2,629","15,947","1,004",.,"19,580",Y,Y,Y,,,Y,Y,,,,,,,,,,,,,
2022,5416,"Duke Energy Carolinas, LLC",,SC,DUK,808,"4,953",442,.,"6,203",Y,Y,Y,,,Y,Y,,,,,,,,,,,,,
2022,5417,Dunn County Electric Coop,,WI,MISO,.,.,3,.,3,,,Y,,,,,,,,,,,,,,,,,
2022,5438,"Duncan Valley Elec Coop, Inc",Y,AZ,WALC,.,1,.,.,1,,,,,,,,,,,,,,,,,,,,
2022,5487,Duquesne Light Co,,PA,PJM,449,138,31,.,618,Y,Y,,,,Y,Y,,,,,,,,,,,,,
2022,5509,City of Dyersburg,,TN,TVA,0,0,2,0,2,,,Y,,,,,,,,,,,,,,,,,
2022,5551,City of Eagle River - (WI),,WI,MISO,1,19,0,0,20,Y,Y,,,,,,,,,,,,,,,,,,
2022,5578,East Mississippi Elec Pwr Assn,,MS,TVA,2,73,0,0,75,Y,Y,,,,,,,,,,,,,,,,,,
2022,5605,Eastern Iowa Light & Power Coop,,IA,MISO,"20,955","2,997",16,.,"23,968",Y,Y,Y,Y,,,,,,,,,,,,,,,,
2022,5632,Eau Claire Electric Coop,Y,WI,MISO,10,12,8,.,30,,,,,,,,,,,,,,,,,,,,
2022,5661,City of Edmond - (OK),,OK,SWPP,.,17,.,.,17,,Y,,,,,,,,,,,,,,,,,,
2022,5701,El Paso Electric Co,,NM,EPE,63,95,9,0,167,Y,Y,Y,,,,,,,,,,,,,,,,,
2022,5701,El Paso Electric Co,,TX,EPE,138,733,38,0,909,Y,Y,Y,,,,,,,,,,,,,,,,,
2022,5773,City of Elk River,,MN,MISO,36,4,.,.,40,Y,Y,,,,,,,,,,,,,,,,,,
2022,5860,Empire District Electric Co,,MO,SWPP,"136,488","20,906",269,.,"157,663",Y,Y,Y,,,,,,,,,,,,,,,,Y,
2022,5862,"Empire Electric Assn, Inc",,CO,WACM,"11,639","2,695",73,.,"14,407",Y,Y,Y,,,,,,,,,,,,,,,,,
2022,5862,"Empire Electric Assn, Inc",,UT,WACM,875,350,5,.,"1,230",Y,Y,Y,,,,,,,,,,,,,,,,,
2022,5961,Town of Erwin - (TN),,TN,TVA,0,0,2,0,2,,,Y,,,,,,,,,,,,,,,,,
2022,5964,"Escambia River Elec Coop, Inc",Y,FL,SOCO,.,14,.,.,14,,,,,,,,,,,,,,,,,,,,
2022,5997,Town of Estes Park,Y,CO,PSCO,455,33,.,.,488,,,,,,,,,,,,,,,,,,,,
2022,6008,City of Etowah,,TN,TVA,0,0,2,0,2,,,Y,,,,,,,,,,,,,,,,,
2022,6043,City of Evansville,,WI,MISO,85,12,2,0,99,Y,Y,Y,,,,,,,,,,,,,,,,,
2022,6112,"Farmers Electric Coop, Inc - (IA)",Y,IA,MISO,.,.,1,.,1,,,,,,,,,,,,,,,,,,,,
2022,6152,City of Fairview - (OK),Y,OK,SWPP,.,5,.,.,5,,,,,,,,,,,,,,,,,,,,
2022,6182,"Farmers Electric Coop, Inc - (TX)",,TX,ERCO,.,.,2,.,2,,,,,,,Y,,,,,,,,,,,,,
2022,6234,City of Fayetteville,,TN,TVA,0,0,3,0,3,,,Y,,,,,,,,,,,,,,,,,
2022,6235,Fayetteville Public Works Commission,,NC,CPLE,"74,878","9,394",34,0,"84,306",Y,Y,Y,,,,,,,,,,,,,,,,,
2022,6374,Fitchburg Gas & Elec Light Co,,MA,ISNE,0,28,2,.,30,,Y,Y,,,,,,,,,,,,,,,,,
2022,6395,Flathead Electric Coop Inc,,MT,BPAT,"60,046",.,96,.,"60,142",Y,,Y,,,,,,,,,,,,,,,,,
2022,6411,Flint Electric Membership Corp,,GA,SOCO,94,261,.,.,355,Y,Y,,,,Y,,,,,,,,Y,,,,,,
2022,6422,City of Florence - (AL),,AL,TVA,0,0,4,0,4,,,Y,,,,,,,,,,,,,,,,,
2022,6424,Florence Utility Comm,,WI,MISO,0,4,0,0,4,,Y,,,,,,,,,,,,,,,,,,
2022,6431,"Flint Hills Rural E C A, Inc",Y,KS,SWPP,783,27,15,0,825,,,,,,,,,,,,,,,,,,,,
2022,6442,Fleming-Mason Energy Coop Inc,,KY,PJM,22,.,.,.,22,Y,,,,,,,,,,,,,,,,,,,
2022,6455,"Duke Energy Florida, LLC",,FL,FPC,348,"16,793",449,0,"17,590",Y,Y,Y,,,,,,,,,,,,,,,,,
2022,6457,Florida Public Utilities Co,,FL,JEA,3,0,0,0,3,Y,,,,,,,,,,,,,,,,,,,
2022,6604,City of Fort Collins - (CO),,CO,PSCO,"69,401",.,.,.,"69,401",Y,,,,,,,,,,,,,,,,,,,
2022,6608,Fort Loudoun Electric Coop,,TN,TVA,0,1,2,0,3,,Y,Y,,,,,,,,,,,,,,,,,
2022,6612,Fort Payne Improvement Authority,,AL,TVA,0,1,0,0,1,,Y,,,,,,,,,,,,,,,,,,
2022,6638,City of Fountain,,CO,PSCO,.,43,.,.,43,,Y,,,,,,,,,,,,,,,,,,
2022,6640,Four County Elec Member Corp,,NC,CPLE,13,.,.,.,13,Y,,,,,,,,,,,,,,,,,,,
2022,6641,4-County Electric Power Assn,,MS,TVA,0,"1,031",5,0,"1,036",,Y,Y,,,,,,,,,,,,,,,,,
2022,6709,Easley Combined Utility System,,SC,DUK,67,4,1,.,72,Y,Y,Y,,,,,,,,,,,,,,,,,
2022,6711,Village of Frankfort - (NY),Y,NY,NYIS,"1,499",136,31,0,"1,666",,,,,,,,,,,,,,,,,,,,
2022,6717,Franklin Electric Coop - (AL),,AL,TVA,0,1,3,0,4,,Y,Y,,,,,,,,,,,,,,,,,
2022,6718,City of Franklin - (KY),,KY,TVA,0,0,4,0,4,,,Y,,,,,,,,,,,,,,,,,
2022,6782,Freeborn Mower Electric Cooperative,,MN,MISO,3,40,10,0,53,Y,Y,Y,Y,,,,,,,,,,Y,Y,,,,,
2022,6909,Gainesville Regional Utilities,,FL,GVL,.,26,.,.,26,,Y,,,,,,,,,,,,,,,,,,
2022,6923,City of Gallatin - (TN),,TN,TVA,0,1,2,0,3,,Y,Y,,,,,,,,,,,,,,,,,
2022,6930,City of Gallup - (NM),Y,NM,PNM,.,.,2,.,2,,,,,,,,,,,,,,,,,,,,
2022,6957,"Garkane Energy Coop, Inc",,AZ,WALC,16,.,.,.,16,Y,Y,,,,,,,,,,,,,,,,,,
2022,6957,"Garkane Energy Coop, Inc",,UT,WACM,479,24,.,.,503,Y,Y,,,,,,,,,,,,,,,,,,
2022,7027,City of Gastonia - (NC),,NC,DUK,.,48,13,.,61,,Y,Y,,,,,,,,,,,Y,Y,,,,,
2022,7096,City of Geneva- (IL),,IL,PJM,0,0,5,.,5,,,Y,,,,,,,,,,,,,,,,,
2022,7140,Georgia Power Co,,GA,SOCO,"76,950","13,598","1,714",1,"92,263",Y,Y,Y,Y,,Y,Y,Y,,,,,,,,,,,,
2022,7174,Gibson Electric Members Corp,,KY,TVA,0,84,0,0,84,,Y,,,,,,,,,,,,,,,,,,
2022,7174,Gibson Electric Members Corp,,TN,TVA,0,408,2,0,410,,Y,Y,,,,,,,,,,,,,,,,,
2022,7264,"Glades Electric Coop, Inc",,FL,SEC,2,2,21,.,25,Y,Y,Y,,Y,Y,Y,,,,,,,Y,,,,,,
2022,7270,City of Glasgow - (KY),,KY,TVA,"5,663","1,847",0,0,"7,510",Y,Y,,,,,,,,,,,,,,,,,,
2022,7279,"NextEra Energy Services, LLC",,DE,PJM,.,2,.,.,2,,,,,,Y,,,,,,,,,,,,,,
2022,7279,"NextEra Energy Services, LLC",,IL,MISO,.,6,.,.,6,,,,,,Y,,,,,,,,,,,,,,
2022,7279,"NextEra Energy Services, LLC",,NJ,PJM,.,4,.,.,4,,,,,,Y,,,,,,,,,,,,,,
2022,7279,"NextEra Energy Services, LLC",,OH,PJM,.,5,.,.,5,,,,,,Y,,,,,,,,,,,,,,
2022,7279,"NextEra Energy Services, LLC",,PA,PJM,.,5,.,.,5,,,,,,Y,,,,,,,,,,,,,,
2022,7294,City of Glendale - (CA),,CA,LDWP,132,280,26,.,438,Y,Y,Y,,,,,,,,,,,,,,,,,
2022,7483,City of Grand Haven - (MI),,MI,MISO,.,17,36,.,53,,Y,Y,,,,,,,,,,,,,,,,,
2022,7489,Grand Rapids Public Util Comm,Y,MN,MISO,.,1,.,.,1,,,,,,,,,,,,,,,,,,,,
2022,7490,Grand River Dam Authority,,OK,SWPP,.,.,1,.,1,,,Y,,,,,,,,,,,,,,,,,
2022,7496,Town of Granite Falls - (NC),Y,NC,DUK,.,7,2,.,9,,,,,,,,,,,,,,,,,,,,
2022,7558,Grayson Rural Electric Coop Corp,,KY,PJM,.,26,.,.,26,,Y,,,,,,,,,,,,,,,,,,
2022,7563,Grand Valley Power,,CO,PSCO,"16,683","1,906",1,.,"18,590",Y,Y,,,,,,,,,,,,,Y,,,,,
2022,7601,Green Mountain Power Corp,,VT,ISNE,"6,144","3,744",73,0,"9,961",Y,Y,Y,,,,,,,,,,Y,Y,Y,,,Y,Y,
2022,7625,City of Greeneville - (TN),,TN,TVA,0,0,7,0,7,,,Y,,,,,,,,,,,,,,,,,
2022,7634,City of Greenville - (TX),,TX,ERCO,0,88,.,.,88,,Y,,,,,,,,,,,,,,,,,,
2022,7715,Town of Groton - (MA),Y,MA,ISNE,96,0,.,.,96,,,,,,,,,,,,,,,,,,,,
2022,7752,Guadalupe Valley Elec Coop Inc,,TX,ERCO,12,1,2,.,15,Y,Y,,,,,Y,,,,,,,,,,,,,
2022,7787,Gunnison County Elec Assn.,Y,CO,WACM,60,3,.,.,63,,,,,,,,,,,,,,,,,,,,
2022,7826,City of Gunnison - (CO),Y,CO,WACM,38,1,.,.,39,,,,,,,,,,,,,,,,,,,,
2022,7827,Guntersville Electric Board,,AL,TVA,0,0,1,0,1,,,Y,,,,,,,,,,,,,,,,,
2022,8000,NineStar Connect,,IN,MISO,"16,478",.,.,.,"16,478",Y,,,,,,,,,,,,,,,,,,,
2022,8122,Harlan Municipal Utilities - (IA),Y,IA,MISO,.,3,1,.,4,,,,,,,,,,,,,,,,,,,,
2022,8147,City of Harriman - (TN),,TN,TVA,0,0,1,0,1,,,Y,,,,,,,,,,,,,,,,,
2022,8179,Harrison County Rural E M C,,IN,MISO,179,.,.,.,179,Y,,,,,,,,,,,,,,,,,,,
2022,8212,Hartford Electric,,WI,MISO,20,21,8,0,49,Y,Y,Y,,,,,,,,,,,,,,,,,
2022,8226,City of Hartselle,,AL,TVA,0,0,1,0,1,,,Y,,,,,,,,,,,,,,,,,
2022,8287,Hawaii Electric Light Co Inc,,HI,NA,745,41,1,.,787,Y,Y,Y,,,,,,,,,,,,,,,,,
2022,8319,Heartland Power Coop,,IA,MISO,8,52,9,.,69,Y,Y,Y,,,,,,,,,,,,,,,,,
2022,8333,Haywood Electric Member Corp,,NC,DUK,35,22,1,.,58,Y,Y,Y,,,,,,,,,,,,,,,,,
2022,8348,City of Healdsburg - (CA),Y,CA,CISO,120,11,0,0,131,,,,,,,,,,,,,,,,,,,,
2022,8375,City of Hebron - (NE),Y,NE,SWPP,726,287,.,.,"1,013",,,,,,,,,,,,,,,,,,,,
2022,8447,Hendricks County Rural E M C,,IN,MISO,"35,657",773,4,.,"36,434",Y,Y,,,,,,,,,,,,,Y,,,,,
2022,8566,High Plains Power Inc,,WY,WACM,446,7,0,0,453,Y,Y,,,,,,,,,,,,,,,,,,
2022,8570,Highline Electric Assn,,CO,WACM,7,.,.,.,7,Y,,,,,,,,,,,,,,,,,,,
2022,8571,Town of High Point,,NC,DUK,0,186,26,0,212,,Y,Y,,,,,,,,,,,Y,Y,,,Y,Y,
2022,8699,Inland Power & Light Company,,WA,BPAT,.,.,165,.,165,,,Y,,,,,,,,,,,,,,,,,
2022,8723,City of Holland,,MI,MISO,60,.,.,.,60,Y,,,,,,,,,,,,,,,,,,,
2022,8764,"Holston Electric Coop, Inc",,TN,TVA,0,0,6,0,6,,,Y,,,,,,,,,,,,,,,,,
2022,8773,"Holy Cross Electric Assn, Inc",,CO,PSCO,61,23,.,.,84,Y,Y,,,,,,,,,,,,,,,,,,
2022,8846,City of Hopkinsville,,KY,TVA,0,0,2,0,2,,,Y,,,,,,,,,,,,,,,,,
2022,8911,Howard Electric Coop,Y,MO,AECI,"3,574",.,.,.,"3,574",,,,,,,,,,,,,,,,,,,,
2022,9023,City of Humboldt,,TN,TVA,0,1,2,0,3,,Y,Y,,,,,,,,,,,,,,,,,
2022,9087,Town of Huntersville - (NC),,NC,DUK,.,.,2,.,2,,,Y,,,,,,,,,,,,,,,,,
2022,9094,City of Huntsville - (AL),,AL,TVA,0,9,6,0,15,,Y,Y,,,,,,,,,,,,,,,,,
2022,9124,Hustisford Utilities,,WI,MISO,6,9,0,0,15,Y,Y,,,,,,,,,,,,,,,,,,
2022,9191,Idaho Power Co,,ID,IPCO,975,292,119,.,"1,386",Y,Y,Y,,,,,,,,,,,,,,,,,
2022,9191,Idaho Power Co,,OR,IPCO,5,7,6,.,18,Y,Y,Y,,,,,,,,,,,,,,,,,
2022,9209,Illinois Rural Electric Coop,Y,IL,PJM,.,246,.,.,246,,,,,,,,,,,,,,,,,,,,
2022,9273,Indianapolis Power & Light Co,,IN,MISO,198,6,5,0,209,Y,Y,Y,,,,,,,,,,,,,,,,,
2022,9275,Indianola Municipal Utilities,Y,IA,MISO,27,.,.,.,27,,,,,,,,,,,,,,,,,,,,
2022,9324,Indiana Michigan Power Co,,IN,PJM,"14,092","2,311",54,0,"16,457",Y,Y,Y,,,,,,,,,,,,,,,,,
2022,9324,Indiana Michigan Power Co,,MI,PJM,"5,528",439,81,.,"6,048",Y,Y,Y,,,,,,,,,,,,,,,,,
2022,9336,CORE Electric Cooperative,,CO,PSCO,97,382,11,.,490,Y,Y,Y,,,,,,,,,,,,,,,,,
2022,9417,Interstate Power and Light Co,,IA,MISO,"16,926","5,981",346,.,"23,253",Y,Y,Y,Y,,,,,,,,,,,,,,,,
2022,9475,Itasca-Mantrap Co-op Electrical Assn,,MN,MISO,2,.,2,.,4,Y,,Y,,,,,,,,,,,,,,,,,
2022,9576,Jackson County Rural E M C - (IN),,IN,MISO,22,1,.,.,23,Y,Y,,,,,,,,,,,,,,,,,,
2022,9601,Jackson Electric Member Corp - (GA),,GA,SOCO,"1,035",357,.,.,"1,392",Y,Y,,,,,,,,,,,,,,,,,,
2022,9612,City of Jackson - (TN),,TN,TVA,0,3,12,0,15,,Y,Y,,,,,,,,,,,,,,,,,
2022,9617,JEA,,FL,JEA,.,214,11,.,225,,Y,Y,,,,,,,,,,,,,,,,,
2022,9682,"Jefferson Davis Elec Coop, Inc",,LA,MISO,.,17,.,.,17,,Y,,,,,,,,,,,,,,,,,,
2022,9690,Jefferson Utilities,,WI,MISO,2,23,1,0,26,Y,Y,Y,,,,,,,,,,,,,,,,,
2022,9697,City of Jellico,,TN,TVA,0,1,0,0,1,,Y,,,,,,,,,,,,,,,,,,
2022,9699,"Jemez Mountains Elec Coop, Inc",,NM,WALC,247,30,.,.,277,Y,Y,,,,,,,,,,,,,,,,,,
2022,9726,Jersey Central Power & Lt Co,,NJ,PJM,"13,550",226,66,1,"13,843",Y,Y,Y,,Y,Y,Y,Y,,,,,,,,,,,,
2022,9739,Joe Wheeler Elec Member Corp,,AL,TVA,0,1,19,0,20,,Y,Y,,,,,,,,,,,,,,,,,
2022,9750,"Jo-Carroll Energy, Inc",,IL,MISO,.,.,13,.,13,,,Y,,,,,,,,,,,,,,,,,
2022,9777,Johnson City - (TN),,TN,TVA,0,6,9,0,15,,Y,Y,,,,,,,,,,,,,,,,,
2022,9778,Johnson County Rural E M C,,IN,MISO,"26,996",35,2,.,"27,033",Y,Y,Y,,,,,,,,,,,,,,,,,
2022,9936,Juneau Utility Comm,,WI,MISO,1,36,2,0,39,Y,Y,Y,,,,,,,,,,,,,,,,,
2022,10000,Evergy Metro,,KS,SWPP,"2,756",1,.,.,"2,757",Y,Y,,,,,,,,,,,,,,,,,,
2022,10000,Evergy Metro,,MO,SWPP,"3,244",1,.,.,"3,245",Y,,,,,Y,,,,,,,,,,,,,,
2022,10005,"Evergy Kansas South, Inc",,KS,SWPP,290,270,34,.,594,Y,Y,Y,,,,,,,,,,,,,,,Y,Y,
2022,10019,FreeState Electric Coop,,KS,SWPP,583,5,0,0,588,Y,Y,,,,,,,,,,,,,,,,,,
2022,10056,City of Kaukauna,,WI,MISO,18,84,15,0,117,Y,Y,Y,,,,,,,,,,,,,,,,,
2022,10171,Kentucky Utilities Co,,KY,LGEE,90,"4,571",797,.,"5,458",Y,Y,Y,,,,,,,,,,,Y,Y,,,Y,Y,
2022,10171,Kentucky Utilities Co,,VA,LGEE,.,176,18,.,194,,Y,Y,,,,,,,,,,,,Y,,,,Y,
2022,10331,Kingsport Power Co,,TN,PJM,30,5,.,.,35,Y,Y,,,,,,,,,,,,,,,,,,
2022,10376,Kissimmee Utility Authority,,FL,FMPP,0,49,0,0,49,,Y,,,,,,,,,,,,,,,,,,
2022,10378,"Kit Carson Electric Coop, Inc",,NM,PNM,314,71,0,0,385,Y,Y,,,,,,,,,,,,,,,,,,
2022,10421,Knoxville Utilities Board,,TN,TVA,51,309,11,0,371,Y,Y,Y,,,,,,,,,,,,,,,,,
2022,10448,Kosciusko County Rural E M C,,IN,MISO,.,.,3,.,3,,,Y,,,,,,,,,,,,,,,,,
2022,10539,"La Plata Electric Assn, Inc",,CO,WACM,"4,491",340,13,.,"4,844",Y,Y,Y,,,,,,,,,,,,,,,,,
2022,10599,"Lake Region Electric Coop, Inc - (OK)",,OK,AECI,0,3,1,.,4,,Y,Y,,,,,,,,,,,,,,,,,
2022,10605,Lake Mills Light & Water,,WI,MISO,4,13,0,0,17,Y,Y,,,,,,,,,,,,,,,,,,
2022,10618,Lake Region Electric Cooperative - (MN),,MN,MISO,12,.,.,.,12,Y,,,,,,,,,,,,,,,,,,,
2022,10623,City of Lakeland - (FL),,FL,FMPP,"1,695",84,1,.,"1,780",Y,Y,Y,,,,,,,,,,,,,,,,,
2022,10669,Town of Landis - (NC),Y,NC,DUK,.,.,1,.,1,,,,,,,,,,,,,,,,,,,,
2022,10702,Borough of Lansdale,Y,PA,PJM,.,2,1,.,3,,,,,,,,,,,,,,,,,,,,
2022,10768,"Laurens Electric Coop, Inc",,SC,DUK,5,48,0,0,53,Y,Y,,,,,,,,,,,,,,,,,,
2022,10770,City of Laurinburg - (NC),Y,NC,CPLE,13,.,.,.,13,,,,,,,,,,,,,,,,,,,,
2022,10799,City of Lawrenceburg,,TN,TVA,0,0,8,0,8,,,Y,,,,,,,,,,,,,,,,,
2022,10814,City of Le Sueur - (MN),Y,MN,MISO,.,.,13,.,13,,,,,,,,,,,,,,,,,,,,
2022,10906,City of Lenoir - (TN),,TN,TVA,0,1,2,0,3,,Y,Y,,,,,,,,,,,,,,,,,
2022,10960,City of Lewisburg - (TN),,TN,TVA,0,0,3,0,3,,,Y,,,,,,,,,,,,,,,,,
2022,10962,Lewis County Rural E C A,Y,MO,AECI,1,2,.,.,3,,,,,,,,,,,,,,,,,,,,
2022,10968,City of Lexington - (TN),,TN,TVA,0,1,1,0,2,,Y,Y,,,,,,,,,,,,,,,,,
2022,11018,Lincoln Electric System,,NE,SWPP,.,6,.,.,6,,Y,,,,,,,,,,,,,,,,,,
2022,11053,Linn County REC,,IA,MISO,21,169,6,.,196,Y,Y,Y,Y,,,,,,,,,,,,,,,,
2022,11085,Town of Littleton - (MA),,MA,ISNE,.,.,49,.,49,,,Y,,,,,,,,,,,,,,,,,
2022,11124,City of Lodi - (CA),,CA,CISO,.,.,24,.,24,,,Y,,,,,,,,,,,,,,,,,
2022,11125,City of Lodi - (WI),,WI,MISO,10,6,0,0,16,Y,Y,,,,,,,,,,,,,,,,,,
2022,11171,Long Island Power Authority,,NY,NYIS,"30,960",435,.,.,"31,395",,,,,,,,,,,,,,,,,Y,Y,,
2022,11187,City of Longmont,,CO,PSCO,.,.,12,.,12,,,,,,,,,,,,,,,Y,,,,,
2022,11200,"Lorain-Medina R E C, Inc",,OH,PJM,"15,130","1,550",13,.,"16,693",Y,Y,Y,Y,,,,,,,,,,,,,,,,
2022,11208,Los Angeles Department of Water & Power,,CA,LDWP,"11,868","22,801","1,415",.,"36,084",Y,Y,Y,,,,,,,,,,,,,,,,,
2022,11222,Loudon Utilities Board,,TN,TVA,0,2,5,0,7,,Y,Y,,,,,,,,,,,,,,,,,
2022,11241,Entergy Louisiana LLC,,LA,MISO,.,1,7,.,8,,Y,Y,,,,,,,,,,,,,,,,,
2022,11247,Louisville Electric System,,MS,TVA,0,0,1,0,1,,,Y,,,,,,,,,,,,,,,,,
2022,11249,Louisville Gas & Electric Co,,KY,LGEE,135,"2,970",337,0,"3,442",Y,Y,Y,,,,,,,,,,,,Y,,,,Y,
2022,11251,Loup River Public Power Dist,,NE,SWPP,.,.,1,.,1,,,Y,,,,Y,,,,,,,,,,,,,
2022,11292,City of Lubbock - (TX),,TX,SWPP,0,3,0,0,3,,Y,,,,,,,,,,,,,,,,,,
2022,11292,City of Lubbock - (TX),,TX,ERCO,0,11,0,0,11,,Y,,,,,,,,,,,,,,,,,,
2022,11479,Madison Gas & Electric Co,,WI,MISO,647,"4,437",19,0,"5,103",Y,Y,Y,,Y,Y,Y,,Y,Y,Y,,Y,Y,Y,,Y,Y,Y,
2022,11515,Town of Maiden - (NC),Y,NC,DUK,.,2,12,.,14,,,,,,,,,,,,,,,,,,,,
2022,11571,Manitowoc Public Utilities,,WI,MISO,3,14,77,.,94,Y,Y,Y,,,,Y,,,,,,,,,,,,,
2022,11714,Marshall-De Kalb Electric Coop,,AL,TVA,0,1,0,0,1,,Y,,,,,,,,,,,,,,,,,,
2022,11740,City of Marshfield - (WI),,WI,MISO,0,0,53,0,53,,,Y,,,,,,,,,,,,,,,,,
2022,11770,City of Martinsville - (VA),Y,VA,PJM,.,3,.,.,3,,,,,,,,,,,,,,,,,,,,
2022,11788,Consumers Energy,,IA,MISO,184,22,3,0,209,Y,Y,Y,,,,,,,,,,,,,,,,,
2022,11789,Maryville Utilities,,TN,TVA,0,0,3,0,3,,,Y,,,,,,,,,,,,,,,,,
2022,11811,Town of Massena - (NY),,NY,NYIS,.,.,1,.,1,,,Y,,,,,,,,,,,,,,,,,
2022,11843,Maui Electric Co Ltd,,HI,NA,330,47,.,.,377,Y,Y,,,,,,,,,,,,,,,,,,
2022,11871,City of Mayfield Plant Board,,KY,TVA,0,0,1,0,1,,,Y,,,,,,,,,,,,,,,,,
2022,11910,McLeod Cooperative Power Assn,Y,MN,MISO,.,.,2,.,2,,,,,,,,,,,,,,,,,,,,
2022,12199,Montana-Dakota Utilities Co,,MT,SWPP,0,0,7,0,7,,,Y,,,,,,,,,,,,,,,,,
2022,12199,Montana-Dakota Utilities Co,,ND,MISO,4,331,8,0,343,Y,Y,Y,,,,,,,,,,,,,,,,,
2022,12199,Montana-Dakota Utilities Co,,SD,MISO,.,24,.,.,24,,Y,,,,,,,,,,,,,,,,,,
2022,12199,Montana-Dakota Utilities Co,,WY,WACM,.,9,.,.,9,,Y,,,,,,,,,,,,,,,,,,
2022,12208,City of McPherson - (KS),,KS,SWPP,.,15,2,.,17,,Y,Y,,,,,,,,,,,,,,,,,
2022,12260,Mecklenburg Electric Cooperative,,VA,PJM,.,22,1,.,23,,Y,Y,,,,,,,,,,,,,,,,,
2022,12265,City of Medford - (WI),Y,WI,MISO,2,22,6,0,30,,,,,,,,,,,,,,,,,,,,
2022,12293,City of Memphis - (TN),,TN,TVA,70,0,36,0,106,Y,Y,Y,Y,,,,,,,,,,,,,,,,
2022,12298,City of Menasha - (WI),,WI,MISO,30,130,8,0,168,Y,Y,Y,,,,,,,,,,,,,,,,,
2022,12330,Meriwether Lewis Electric Coop,,TN,TVA,0,1,2,0,3,,Y,Y,,,,,,,,,,,,,,,,,
2022,12341,MidAmerican Energy Co,,IA,MISO,35,"1,124",159,.,"1,318",Y,Y,Y,,,,,,,,,,,,,,,,,
2022,12341,MidAmerican Energy Co,,IL,MISO,8,208,50,.,266,Y,Y,Y,,,,,,,,,,,,,,,,,
2022,12341,MidAmerican Energy Co,,SD,MISO,.,23,1,.,24,,Y,Y,,,,,,,,,,,,,,,,,
2022,12377,Midwest Energy Cooperative,,MI,PJM,50,15,.,.,65,Y,Y,,,,,,,,,,,,,,,,,,
2022,12390,Metropolitan Edison Co,,PA,PJM,105,0,220,0,325,Y,,,,,,Y,,,,,,,,,,,,,
2022,12450,Midland Power Coop,,IA,MISO,.,9,10,.,19,,,,,,,,,,,,,,Y,Y,,,,,
2022,12470,Middle Tennessee E M C,,TN,TVA,0,5,16,0,21,,Y,Y,,,,,,,,,,,,,,,,,
2022,12515,"Midwest Electric, Inc",,OH,PJM,0,27,3,0,30,,,,,,,,,,,,,,Y,Y,,,Y,Y,
2022,12532,City of Milan,,TN,TVA,0,0,1,0,1,,,Y,,,,,,,,,,,,,,,,,
2022,12539,Midwest Electric Member Corp,,NE,WACM,0,32,"2,161",0,"2,193",,Y,Y,,,,,,,,,,,,,,,,,
2022,12540,City of Milford - (DE),,DE,PJM,.,.,11,.,11,,,Y,,,,,,,,,,,,,,,,,
2022,12546,Mille Lacs Energy Cooperative,,MN,MISO,.,.,23,.,23,,,Y,,,,,,,,,,,,Y,,,,,
2022,12642,Maquoketa Valley Rrl Elec Coop,,IA,MISO,"10,807","5,977",.,.,"16,784",Y,Y,,,,,,,,,,,,,,,,,,
2022,12647,"ALLETE, Inc.",,MN,MISO,278,.,.,.,278,Y,,,,,,,,,,,,,,,,,,,
2022,12651,Minnesota Valley Electric Coop,,MN,MISO,346,.,.,.,346,Y,,,,,,,,,,,,Y,,,,,,,
2022,12685,Entergy Mississippi LLC,,MS,MISO,.,.,52,.,52,,,Y,,,,,,,,,,,,,,,,,
2022,12686,Mississippi Power Co,,MS,SOCO,0,0,5,0,5,,,Y,,,,,,,,,,,,,,,,,
2022,12698,Evergy Missouri West,,MO,SWPP,"4,559",3,.,.,"4,562",Y,Y,,,,Y,,,,,,,,,,,,,,
2022,12745,Modesto Irrigation District,,CA,BANC,0,9,143,0,152,,Y,Y,,,Y,Y,,,Y,Y,,,Y,Y,,,Y,Y,
2022,12860,Morgan County Rural Elec Assn,,CO,WACM,18,.,.,.,18,Y,,,,,,,,,,,,,,,,,,,
2022,12866,Moon Lake Electric Assn Inc,,UT,WACM,0,1,1,0,2,,Y,Y,,,,,,,,,,,,,,,,,
2022,12929,South Central Indiana REMC,,IN,MISO,9,.,.,.,9,Y,,,,,,,,,,,,,,,,,,,
2022,12988,City of Morristown - (TN),,TN,TVA,0,0,4,0,4,,,Y,,,,,,,,,,,,,,,,,
2022,13027,"Mountain Electric Coop, Inc",,TN,TVA,0,0,2,0,2,,,Y,,,,,,,,,,,,,,,,,
2022,13036,Village of Mt. Horeb - (WI),,WI,MISO,30,8,0,0,38,Y,Y,,,,,,,,,,,,,,,,,,
2022,13037,City of Mt Pleasant - (UT),Y,UT,PACE,.,.,12,.,12,,,,,,,,,,,,,,,,,,,,
2022,13050,"Mountain Parks Electric, Inc",,CO,WACM,463,30,3,0,496,Y,Y,Y,,,,,,,Y,Y,,,Y,Y,,,,,
2022,13058,"Mountain View Elec Assn, Inc",,CO,WACM,33,.,.,.,33,Y,,,,,,,,,,,,,,,,,,,
2022,13138,City of Murray - (KY),,KY,TVA,0,1,1,0,2,,Y,Y,,,,,,,,,,,,,,,,,
2022,13144,City of Muscle Shoals,,AL,TVA,0,0,5,0,5,,,Y,,,,,,,,,,,,,,,,,
2022,13145,Village of Muscoda - (WI),,WI,MISO,2,7,3,0,12,Y,Y,Y,,,,,,,,,,,,,,,,,
2022,13216,Nashville Electric Service,,TN,TVA,0,18,23,0,41,,Y,Y,,,,,,,,,,,,,,,,,
2022,13318,"Navopache Electric Coop, Inc",,AZ,TEPC,"6,486",133,.,.,"6,619",Y,Y,,,,,,,,,,,,,,,,,,
2022,13337,Nebraska Public Power District,,NE,SWPP,102,28,18,0,148,Y,Y,Y,,,,,,,,,,,,,,,,,
2022,13374,"Constellation NewEnergy, Inc",,CA,CISO,0,"6,547",189,0,"6,736",,,,,,Y,Y,,,,,,,,,,,,,
2022,13374,"Constellation NewEnergy, Inc",,CT,ISNE,55,"2,646",89,0,"2,790",,,,,Y,Y,Y,,,,,,,,,,,,,
2022,13374,"Constellation NewEnergy, Inc",,DC,PJM,7,626,.,.,633,,,,,Y,Y,,,,,,,,,,,,,,
2022,13374,"Constellation NewEnergy, Inc",,DE,PJM,56,"1,900",7,.,"1,963",,,,,Y,Y,Y,,,,,,,,,,,,,
2022,13374,"Constellation NewEnergy, Inc",,IL,PJM,42,"26,739",322,0,"27,103",,Y,Y,,Y,Y,Y,,,,,,,,,,,,,
2022,13374,"Constellation NewEnergy, Inc",,MA,ISNE,382,"13,699",116,0,"14,197",,,,,Y,Y,Y,,,,,,,,,,,,,
2022,13374,"Constellation NewEnergy, Inc",,MD,PJM,601,"15,146",228,0,"15,975",,,,,Y,Y,Y,,,,,,,,,,,,,
2022,13374,"Constellation NewEnergy, Inc",,ME,ISNE,12,"1,217",17,0,"1,246",,,,,Y,Y,Y,,,,,,,,,,,,,
2022,13374,"Constellation NewEnergy, Inc",,MI,MISO,0,958,143,0,"1,101",,,,,,Y,Y,,,,,,,,,,,,,
2022,13374,"Constellation NewEnergy, Inc",,NH,ISNE,23,"4,401",29,0,"4,453",,,,,Y,Y,Y,,,,,,,,,,,,,
2022,13374,"Constellation NewEnergy, Inc",,NJ,PJM,"2,737","19,364",65,.,"22,166",,,,,Y,Y,Y,,,,,,,,,,,,,
2022,13374,"Constellation NewEnergy, Inc",,NY,NYIS,889,"16,286",497,0,"17,672",,,,,Y,Y,Y,,,,,,,,,,,,,
2022,13374,"Constellation NewEnergy, Inc",,OH,PJM,94,"14,110",155,.,"14,359",,,,,Y,Y,Y,,,,,,,,,,,,,
2022,13374,"Constellation NewEnergy, Inc",,OR,PGE,0,48,3,0,51,,,,,,Y,Y,,,,,,,,,,,,,
2022,13374,"Constellation NewEnergy, Inc",,PA,PJM,499,"29,893",191,0,"30,583",,,,,Y,Y,Y,,,,,,,,,,,,,
2022,13374,"Constellation NewEnergy, Inc",,RI,ISNE,15,521,24,0,560,,,,,Y,Y,Y,,,,,,,,,,,,,
2022,13374,"Constellation NewEnergy, Inc",,TX,ERCO,23,"9,563",157,0,"9,743",,,,,Y,Y,Y,,,,,,,,,,,,,
2022,13374,"Constellation NewEnergy, Inc",,VA,PJM,0,13,0,0,13,,,,,,Y,,,,,,,,,,,,,,
2022,13407,Nevada Power Co,,NV,NEVP,"7,991","3,624","1,557",.,"13,172",Y,Y,Y,,,,,,,,,,Y,,,,,,,
2022,13412,City of New Albany - (MS),,MS,TVA,0,0,2,0,2,,,Y,,,,,,,,,,,,,,,,,
2022,13437,City of Newbern,,TN,TVA,0,0,2,0,2,,,Y,,,,,,,,,,,,,,,,,
2022,13438,Village of New Glarus - (WI),,WI,MISO,0,2,0,0,2,,Y,,,,,,,,,,,,,,,,,,
2022,13441,New Hampshire Elec Coop Inc,,NH,ISNE,119,218,.,.,337,Y,Y,,,,,,,,,,,,,,,,,,
2022,13448,City of New Holstein - (WI),,WI,MISO,19,24,0,0,43,Y,Y,,,,,,,,,,,,,,,,,,
2022,13467,New London Electric&Water Util,,WI,MISO,0,42,5,0,47,,Y,Y,,,,,,,,,,,,,,,,,
2022,13480,New Prague Utilities Comm,Y,MN,MISO,4,.,.,.,4,,,,,,,,,,,,,,,,,,,,
2022,13481,City of New Richmond,,WI,MISO,32,24,0,0,56,Y,Y,,,,,,,,,,,,,,,,,,
2022,13511,New York State Elec & Gas Corp,,NY,NYIS,"128,384","4,560",420,.,"133,364",Y,Y,Y,,,Y,Y,,,Y,Y,,,,,,,,,
2022,13524,"Newberry Electric Coop, Inc",,SC,SC,71,.,.,.,71,,,,,Y,,,,,,,,,,,,,,,
2022,13550,City of Newport,,TN,TVA,0,0,3,0,3,,,Y,,,,,,,,,,,,,,,,,
2022,13561,City of Newton - (NC),Y,NC,DUK,.,4,3,.,7,,,,,,,,,,,,,,,,,,,,
2022,13573,Niagara Mohawk Power Corp.,,NY,NYIS,.,301,111,.,412,,,,,,Y,Y,,,,,,,,,,,,,
2022,13640,Northern Virginia Elec Coop,,VA,PJM,0,21,0,0,21,,,,,,Y,,,,,,,,,,,,,,
2022,13647,Noble County R E M C,,IN,PJM,6,1,.,.,7,Y,Y,,,,,,,,,,,,,,,,,,
2022,13669,North Alabama Electric Coop,,AL,TVA,0,0,3,0,3,,,Y,,,,,,,,,,,,,,,,,
2022,13676,"North Arkansas Elec Coop, Inc",,AR,MISO,.,27,.,.,27,,,,,,,,,,Y,,,,,,,,,,
2022,13684,Nobles Cooperative Electric,Y,MN,MISO,3,0,0,0,3,,,,,,,,,,,,,,,,,,,,
2022,13685,"Niobrara Electric Assn, Inc",Y,NE,WACM,3,1,0,0,4,,,,,,,,,,,,,,,,,,,,
2022,13685,"Niobrara Electric Assn, Inc",Y,WY,WACM,18,0,0,0,18,,,,,,,,,,,,,,,,,,,,
2022,13693,"North Central Elec Coop, Inc",,OH,PJM,"8,426","1,235",19,.,"9,680",Y,Y,Y,Y,,,,,,,,,,,,,,,,
2022,13697,North Central Power Co Inc,,WI,MISO,85,3,5,0,93,Y,Y,Y,Y,,,,,,,,,,,,,,,,
2022,13698,North Central Public Pwr Dist,Y,NE,SWPP,.,29,.,.,29,,,,,,,,,,,,,,,,,,,,
2022,13716,North Georgia Elec Member Corp,,GA,TVA,0,51,31,0,82,,Y,Y,,,Y,,,,,,,,,,,,,,
2022,13718,City of North Little Rock - (AR),,AR,MISO,0,34,3,0,37,,Y,Y,,,,,,,,,,,,,,,,,
2022,13730,City of North St Paul - (MN),Y,MN,MISO,.,1,.,.,1,,,,,,,,,,,,,,,,,,,,
2022,13735,Northcentral Mississippi E P A,,MS,TVA,4,0,4,0,8,Y,,Y,,,,,,,,,,,,,,,,,
2022,13739,Northeast Power,,NE,SWPP,32,.,698,.,730,Y,,Y,,,,,,,,,,,,Y,,,,,
2022,13762,"Northern Neck Elec Coop, Inc",,VA,PJM,4,132,.,.,136,Y,Y,,,,,,,,,,,,,,,,,,
2022,13777,Northern Rio Arriba E Coop Inc,Y,NM,PNM,410,40,3,.,453,,,,,,,,,,,,,,,,,,,,
2022,13780,Northern States Power Co,,MI,MISO,147,26,2,.,175,Y,Y,Y,,,,,,,,,,,Y,Y,,,,,
2022,13780,Northern States Power Co,,WI,MISO,"5,746","9,077",123,.,"14,946",Y,Y,Y,,,Y,Y,,,Y,Y,,,,,,,,,
2022,13781,Northern States Power Co - Minnesota,,MN,MISO,"12,997","15,274",3,1,"28,275",Y,Y,Y,Y,,Y,Y,,,,,,,,,,,,,
2022,13781,Northern States Power Co - Minnesota,,ND,MISO,35,736,13,0,784,Y,Y,Y,,,Y,Y,,,,,,,,,,,,,
2022,13781,Northern States Power Co - Minnesota,,SD,MISO,19,566,8,0,593,Y,Y,Y,,,,,,,,,,,,,,,,,
2022,13805,Northwest Rural Pub Pwr Dist,Y,NE,WACM,"1,445",.,.,.,"1,445",,,,,,,,,,,,,,,,,,,,
2022,13815,Northwestern Wisconsin Elec Co,,WI,MISO,643,52,23,.,718,Y,Y,Y,,,,,,,,,,,,,,,,,
2022,13933,City of Oak Ridge,,TN,TVA,0,1,1,0,2,,Y,Y,,,,,,,,,,,,,,,,,
2022,13936,Oakdale Electric Coop,,WI,MISO,788,209,48,.,"1,045",,,,,Y,Y,Y,,,,,,,,,,,,,
2022,13963,Oconomowoc Utilities,,WI,MISO,71,295,4,0,370,Y,Y,Y,,,,,,,,,,,,,,,,,
2022,13965,Oconto Falls Water & Light Comm,,WI,MISO,1,7,0,0,8,Y,Y,,,,,,,,,,,,,,,,,,
2022,13998,Ohio Edison Co,,OH,PJM,106,0,0,0,106,Y,,,,,,,,,,,,,,,,,,,
2022,14006,Ohio Power Co,,OH,PJM,426,427,10,0,863,Y,Y,Y,,,,,,,,,,,,,,,,,
2022,14062,Oklahoma Electric Coop Inc,,OK,SWPP,"43,048","5,411",50,.,"48,509",Y,Y,Y,,,,,,,,,,,,,,,,,
2022,14063,Oklahoma Gas & Electric Co,,AR,SWPP,"5,426",542,53,0,"6,021",Y,Y,Y,,,Y,Y,,Y,Y,Y,,,,,,,,,
2022,14063,Oklahoma Gas & Electric Co,,OK,SWPP,"78,879","10,631","1,253",0,"90,763",Y,Y,Y,,,Y,Y,,Y,Y,Y,,,,,,,,,
2022,14078,City of Okolona,,MS,TVA,0,181,0,0,181,,Y,,,,,,,,,,,,,,,,,,
2022,14127,Omaha Public Power District,,NE,SWPP,0,104,5,0,109,,Y,Y,,,,Y,,,,,,,,,,,,,
2022,14146,City of Opelika - (AL),,AL,SOCO,0,1,1,.,2,,Y,Y,,,,,,,,,,,,,,,,,
2022,14160,Orange County Rural E M C,Y,IN,MISO,490,.,.,.,490,,,,,,,,,,,,,,,,,,,,
2022,14164,City of Orangeburg - (SC),,SC,SCEG,.,.,15,.,15,,,Y,,,,,,,,,,,,,,,,,
2022,14170,Orcas Power & Light Coop,,WA,BPAT,46,.,.,.,46,Y,,,,,,,,,,,,,,,,,,,
2022,14175,"Tri-County Electric Coop, Inc (SC)",,SC,SC,.,.,262,.,262,,,Y,,,,,,,,,,,,,,,,,
2022,14232,Otter Tail Power Co,,MN,MISO,"17,595","1,870",11,0,"19,476",Y,Y,Y,,,,,,,,,,Y,Y,Y,,,,,
2022,14232,Otter Tail Power Co,,ND,MISO,"15,582","2,252",0,0,"17,834",Y,Y,,,,,,,,,,,Y,Y,,,,,,
2022,14232,Otter Tail Power Co,,SD,MISO,"3,518",369,0,0,"3,887",Y,Y,,,,,,,,,,,Y,Y,,,,,,
2022,14246,City of Owatonna - (MN),,MN,MISO,.,38,57,.,95,,Y,Y,,,,,,,,,,,,,,,,,
2022,14267,"Otsego Electric Coop, Inc",Y,NY,NYIS,6,1,.,.,7,,,,,,,,,,,,,,,,,,,,
2022,14289,Ozarks Electric Coop Corp - (AR),,AR,SWPP,.,12,3,.,15,,,,,,,,,,,,,,Y,Y,,,,,
2022,14328,Pacific Gas & Electric Co.,,CA,CISO,"511,743","488,668","32,037",0,"1,032,448",Y,Y,Y,,,,,,,,,,Y,Y,Y,,,,,
2022,14354,PacifiCorp,,CA,PACW,.,10,19,.,29,,Y,Y,,,,,,,,,,,,,,,,,
2022,14354,PacifiCorp,,ID,PACE,"9,714",3,.,.,"9,717",Y,Y,,,,,,,,,,,,,,,,,,
2022,14354,PacifiCorp,,OR,PACW,"1,112",229,205,.,"1,546",Y,Y,Y,,,,,,,,,,,,,,,,,
2022,14354,PacifiCorp,,UT,PACE,"1,072","1,024",535,1,"2,632",Y,Y,Y,Y,,,,,,,,,,,,,,,,
2022,14354,PacifiCorp,,WA,PACW,11,33,17,.,61,Y,Y,Y,,,,,,,,,,,,,,,,,
2022,14354,PacifiCorp,,WY,PACE,11,22,67,.,100,Y,Y,Y,,,,,,,,,,,,,,,,,
2022,14398,Palmetto Electric Coop Inc,,SC,SC,0,208,5,0,213,,Y,,,,,,,,,,,,Y,Y,,,,,
2022,14401,City of Palo Alto - (CA),,CA,CISO,.,1,.,.,1,,Y,,,,,,,,,,,,,,,,,,
2022,14455,City of Paris - (TN),,TN,TVA,0,6,1,0,7,,Y,Y,,,,,,,,,,,,,,,,,
2022,14468,People's Cooperative Services,,MN,MISO,313,3,0,0,316,Y,Y,,,,,,,,,,,,,,,,,,
2022,14471,Parke County Rural E M C,Y,IN,MISO,16,1,0,.,17,,,,,,,,,,,,,,,,,,,,
2022,14534,City of Pasadena - (CA),,CA,CISO,49,124,.,.,173,Y,Y,,,,,,,,,,,,,,,,,,
2022,14557,"Pee Dee Electric Coop, Inc",,SC,SC,.,.,9,.,9,,,,,,,,,,,,,,,Y,,,,,
2022,14563,Pearl River Valley El Pwr Assn,,MS,MISO,.,.,1,.,1,,,Y,,,,,,,,,,,,,,,,,
2022,14602,Pea River Electric Coop,,AL,SOCO,.,18,.,.,18,,Y,,,,,,,,,,,,,,,,,,
2022,14605,City of Peabody - (MA),,MA,ISNE,.,8,4,.,12,,Y,Y,,,,,,,,,,,,,,,,,
2022,14606,"Peace River Electric Coop, Inc",,FL,SEC,31,54,.,.,85,Y,Y,,,,,,,,,,,,,,,,,,
2022,14610,Orlando Utilities Comm,,FL,FMPP,518,412,.,.,930,Y,Y,,,,,,,,,,,,,,,,,,
2022,14626,"Pedernales Electric Coop, Inc",,TX,ERCO,302,"2,741",169,.,"3,212",Y,Y,Y,,,,Y,,,,,,,,,,,,,
2022,14711,Pennsylvania Electric Co,,PA,PJM,56,0,214,0,270,Y,,,,,,Y,,,,,,,,,,,,,
2022,14715,PPL Electric Utilities Corp,,PA,PJM,610,432,74,0,"1,116",Y,Y,Y,,,Y,Y,,,,,,,,,,,,,
2022,14716,Pennsylvania Power Co,,PA,PJM,6,0,81,0,87,Y,,,,,,Y,,,,,,,,,,,,,
2022,14717,Pee Dee Electric Member Corp,,NC,CPLE,2,.,.,.,2,Y,,,,,,,,,,,,,,,,,,,
2022,14724,Pennyrile Rural Electric Coop,,KY,TVA,0,1,16,0,17,,Y,Y,,,,,,,,,,,,,,,,,
2022,14840,City of Peru - (IL),,IL,MISO,0,1,0,0,1,,Y,,,,,,,,,,,,,,,,,,
2022,14864,Petit Jean Electric Coop Corp,,AR,MISO,.,.,1,.,1,,,Y,,,,,,,,,,,,,,,,,
2022,14940,PECO Energy Co,,PA,PJM,"1,411",979,314,.,"2,704",Y,Y,,,,Y,Y,,,,,,,,,,,,,
2022,15023,Piedmont Electric Member Corp,,NC,DUK,"1,584",317,1,.,"1,902",Y,Y,,,,,,,,,,,,,Y,,,,,
2022,15034,Pierce-Pepin Coop Services,Y,WI,MISO,16,1,.,.,17,,,,,,,,,,,,,,,,,,,,
2022,15086,Pioneer Power and Light Co,,WI,MISO,6,.,.,.,6,Y,,,,,,,,,,,,,,,,,,,
2022,15141,Plateau Electric Cooperative,,TN,TVA,0,0,2,0,2,,,Y,,,,,,,,,,,,,,,,,
2022,15159,City of Plymouth - (WI),,WI,MISO,21,44,6,0,71,Y,Y,Y,,,,,,,,,,,,,,,,,
2022,15211,Pontotoc Electric Power Assn,,MS,TVA,0,0,1,0,1,,,Y,,,,,,,,,,,,,,,,,
2022,15248,Portland General Electric Co,,OR,PGE,"2,493",283,.,.,"2,776",Y,Y,,,,,,,,,,,,,,,,,,
2022,15263,The Potomac Edison Company,,MD,PJM,500,62,55,0,617,Y,,,,,Y,Y,,,,,,,,,,,,,
2022,15270,Potomac Electric Power Co,,MD,PJM,"537,604",120,.,.,"537,724",Y,,,,,,,,,,,,,,,,Y,Y,,
2022,15293,Powell Valley Electric Coop,,TN,TVA,0,0,2,0,2,,,Y,,,,,,,,,,,,,,,,,
2022,15297,City of Plummer - (ID),Y,ID,AVA,803,134,4,.,941,,,,,,,,,,,,,,,,,,,,
2022,15312,Village of Prairie Du Sac - (WI),,WI,MISO,11,49,1,0,61,Y,Y,Y,,,,,,,,,,,,,,,,,
2022,15340,Presque Isle Elec & Gas Coop,,MI,MISO,.,8,5,.,13,,Y,Y,,,,,,,,,,,,,,,,,
2022,15444,Provo City Corp,,UT,PACE,2,0,0,0,2,Y,,,,,,,,,,,,,,,,,,,
2022,15466,Public Service Co of Colorado,,CO,PSCO,"489,661","2,563",.,.,"492,224",Y,Y,Y,Y,,,,,,,,,,,Y,,,,,
2022,15470,"Duke Energy Indiana, LLC",,IN,MISO,628,84,56,.,768,,Y,Y,,,Y,Y,,Y,Y,Y,,Y,Y,,,,,,
2022,15472,Public Service Co of NH,,NH,ISNE,50,82,70,.,202,Y,Y,Y,,,,Y,,,,,,,,,,,,,
2022,15473,Public Service Co of NM,,NM,PNM,121,"4,838",63,0,"5,022",Y,Y,Y,,,,,,,,,,,,,,,,,
2022,15474,Public Service Co of Oklahoma,,OK,SWPP,"22,638","70,466","6,332",0,"99,436",Y,Y,Y,,,,,,,,,,,,,,,,,
2022,15507,City of Pulaski - (TN),,TN,TVA,0,0,2,0,2,,,Y,,,,,,,,,,,,,,,,,
2022,15671,Randolph Electric Member Corp,,NC,CPLE,113,42,1,.,156,Y,Y,Y,,,,,,,,,,,,,,,,,
2022,15748,Town of Reading - (MA),,MA,ISNE,648,83,.,.,731,Y,Y,,,,,,,,,,,,,,,,,,
2022,15804,Reedsburg Utility Comm,,WI,MISO,1,57,8,0,66,Y,Y,Y,,,,,,,,,,,,,,,,,
2022,15865,Village of Republic - (OH),Y,OH,PJM,271,36,1,0,308,,,,,,,,,,,,,,,,,,,,
2022,15938,Rice Lake Utilities,Y,WI,MISO,29,8,25,.,62,,,,,,,,,,,,,,,,,,,,
2022,15978,City of Richland Center - (WI),,WI,MISO,0,8,4,0,12,,Y,Y,,,,,,,,,,,,,,,,,
2022,15983,Richland Electric Coop,Y,WI,MISO,"1,203",129,.,.,"1,332",,,,,,,,,,,,,,,,,,,,
2022,15989,City of Richmond - (IN),,IN,PJM,.,.,87,.,87,,,,,,,,,,,,,,,Y,,,,,
2022,16057,"Rio Grande Electric Coop, Inc",,NM,EPE,239,68,16,.,323,Y,Y,Y,,,,,,,,,,,,,,,,,
2022,16057,"Rio Grande Electric Coop, Inc",,TX,ERCO,"9,023","4,347",566,.,"13,936",Y,Y,Y,,,,,,,,,,,,,,,,,
2022,16060,Riverland Energy Cooperative,,WI,MISO,390,68,.,.,458,Y,Y,,,,,,,,,,,,,,,,,,
2022,16082,City of River Falls,,WI,MISO,16,27,4,0,47,Y,Y,Y,,,,,,,,,,,,,,,,,
2022,16088,City of Riverside - (CA),,CA,CISO,152,.,615,.,767,Y,,Y,,,,,,,,,,,,,,,,,
2022,16101,Roanoke Electric Member Corp,,NC,PJM,38,1,2,.,41,Y,Y,Y,,,,,,,,,,,,,,,,,
2022,16179,Rochelle Municipal Utilities,,IL,PJM,149,14,25,.,188,Y,Y,Y,,,,,,,,,,,,,,,,,
2022,16181,Rochester Public Utilities,,MN,MISO,73,88,0,0,161,Y,Y,,,,,,,,,,,,,,,,,,
2022,16183,Rochester Gas & Electric Corp,,NY,NYIS,"3,461",786,185,.,"4,432",Y,Y,Y,,,Y,Y,,,Y,Y,,,,,,,,,
2022,16223,City of Rockwood - (TN),,TN,TVA,0,0,4,0,4,,,Y,,,,,,,,,,,,,,,,,
2022,16267,Rolling Hills Electric Coop,Y,KS,SWPP,0,7,234,0,241,,,,,,,,,,,,,,,,,,,,
2022,16295,City of Roseville - (CA),,CA,BANC,.,.,32,.,32,,,Y,,,,,,,,,,,,,,,,,
2022,16496,Rutherford Elec Member Corp,,NC,DUK,0,194,0,0,194,,Y,,,,,,,,,,,,,,,,,,
2022,16511,Sac-Osage Electric Coop Inc,Y,MO,AECI,.,6,.,.,6,,,,,,,,,,,,,,,,,,,,
2022,16534,Sacramento Municipal Util Dist,,CA,BANC,"549,613","65,062",151,1,"614,827",Y,Y,Y,Y,,,,,,,,,Y,,,,,,,
2022,16565,Salmon River Electric Coop Inc,,ID,IPCO,0,0,1,0,1,,,Y,,,,,,,,,,,,,,,,,
2022,16572,Salt River Project,,AZ,SRP,"316,463","14,276",1,.,"330,740",Y,Y,Y,,,,,,,,,,,,,,,,,
2022,16603,"San Luis Valley R E C, Inc",,CO,WACM,"1,244",72,"2,520",.,"3,836",Y,Y,Y,,,,,,,,,,,,,,,,,
2022,16604,City of San Antonio - (TX),,TX,ERCO,.,69,.,.,69,,Y,,,,,,,,,,,,,,,,,,
2022,16609,San Diego Gas & Electric Co,,CA,CISO,"1,051,909","146,007",95,.,"1,198,011",Y,Y,Y,,,,,,Y,Y,,,Y,Y,Y,,,,,
2022,16616,"San Isabel Electric Assn, Inc",,CO,WACM,"1,016",542,9,.,"1,567",Y,Y,Y,,,,,,,,,,,,,,,,,
2022,16629,Sand Mountain Electric Coop,,AL,TVA,0,1,0,0,1,,Y,,,,,,,,,,,,,,,,,,
2022,16649,Sangre De Cristo Elec Assn Inc,Y,CO,WACM,205,11,4,.,220,,,,,,,,,,,,,,,,,,,,
2022,16674,Satilla Rural Elec Member Corporation,,GA,SOCO,.,949,35,.,984,,Y,,,,,,,,,,,,,Y,,,,,
2022,16679,City of Sauk Centre - (MN),Y,MN,MISO,36,4,7,.,47,,,,,,,,,,,,,,,,,,,,
2022,16680,Village of Sauk City - (WI),Y,WI,MISO,.,24,2,.,26,,,,,,,,,,,,,,,,,,,,
2022,16829,City of Scottsboro,,AL,TVA,0,1,2,0,3,,Y,Y,,,,,,,,,,,,,,,,,
2022,16854,"Heartland Rural Elec Coop, Inc",Y,KS,SWPP,292,.,.,.,292,,,,,,,,,,,,,,,,,,,,
2022,16865,Sawnee Electric Membership Corporation,,GA,SOCO,394,463,.,.,857,Y,Y,,,,,,,,,,,Y,,,,,,,
2022,16868,City of Seattle - (WA),,WA,SCL,204,138,27,3,372,Y,Y,Y,Y,,,,,,,,,,,,,,,,
2022,16920,Sedgwick County El Coop Assn Inc,Y,KS,SWPP,.,.,6,.,6,,,,,,,,,,,,,,,,,,,,
2022,16930,Sequachee Valley Electric Coop,,TN,TVA,0,2,1,0,3,,Y,Y,,,,,,,,,,,,,,,,,
2022,16949,Sevier County Electric System,,TN,TVA,0,2,3,0,5,,Y,Y,,,,,,,,,,,,,,,,,
2022,16971,Shakopee Public Utilities Comm,,MN,MISO,.,.,2,.,2,Y,,Y,,,,,,,,,,,,,,,,,
2022,17011,Shawano Municipal Utilities,,WI,MISO,17,35,32,.,84,Y,Y,Y,,,,,,,,,,,,,,,,,
2022,17033,Sheffield Utilities,,AL,TVA,0,0,7,0,7,,,Y,,,,,,,,,,,,,,,,,
2022,17037,City of Shelby - (NC),Y,NC,DUK,.,2,.,.,2,,,,,,,,,,,,,,,,,,,,
2022,17047,City of Shelbyville - (TN),,TN,TVA,0,0,2,0,2,,,Y,,,,,,,,,,,,,,,,,
2022,17066,Shenandoah Valley Elec Coop,,VA,PJM,0,11,5,0,16,,,,,,,,,,,,,,Y,Y,,,,,
2022,17130,City of Shullsburg - (WI),Y,WI,MISO,.,.,2,.,2,,,,,,,,,,,,,,,,,,,,
2022,17166,Sierra Pacific Power Co,,NV,NEVP,"1,978","2,403",113,.,"4,494",Y,Y,Y,,,,,,,,,,Y,,,,,,,
2022,17252,Singing River Elec Cooperative,,MS,MISO,.,51,15,.,66,,Y,Y,,,,,,,,,,,,,,,,,
2022,17267,Sioux Valley SW Elec Coop,,MN,SWPP,49,1,.,.,50,Y,Y,,,,,,,,,,,,,,,,,,
2022,17267,Sioux Valley SW Elec Coop,,SD,SWPP,409,3,.,.,412,Y,Y,,,,,,,,,,,,,,,,,,
2022,17324,Slinger Utilities,,WI,MISO,1,10,0,0,11,Y,Y,,,,,,,,,,,,,,,,,,
2022,17452,City of Smithville - (TN),,TN,TVA,0,0,1,0,1,,,Y,,,,,,,,,,,,,,,,,
2022,17470,PUD 1 of Snohomish County,,WA,BPAT,507,4,2,.,513,Y,Y,Y,,,,,,,,,,Y,,,,,,,
2022,17492,"Socorro Electric Coop, Inc",Y,NM,PNM,130,14,.,.,144,,,,,,,,,,,,,,,,,,,,
2022,17539,"Dominion Energy South Carolina, Inc",,SC,SCEG,84,"1,630",18,0,"1,732",Y,Y,Y,,,,Y,,,,,,,,,,,,,
2022,17543,South Carolina Public Service Authority,,SC,SC,2,28,19,0,49,Y,Y,Y,,,,Y,,,,,,,,Y,,,,Y,
2022,17548,South Central Public Pwr Dist,Y,NE,SWPP,0,0,2,0,2,,,,,,,,,,,,,,,,,,,,
2022,17572,South River Elec Member Corp,,NC,CPLE,68,203,.,.,271,Y,Y,Y,,,,,,,,,,,,,,,,,
2022,17577,City of South Sioux City,,NE,SWPP,.,1,.,.,1,,Y,,,,,,,,,,,,,,,,,,
2022,17592,Southeast Colorado Power Assn,,CO,WACM,9,38,.,.,47,Y,Y,,,,,,,,,,,,,,,,,,
2022,17599,Southeastern Indiana R E M C,,IN,MISO,43,.,.,.,43,Y,,,,,,,,,,,,Y,,,,,,,
2022,17603,Southeastern Electric Coop Inc - (OK),,OK,SWPP,.,.,5,.,5,,,,,,,,,,,Y,,,,,,,,,
2022,17609,Southern California Edison Co,,CA,CISO,"2,478,884","621,683","25,183",.,"3,125,750",Y,Y,Y,,,Y,Y,,,,,,Y,Y,Y,,,,,
2022,17612,Bear Valley Electric Service,,CA,CISO,11,6,7,.,24,Y,Y,Y,,,,,,,,,,,,,,,,,
2022,17637,Southern Maryland Elec Coop Inc,,MD,PJM,"1,212",48,.,.,"1,260",Y,Y,,,,,,,,,,,,,,,,,,
2022,17643,"Southern Iowa Elec Coop, Inc",Y,IA,AECI,"4,612",151,0,.,"4,763",,,,,,,,,,,,,,,,,,,,
2022,17646,"Southern Pine Elec Coop, Inc",,AL,SOCO,.,.,2,.,2,,,,,,,,,,,,,,,Y,,,,,
2022,17647,Southern Pine Electric Cooperative,,MS,MISO,5,7,2,0,14,Y,Y,Y,,,,,,,,,,,,,,,,,
2022,17668,City of Southport - (NC),Y,NC,CPLE,"2,721",578,.,.,"3,299",,,,,,,,,,,,,,,,,,,,
2022,17683,Southwest Mississippi E P A,,MS,MISO,.,2,.,.,2,,Y,,,,,,,,,,,,,,,,,,
2022,17684,Southwest Louisiana E M C,,LA,MISO,.,5,.,.,5,,Y,,,,,,,,,,,,,,,,,,
2022,17694,Southwest Tennessee E M C,,TN,TVA,0,19,1,0,20,,Y,Y,,,,,,,,,,,,,,,,,
2022,17698,Southwestern Electric Power Co,,AR,SWPP,"106,455","18,610",610,.,"125,675",Y,Y,Y,,,,,,,,,,,,,,,,,
2022,17698,Southwestern Electric Power Co,,LA,SWPP,"207,464","1,526",51,.,"209,041",Y,Y,Y,,,,,,,,,,,,,,,,,
2022,17698,Southwestern Electric Power Co,,TX,SWPP,"154,721","3,334",174,.,"158,229",Y,Y,Y,,,,,,,,,,,,,,,,,
2022,17718,Southwestern Public Service Co,,NM,SWPP,11,20,4,.,35,Y,Y,Y,,,,,,,,,,,,,,,,,
2022,17718,Southwestern Public Service Co,,TX,SWPP,43,52,.,.,95,Y,Y,,,,,,,,,,,,,,,,,,
2022,17826,"Springer Electric Coop, Inc",,NM,PNM,36,18,.,.,54,Y,Y,,,,,,,,,,,,,,,,,,
2022,17828,City of Springfield - (IL),,IL,MISO,22,.,.,.,22,Y,,,,,,,,,,,,,,,,,,,
2022,17829,City of Springfield - (TN),,TN,TVA,0,0,1,0,1,,,Y,,,,,,,,,,,,,,,,,
2022,17868,St Croix Electric Coop,Y,WI,MISO,"1,923",17,0,0,"1,940",,,,,,,,,,,,,,,,,,,,
2022,17891,City of St Marys - (OH),,OH,PJM,"3,755",496,13,.,"4,264",Y,Y,Y,,Y,,,,Y,,,,Y,,,,,,,
2022,17896,City of Shasta Lake - (CA),Y,CA,BANC,.,.,1,.,1,,,,,,,,,,,,,,,,,,,,
2022,18006,City of Starkville,,MS,TVA,0,1,2,0,3,,Y,Y,,,,,,,,,,,,,,,,,
2022,18019,Stearns Cooperative Elec Assn,,MN,MISO,.,.,2,.,2,,,Y,,,,,,,,,,,,,,,,,
2022,18022,City of Statesville - (NC),,NC,DUK,.,26,19,.,45,,Y,Y,,,,,,,,,,,Y,Y,,,,,
2022,18047,Steele-Waseca Cooperative Electric,,MN,MISO,.,4,16,.,20,,Y,Y,,,,,,,,,,,,,,,,,
2022,18087,Town of Sterling - (MA),,MA,ISNE,82,.,.,.,82,Y,,,,,,,,,,,,,,,,,,,
2022,18102,"Steuben Rural Elec Coop, Inc",Y,NY,NYIS,47,0,0,0,47,,,,,,,,,,,,,,,,,,,,
2022,18181,City of Stoughton - (WI),,WI,MISO,24,47,3,0,74,Y,Y,Y,,,,,,,,,,,,,,,,,
2022,18249,City of Sturgeon Bay - (WI),,WI,MISO,95,326,1,0,422,Y,Y,Y,,,,,,,,,,,,,,,,,
2022,18252,City of Sturgis,,MI,PJM,0,16,11,.,27,,Y,Y,,,,,,,,,,,,,,,,,
2022,18280,Sulphur Springs Valley E C Inc,,AZ,WALC,7,147,0,0,154,Y,Y,Y,Y,,,,,,,,,,,,,,,,
2022,18304,"Sumter Electric Coop, Inc",,FL,SEC,.,.,8,.,8,,,,,,,,,,,,,,,Y,,,,,
2022,18305,Sumter Electric Member Corp,,GA,SOCO,.,908,10,.,918,,Y,Y,,,,,,,,,,,,,,,,,
2022,18312,Sun Prairie Utilities,,WI,MISO,82,157,5,0,244,Y,Y,Y,,,,,,,,,,,,,,,,,
2022,18336,Superior Water and Light Co,,WI,MISO,59,6,14,0,79,Y,Y,Y,Y,,,,,,,,,,,,,,,,
2022,18339,Surry-Yadkin Elec Member Corp,,NC,DUK,"1,325",.,.,.,"1,325",Y,,,,,,,,,,,,,,,,,,,
2022,18360,Suwannee Valley Elec Coop Inc,,FL,SEC,.,346,1,.,347,,Y,Y,,,,,,,,,,,,,,,,,
2022,18383,Taylor Electric Coop - (WI),Y,WI,MISO,137,34,.,.,171,,,,,,,,,,,,,,,,,,,,
2022,18384,City of Sweetwater,,TN,TVA,0,0,3,0,3,,,Y,,,,,,,,,,,,,,,,,
2022,18397,City of Sylvania - (GA),,GA,SOCO,0,2,0,0,2,,Y,,,,,,,,,,,,,,,,,,
2022,18445,City of Tallahassee - (FL),,FL,TAL,738,0,0,0,738,Y,,,,,,,,,,,,,,,,,,,
2022,18447,Tallahatchie Valley E P A,,MS,TVA,0,3,1,0,4,,Y,Y,,,,,,,,,,,,,,,,,
2022,18454,Tampa Electric Co,,FL,TEC,"4,210","3,694",50,.,"7,954",,Y,Y,,,,,,,,,,Y,,,,,,,
2022,18472,City of Tarrant,,AL,TVA,0,0,1,0,1,,,Y,,,,,,,,,,,,,,,,,
2022,18498,Taylor County Rural E C C,,KY,PJM,13,0,.,.,13,Y,,,,,,,,,,,,,,,,,,,
2022,18546,Town of Templeton - (MA),Y,MA,ISNE,.,10,1,.,11,,,,,,,,,,,,,,,,,,,,
2022,18642,Tennessee Valley Authority,,AL,TVA,0,1,6,0,7,,Y,Y,,,,,,,,,,,,,,,,,
2022,18642,Tennessee Valley Authority,,KY,TVA,0,2,10,0,12,,Y,Y,,,,Y,,,,,,,,,,,,,
2022,18642,Tennessee Valley Authority,,MS,TVA,0,1,6,0,7,,Y,Y,,,,Y,,,,,,,,,,,,,
2022,18642,Tennessee Valley Authority,,TN,TVA,0,5,17,0,22,,Y,Y,,,Y,Y,,,,,,,,,,,,,
2022,18895,Thumb Electric Coop of Mich,Y,MI,MISO,9,1,.,.,10,,,,,,,,,,,,,,,,,,,,
2022,18917,Tillamook Peoples Utility Dist,,OR,BPAT,.,.,6,.,6,,,Y,,,,,,,,,,,,,,,,,
2022,18940,Tipmont Rural Elec Member Corp,,IN,MISO,62,14,1,.,77,Y,Y,Y,,,,,,,,,,,,,,,,,
2022,18943,Tippah Electric Power Assn,,MS,TVA,0,0,3,0,3,,,Y,,,,,,,,,,,,,,,,,
2022,18951,Tishomingo County E P A,,MS,TVA,0,0,1,0,1,,,Y,,,,,,,,,,,,,,,,,
2022,18995,Tenaska Power Services,,TX,ERCO,0,8,193,0,201,,,,,,Y,Y,,,,,,,,,,,,,
2022,18997,The Toledo Edison Co,,OH,PJM,41,0,0,0,41,Y,,,,,,,,,,,,,,,,,,,
2022,19007,Tombigbee Electric Power Assn,,MS,TVA,0,0,4,0,4,,,Y,,,,,,,,,,,,,,,,,
2022,19125,City of Traverse City - (MI),,MI,MISO,16,.,40,.,56,Y,,Y,,,,,,,,,,,,,,,,,
2022,19156,Powder River Energy Corp,,WY,WACM,134,180,2,0,316,Y,Y,Y,,,,,,,,,,,,,,,,,
2022,19157,MiEnergy Cooperative,,IA,MISO,.,15,4,.,19,,Y,Y,,,,,,,,,,,,,,,,,
2022,19157,MiEnergy Cooperative,,MN,MISO,16,11,8,.,35,Y,Y,Y,,,,,,,,,,,,,,,,,
2022,19160,"Tri-County Electric Coop, Inc (OK)",,OK,SWPP,.,15,13,.,28,,Y,Y,,,,,,,,,,,,,,,,,
2022,19162,Tri-County Elec Member Corp (TN),,KY,TVA,0,1,1,0,2,,Y,Y,,,,,,,,,,,,,,,,,
2022,19189,Trico Electric Cooperative Inc,,AZ,WALC,"1,602",50,11,0,"1,663",Y,Y,Y,,,,,,,,,,,,,,,,,
2022,19266,Tullahoma Board-Public Utils,,TN,TVA,"9,132","1,936",0,0,"11,068",Y,Y,,,,,,,,,,,,,,,,,,
2022,19273,City of Tupelo - (MS),,MS,TVA,0,1,1,0,2,,Y,Y,,,,,,,,,,,,,,,,,
2022,19281,Turlock Irrigation District,,CA,TIDC,"2,127",441,163,0,"2,731",Y,Y,Y,,,,,,,,,,,,,,,,,
2022,19324,Two Rivers Water & Light,,WI,MISO,6,29,1,0,36,Y,Y,Y,,,,,,,,,,,,,,,,,
2022,19327,"TXU Energy Retail Co, LLC",,TX,ERCO,"245,047","20,968",.,.,"266,015",Y,Y,,,,Y,,,,,,,,Y,,,,,,
2022,19390,"UGI Utilities, Inc",,PA,PJM,.,170,54,.,224,,,,,,Y,Y,,,,,,,,,,,,,
2022,19396,Tri-County Electric Coop (MI),,MI,MISO,5,20,205,0,230,Y,Y,Y,,,,,,,,,,,,,,,,,
2022,19430,City of Union City,,TN,TVA,0,0,2,0,2,,,Y,,,,,,,,,,,,,,,,,
2022,19436,Union Electric Co - (MO),,MO,MISO,"454,040","7,396",19,.,"461,455",Y,Y,Y,,,,,,,,,,,,,,,,,
2022,19446,Duke Energy Kentucky,,KY,PJM,"1,039",251,77,.,"1,367",,Y,Y,,,Y,Y,,,Y,Y,,,,,,Y,,,
2022,19490,United Electric Coop Service Inc - (TX),,TX,ERCO,0,15,15,0,30,,Y,,,,,,,,,,,,Y,Y,,,,,
2022,19497,United Illuminating Co,,CT,ISNE,"71,872","8,551",441,1,"80,865",Y,Y,Y,Y,,,,,,,,,,,,,,,,
2022,19499,"United Power, Inc",,CO,WACM,"2,274",572,15,0,"2,861",Y,Y,Y,,,,,,,,,,,,,,,,,
2022,19547,Hawaiian Electric Co Inc,,HI,HECO,"2,250",103,2,0,"2,355",Y,Y,Y,,,,,,,,,,,,,,,,,
2022,19574,Upper Cumberland E M C,,TN,TVA,0,0,2,0,2,,,Y,,,,,,,,,,,,,,,,,
2022,19578,Upper Peninsula Power Company,,MI,MISO,.,.,1,.,1,,,Y,,,,Y,,,,,,,,Y,,,,,
2022,19667,Utilities Dist-Western IN REMC,,IN,MISO,2,0,0,0,2,Y,,,,,,,,,,,,,,,,,,,
2022,19728,"UNS Electric, Inc",,AZ,TEPC,"15,830",600,4,.,"16,434",Y,Y,Y,,,,,,,,,,,,,,,,,
2022,19785,Verdigris Valley Elec Coop Inc,,OK,AECI,.,.,1,.,1,,,Y,,,,,,,,,,,,,,,,,
2022,19791,"Vermont Electric Cooperative, Inc",,VT,ISNE,29,49,4,0,82,Y,Y,,,,,Y,,,,,,,,,,,,,
2022,19798,City of Vernon,,CA,CISO,.,102,104,.,206,,Y,Y,,,,,,,,,,,,,,,,,
2022,19806,"Victoria Electric Coop, Inc",,TX,ERCO,0,0,15,0,15,,,,,,,,,,,,,,,,,,,Y,
2022,19813,Vernon Electric Coop,Y,WI,MISO,1,.,.,.,1,,,,,,,,,,,,,,,,,,,,
2022,19820,Victory Electric Coop Assn Inc,,KS,SWPP,.,5,.,.,5,,,,,,Y,,,,,,,,,,,,,,
2022,19876,Virginia Electric & Power Co,,NC,PJM,475,"1,114",28,0,"1,617",Y,Y,Y,,,,,,,Y,Y,,,Y,Y,,,,,
2022,19876,Virginia Electric & Power Co,,VA,PJM,"17,466","6,638",235,0,"24,339",Y,Y,Y,,,,,,,Y,Y,,,Y,Y,,,,,
2022,19898,Volunteer Electric Coop,,TN,TVA,0,1,12,0,13,,Y,Y,,,,,,,,,,,,,,,,,
2022,19951,City of Wadsworth - (OH),,OH,PJM,424,40,0,0,464,Y,Y,,,,,,,,,,,,,,,,,,
2022,19981,Wake Electric Membership Corp,,NC,CPLE,657,183,1,.,841,Y,Y,Y,,,,,,,,,,,Y,Y,,,,,
2022,20111,Warren County Rural E M C,Y,IN,MISO,30,10,0,0,40,,,,,,,,,,,,,,,,,,,,
2022,20130,Warren Rural Elec Coop Corp,,KY,TVA,0,3,21,0,24,,Y,Y,,,,Y,,,,,,,,,,,,,
2022,20146,Washington Elec Member Corp,,GA,SOCO,.,.,1,.,1,,,,,,,Y,,,,,,,,,,,,,
2022,20176,City of Water Valley - (MS),,MS,TVA,0,0,1,0,1,,,Y,,,,,,,,,,,,,,,,,
2022,20182,Waterloo Light & Water Comm,,WI,MISO,2,37,0,0,39,Y,Y,,,,,,,,,,,,,,,,,,
2022,20211,Village of Waunakee - (WI),,WI,MISO,41,81,2,0,124,Y,Y,Y,,,,,,,,,,,,,,,,,
2022,20213,Waupun Utilities,,WI,MISO,127,171,2,0,300,Y,Y,Y,,,,,,,,,,,,,,,,,
2022,20214,Waverly Municipal Elec Utility,Y,IA,MISO,.,7,.,.,7,,,,,,,,,,,,,,,,,,,,
2022,20216,Whitewater Valley Rural EMC,,IN,MISO,45,0,6,0,51,Y,,Y,,,,,,,,,,,,,,,,,
2022,20222,Wayne-White Counties Elec Coop,,IL,MISO,5,0,0,0,5,Y,,,,,,,,,,,,,,,,,,,
2022,20228,Weakley County Mun Elec Sys,,TN,TVA,0,2,2,0,4,,Y,Y,,,,,,,,,,,,,,,,,
2022,20310,Town of Wellesley - (MA),,MA,ISNE,.,.,5,.,5,,,Y,,,,,,,,,,,,,,,,,
2022,20371,"West Florida El Coop Assn, Inc",,FL,SOCO,1,17,.,.,18,Y,Y,,,,,,,,,,,,,,,,,,
2022,20377,West Kentucky Rural E C C,,KY,TVA,0,4,3,0,7,,Y,Y,,,,,,,,,,,,,,,,,
2022,20387,West Penn Power Company,,PA,PJM,5,0,269,0,274,Y,,,,,,Y,,,,,,,,,,,,,
2022,20394,City of West Point - (MS),,MS,TVA,0,0,1,0,1,,,Y,,,,,,,,,,,,,,,,,
2022,20401,West River Electric Assn Inc,,SD,SWPP,21,9,.,.,30,Y,Y,,,,,,,,,,,,Y,,,,,,
2022,20422,Whetstone Valley Elec Coop Inc,Y,SD,SWPP,"1,674",37,42,.,"1,753",,,,,,,,,,,,,,,,,,,,
2022,20434,City of Westby,,WI,MISO,0,8,0,0,8,,Y,,,,,,,,,,,,,,,,,,
2022,20477,City of Westerville - (OH),,OH,PJM,45,.,.,.,45,Y,,,,,,,,,,,,,,,,,,,
2022,20506,"Wheatland Rural Elec Assn, Inc",Y,WY,WACM,103,12,19,.,134,,,,,,,,,,,,,,,,,,,,
2022,20509,Wheat Belt Public Power Dist,Y,NE,WACM,.,.,7,.,7,,,,,,,,,,,,,,,,,,,,
2022,20510,"Wheatland Electric Coop, Inc",,KS,SWPP,0,14,"1,242",0,"1,256",,Y,Y,,,,,,,,,,,,,,,,,
2022,20521,Wheeling Power Co,,WV,PJM,"2,300",20,2,.,"2,322",Y,Y,Y,,,,,,,,,,,,,,,,,
2022,20583,Whitehall Electric Utility,,WI,MISO,2,16,1,0,19,Y,Y,Y,,,,,,,,,,,,,,,,,
2022,20824,Village of Winnetka - (IL),Y,IL,PJM,.,1,.,.,1,,,,,,,,,,,,,,,,,,,,
2022,20844,Wisconsin Dells Electric Util,Y,WI,MISO,.,12,.,.,12,,,,,,,,,,,,,,,,,,,,
2022,20847,Wisconsin Electric Power Co,,WI,MISO,"15,224","21,903",616,.,"37,743",Y,Y,Y,,,,Y,,,,,,,,,,,,,
2022,20856,Wisconsin Power & Light Co,,WI,MISO,"4,214","6,949","1,004",.,"12,167",Y,Y,Y,Y,,,,,,,,,,,,,,,,
2022,20860,Wisconsin Public Service Corp,,WI,MISO,"10,151","8,681",196,0,"19,028",Y,Y,Y,,,,Y,,,,,,Y,Y,Y,,,,,
2022,20862,Wisconsin Rapids W W & L Comm,,WI,MISO,92,268,6,.,366,Y,Y,Y,Y,,,,,,,,,,,,,,,,
2022,20924,Wonewoc Electric & Water Util,Y,WI,MISO,23,.,.,.,23,,,,,,,,,,,,,,,,,,,,
2022,20996,Wright-Hennepin Coop Elec Assn,,MN,MISO,246,0,0,0,246,Y,,,,,,,,,,,,,,,,,,,
2022,21244,"Southside Electric Coop, Inc",,VA,PJM,3,.,11,.,14,Y,,,,,,,,,,,,,,,,,,Y,
2022,21526,City of Laurens - (SC),Y,SC,DUK,.,19,.,.,19,,,,,,,,,,,,,,,,,,,,
2022,21538,"Mohave Electric Cooperative, Inc.",,AZ,WALC,1,6,2,0,9,Y,Y,Y,,,,,,,,,,,,,,,,,
2022,21567,"Washington-St Tammany E C, Inc",,LA,MISO,.,1,.,.,1,,Y,,,,,,,,,,,,,,,,,,
2022,22053,Kentucky Power Co,,KY,PJM,298,715,8,.,"1,021",Y,Y,Y,,,,,,,,,,,,,,,,,
2022,22500,"Evergy Kansas Central, Inc",,KS,SWPP,393,91,2,.,486,Y,Y,Y,,,,,,,,,,,,,,,Y,Y,
2022,22815,Delta Electric Power Assn,,MS,MISO,.,61,5,.,66,,Y,Y,,,,,,,,,,,,,,,,,
2022,22822,Clark County Rural E M C - (IN),,IN,MISO,362,.,.,.,362,Y,,,,,,,,,,,,,,,,,,,
2022,23326,"Sierra Electric Coop, Inc",Y,NM,PNM,243,117,.,.,360,,,,,,,,,,,,,,,,,,,,
2022,23826,Bluestem Electric Coop Inc,Y,KS,SWPP,22,12,.,.,34,,,,,,,,,,,,,,,,,,,,
2022,24211,Tucson Electric Power Co,,AZ,TEPC,"46,115","2,374",18,.,"48,507",Y,Y,Y,,,,,,,,,,,,,,,,,
2022,24590,Unitil Energy Systems,,NH,ISNE,41,2,.,.,43,Y,Y,,,,,,,,,,,,,,,,,,
2022,24889,Brunswick Electric Member Corp,,NC,CPLE,89,2,0,0,91,Y,Y,,,,,,,,,,,,,,,,,,
2022,24949,Cass County Elec Coop Inc,,ND,MISO,29,405,451,.,885,Y,,,,,,,,,,,,Y,Y,Y,Y,,,,
2022,25177,Dakota Electric Association,,MN,MISO,18,6,0,0,24,Y,Y,,,,,,,,,,,,,,,,,,
2022,25295,Western Indiana Energy REMC,,IN,MISO,.,361,.,.,361,,Y,,,,,,,,,,,,,,,,,,
2022,26510,Liberty Utilities (Granite State Electri,,NH,ISNE,524,.,150,.,674,Y,,Y,,,,,,,,,,Y,,,,,,,
2022,26765,Pella Cooperative Elec Assn,Y,IA,MISO,.,.,3,.,3,,,,,,,,,,,,,,,,,,,,
2022,27058,"High West Energy, Inc",,CO,WACM,10,1,4,0,15,Y,Y,Y,,,,,,,,,,,,Y,,,,,
2022,27058,"High West Energy, Inc",,NE,WACM,50,3,112,0,165,Y,Y,Y,,,,,,,,,,,,Y,,,,,
2022,27058,"High West Energy, Inc",,WY,WACM,134,3,9,0,146,Y,Y,Y,,,,,,,,,,,,Y,,,,,
2022,27222,City of Ripley - (TN),,TN,TVA,0,1,3,0,4,,Y,Y,,,,,,,,,,,,,,,,,
2022,30518,Electrical Dist No3 Pinal County,,AZ,AZPS,"1,128",.,.,.,"1,128",Y,,,,,,,,,,,,,,,,,,,
2022,31833,Okefenoke Rural El Member Corp,,GA,SOCO,0,15,1,0,16,,Y,,,,,,,,,,,,,Y,,,,,
2022,40036,Westfield Electric Company,,WI,MISO,2,6,.,.,8,Y,Y,,,,,,,,,,,,,,,,,,
2022,40166,"Chickasaw Electric Coop, Inc",,TN,TVA,0,59,2,0,61,,Y,Y,,,,,,,,,,,,,,,,,
2022,40208,"Ark Valley Elec Coop Assn, Inc",Y,KS,SWPP,.,198,.,.,198,,,,,,,,,,,,,,,,,,,,
2022,40228,Rappahannock Electric Coop,,VA,PJM,51,.,.,.,51,Y,,,,,,,,,,,,,,,,Y,,,
2022,40236,"Forked Deer Electric Coop, Inc",,TN,TVA,0,1,0,0,1,,Y,,,,,,,,,,,,,,,,,,
2022,40291,"Sullivan County R E C, Inc - (PA)",Y,PA,PJM,56,.,.,.,56,,,,,,,,,,,,,,,,,,,,
2022,40302,North East Mississippi EPA,,MS,TVA,0,1,2,0,3,,Y,Y,,,,,,,,,,,,,,,,,
2022,40441,Town of Murphy - (NC),,NC,TVA,0,1,2,0,3,,Y,Y,,,,,,,,,,,,,,,,,
2022,49922,U.S. Energy Partners LLC,,NY,NYIS,.,38,.,.,38,,Y,,,,,,,,,,,,,,,,,,
2022,50046,"Texas Retail Energy, LLC",,CT,ISNE,.,49,.,.,49,,,,,,Y,,,,,,,,,,,,,,
2022,50046,"Texas Retail Energy, LLC",,IL,PJM,.,111,.,.,111,,,,,,Y,,,,,,,,,,,,,,
2022,50046,"Texas Retail Energy, LLC",,IL,MISO,.,79,.,.,79,,,,,,Y,,,,,,,,,,,,,,
2022,50046,"Texas Retail Energy, LLC",,MA,ISNE,.,47,.,.,47,,,,,,Y,,,,,,,,,,,,,,
2022,50046,"Texas Retail Energy, LLC",,MD,PJM,.,73,.,.,73,,,,,,Y,,,,,,,,,,,,,,
2022,50046,"Texas Retail Energy, LLC",,ME,ISNE,.,31,.,.,31,,,,,,Y,,,,,,,,,,,,,,
2022,50046,"Texas Retail Energy, LLC",,NH,ISNE,.,45,.,.,45,,,,,,Y,,,,,,,,,,,,,,
2022,50046,"Texas Retail Energy, LLC",,NJ,PJM,.,86,.,.,86,,,,,,Y,,,,,,,,,,,,,,
2022,50046,"Texas Retail Energy, LLC",,NY,NYIS,.,132,.,.,132,,,,,,Y,,,,,,,,,,,,,,
2022,50046,"Texas Retail Energy, LLC",,OH,PJM,.,209,.,.,209,,,,,,Y,,,,,,,,,,,,,,
2022,50046,"Texas Retail Energy, LLC",,PA,PJM,.,217,.,.,217,,,,,,Y,,,,,,,,,,,,,,
2022,50046,"Texas Retail Energy, LLC",,TX,ERCO,.,579,.,.,579,,,,,,Y,,,,,,,,,,,,,,
2022,50046,"Texas Retail Energy, LLC",,VA,PJM,.,107,.,.,107,,,,,,Y,,,,,,,,,,,,,,
2022,54913,NSTAR Electric Company,,MA,ISNE,.,"9,335",400,.,"9,735",,Y,Y,,,,,,,,,,,,,,,,,
2022,55787,City of Moreno Valley - (CA),,CA,CISO,957,32,4,0,993,Y,Y,Y,,,,,,,,,,,,,,,,,
2022,55937,Entergy Texas Inc.,,TX,MISO,35,3,11,.,49,Y,Y,Y,,,,,,,,,,,,,,,,,
2022,55962,City of Victorville - (CA),Y,CA,CISO,.,.,73,.,73,,,,,,,,,,,,,,,,,,,,
2022,55982,Heart of Texas Electric Coop,,TX,ERCO,.,.,1,.,1,,,Y,,,,,,,,,,,,,,,,,
2022,56212,"Ambit Energy Holdings, LLC",,TX,ERCO,"8,049",.,.,.,"8,049",Y,,,,,,,,,,,,,,,,,,,
2022,56224,Rancho Cucamonga Municipal Utility,Y,CA,CISO,.,25,1,.,26,,,,,,,,,,,,,,,,,,,,
2022,56379,"MC Squared Energy Services, LLC",,IL,PJM,0,"1,259",29,.,"1,288",Y,Y,Y,Y,,,,,,,,,,,,,,,,
2022,56692,Marin Clean Energy,,CA,CISO,"338,531","53,397",0,0,"391,928",Y,Y,,,,,,,,,,,,,,,,,,
2022,56697,Ameren Illinois Company,,IL,MISO,"152,699","1,236",54,0,"153,989",,,,,Y,Y,Y,,,,,,,,,,Y,,,
2022,57483,Liberty Utilities,,CA,CISO,240,94,.,.,334,Y,Y,,,,,,,,,,,,,,,,,,
2022,58124,City of Winter Park - (FL),,FL,FPC,.,24,.,.,24,,Y,,,,,,,,,,,,,,,,,,
2022,58248,"EnergyMark, LLC",,NY,NYIS,"3,702","3,354",158,0,"7,214",,,Y,,Y,Y,Y,,,,,,,,,,,,,
2022,58457,"EDF Industrial Power Services (CA), LLC",,CA,CISO,.,26,7,.,33,,,,,,Y,Y,,,,,,,,,,,,,
2022,58851,City of Cerritos - (CA),,CA,CISO,0,275,10,0,285,,Y,Y,,,,,,,,,,,,,,,,,
2022,59126,Sonoma Clean Power Authority,,CA,CISO,"119,194","23,710","2,728",0,"145,632",Y,Y,Y,,,,,,,,,,,,,,,,,
2022,59385,"Dynegy Energy Services, LLC",,IL,PJM,.,48,.,.,48,,,,,,Y,,,,,,,,,,,,,,
2022,59505,Heartland REMC,,IN,PJM,.,.,2,.,2,,,Y,,,,,,,,,,,,,,,,,
2022,59619,"EDF Energy Services, LLC",,CT,ISNE,0,24,7,0,31,,,,,,Y,Y,,,,,,,,,,,,,
2022,59619,"EDF Energy Services, LLC",,DE,PJM,0,0,4,0,4,,,,,,,Y,,,,,,,,,,,,,
2022,59619,"EDF Energy Services, LLC",,IL,PJM,0,20,13,0,33,,,,,,Y,Y,,,,,,,,,,,,,
2022,59619,"EDF Energy Services, LLC",,MA,ISNE,0,49,16,0,65,,,,,,Y,Y,,,,,,,,,,,,,
2022,59619,"EDF Energy Services, LLC",,MD,PJM,0,8,2,0,10,,,,,,Y,Y,,,,,,,,,,,,,
2022,59619,"EDF Energy Services, LLC",,ME,ISNE,0,3,4,0,7,,,,,,Y,Y,,,,,,,,,,,,,
2022,59619,"EDF Energy Services, LLC",,NH,ISNE,0,23,4,0,27,,,,,,Y,Y,,,,,,,,,,,,,
2022,59619,"EDF Energy Services, LLC",,NJ,PJM,0,19,6,0,25,,,,,,Y,Y,,,,,,,,,,,,,
2022,59619,"EDF Energy Services, LLC",,NY,NYIS,0,33,1,0,34,,,,,,Y,Y,,,,,,,,,,,,,
2022,59619,"EDF Energy Services, LLC",,OH,PJM,0,15,16,0,31,,,,,,Y,Y,,,,,,,,,,,,,
2022,59619,"EDF Energy Services, LLC",,PA,PJM,0,13,13,0,26,,,,,,Y,Y,,,,,,,,,,,,,
2022,59619,"EDF Energy Services, LLC",,RI,ISNE,0,7,2,0,9,,,,,,Y,Y,,,,,,,,,,,,,
2022,59619,"EDF Energy Services, LLC",,TX,ERCO,0,64,56,0,120,,,,,,Y,Y,,,,,,,,,,,,,
2022,59619,"EDF Energy Services, LLC",,VA,PJM,0,6,2,0,8,,,,,,Y,Y,,,,,,,,,,,,,
2022,59793,"First Point Power, LLC",,CT,ISNE,0,11,2,0,13,,,,,,Y,Y,,,,,,,,,,,,,
2022,59793,"First Point Power, LLC",,MA,ISNE,0,17,7,0,24,,,,,,Y,Y,,,,,,,,,,,,,
2022,59793,"First Point Power, LLC",,ME,ISNE,1,10,1,0,12,,,,,Y,Y,Y,,,,,,,,,,,,,
2022,59793,"First Point Power, LLC",,NH,ISNE,4,63,6,0,73,,,,,Y,Y,Y,,,,,,,,,,,,,
2022,59793,"First Point Power, LLC",,RI,ISNE,1,7,2,0,10,,,,,Y,Y,Y,,,,,,,,,,,,,
2022,59808,MP2 Energy LLC,,IL,PJM,0,"3,200",72,0,"3,272",,,,,,Y,Y,,,,,,,,,,,,,
2022,59808,MP2 Energy LLC,,NJ,PJM,0,"1,768",36,0,"1,804",,,,,,Y,Y,,,,,,,,,,,,,
2022,59808,MP2 Energy LLC,,OH,PJM,0,"3,076",138,0,"3,214",,,,,,Y,Y,,,,,,,,,,,,,
2022,59808,MP2 Energy LLC,,PA,PJM,0,"2,923",161,0,"3,084",,,,,,Y,Y,,,,,,,,,,,,,
2022,59808,MP2 Energy LLC,,TX,ERCO,"24,200","6,548",711,0,"31,459",,,,,Y,Y,Y,,,,,,,,,,,,,
2022,59808,MP2 Energy LLC,,VA,PJM,0,39,5,0,44,,,,,,Y,Y,,,,,,,,,,,,,
2022,59931,"MidAmerican Energy Services, LLC",,DC,PJM,.,6,.,.,6,,,,,,Y,,,,,,,,,,,,,,
2022,59931,"MidAmerican Energy Services, LLC",,DE,PJM,.,36,.,.,36,,,,,,Y,,,,,,,,,,,,,,
2022,59931,"MidAmerican Energy Services, LLC",,IL,PJM,.,218,9,.,227,,,,,,Y,Y,,,,,,,,,,,,,
2022,59931,"MidAmerican Energy Services, LLC",,IL,MISO,.,600,38,.,638,,,,,,Y,Y,,,,,,,,,,,,,
2022,59931,"MidAmerican Energy Services, LLC",,MD,PJM,18,181,4,.,203,,,,,Y,Y,Y,,,,,,,,,,,,,
2022,59931,"MidAmerican Energy Services, LLC",,NJ,PJM,.,78,9,.,87,,,,,,Y,Y,,,,,,,,,,,,,
2022,59931,"MidAmerican Energy Services, LLC",,NY,NYIS,1,42,2,.,45,,,,,Y,Y,Y,,,,,,,,,,,,,
2022,59931,"MidAmerican Energy Services, LLC",,OH,PJM,.,256,3,.,259,,,,,,Y,Y,,,,,,,,,,,,,
2022,59931,"MidAmerican Energy Services, LLC",,PA,PJM,5,256,2,.,263,,,,,Y,Y,Y,,,,,,,,,,,,,
2022,59931,"MidAmerican Energy Services, LLC",,TX,ERCO,.,128,2,.,130,,,,,,Y,Y,,,,,,,,,,,,,
2022,60181,CleanPowerSF,,CA,CISO,"241,627","30,330",31,.,"271,988",Y,Y,Y,,,,,,,,,,,,,,,,,
2022,60202,Electranet Power LLC,,TX,ERCO,.,.,29,.,29,,,Y,,,,Y,,,,Y,,,,Y,,,,Y,
2022,60502,Port of Stockton - (CA),Y,CA,CISO,.,10,.,.,10,,,,,,,,,,,,,,,,,,,,
2022,60631,Upper Michigan Energy Resources Corp.,,MI,MISO,489,141,55,0,685,Y,Y,Y,,,,,,,,,,,,,,,,,
2022,60715,Port of Oakland,Y,CA,CISO,.,.,10,.,10,,,,,,,,,,,,,,,,,,,,
2022,60839,Southern Pioneer Electric Company,,KS,SWPP,0,0,1,0,1,,,,,,,Y,,,,,,,,,,,,,
2022,60868,Redwood Coast Energy Authority,,CA,CISO,"36,468","7,017","1,720",0,"45,205",Y,Y,Y,,,,,,,,,,,,,,,,,
2022,61131,Freepoint Energy Solutions LLC,,DC,PJM,0,13,0,0,13,,,,,,Y,,,,,,,,,,,,,,
2022,61131,Freepoint Energy Solutions LLC,,DE,PJM,0,11,0,0,11,,,,,,Y,,,,,,,,,,,,,,
2022,61131,Freepoint Energy Solutions LLC,,IL,PJM,0,169,0,0,169,,,,,,Y,,,,,,,,,,,,,,
2022,61131,Freepoint Energy Solutions LLC,,MD,PJM,0,46,0,0,46,,,,,,Y,,,,,,,,,,,,,,
2022,61131,Freepoint Energy Solutions LLC,,NJ,PJM,0,52,0,0,52,,,,,,Y,,,,,,,,,,,,,,
2022,61131,Freepoint Energy Solutions LLC,,OH,PJM,0,410,0,0,410,,,,,,Y,,,,,,,,,,,,,,
2022,61131,Freepoint Energy Solutions LLC,,PA,PJM,0,161,0,0,161,,,,,,Y,,,,,,,,,,,,,,
2022,61131,Freepoint Energy Solutions LLC,,TX,ERCO,0,94,0,0,94,,,,,,Y,,,,,,,,,,,,,,
2022,61432,Central Coast Community Energy,,CA,CISO,"265,929","52,389","7,217",.,"325,535",Y,Y,Y,Y,,,,,,,,,,,,,,,,
2022,61475,East Bay Community Energy,,CA,CISO,"461,700","51,269","6,151",0,"519,120",Y,Y,Y,Y,,,,,,,,,,,,,,,,
2022,61858,San Jose Clean Energy,,CA,CISO,"219,229","25,517",40,1,"244,787",Y,Y,Y,Y,,,,,,,,,,,,,,,,
2022,62107,City of Industry,Y,CA,CISO,0,73,0,0,73,,,,,,,,,,,,,,,,,,,,
2022,63364,"Mirabito Power & Gas, LLC",,NY,NYIS,21,55,11,0,87,,,,,Y,Y,Y,,,,,,,,,,,,,
2022,63489,"Tenaska Power Management, LLC",,IL,MISO,.,2,.,.,2,,,,,,Y,,,,,,,,,,,,,,
2022,64682,"Gexa Energy, LP",,TX,ERCO,"1,174",.,.,.,"1,174",Y,,,,Y,,,,,,,,,,,,,,,
2022,88888,Withheld,,TX,ERCO,.,.,12,.,12,,,,,,,Y,,,,,,,,,,,,,
2022,88888,Withheld,,TX,ERCO,.,.,2,.,2,,,,,,,,,,,Y,,,,,,,,,
2022,88888,Withheld,,TX,ERCO,.,.,11,.,11,,,,,,,Y,,,,,,,,,,,,,
