Data Year,Utility Number,Utility Name,State,BA_CODE,Total Revenue (Thousand Dollars),Total Sales (MWh),Total Customers,Water Heater,Net Metering,Demand Side Management,Time Based Programs
2014,192.0,Akiachak Native Community Electric,AK,,963,1876,228,.,N,N,N
2014,878.0,Atmautluak Tribal Utilities,AK,,374,517,96,.,N,N,N
2014,1747.0,Birch Creek Village Elec Util - (AK),AK,,20,15,15,.,N,N,N
2014,3421.0,City of Chignik - (AK),AK,,421.7,766,113,.,N,N,Y
2014,3422.0,City of Chefornak,AK,,866,1395,185,.,N,N,N
2014,3465.0,Chitina Electric Inc,AK,,248,390,75,.,N,N,N
2014,4959.0,Aniak Light & Power Co Inc,AK,,1504,2173,218,.,N,N,N
2014,5721.0,City of Elfin Cove - (AK),AK,,159,231,75,.,N,N,N
2014,6866.0,"G & K, Inc",AK,,1561,2158,119,.,N,N,N
2014,6915.0,Galena Electric Utility,AK,,2903,4332,317,.,N,N,N
2014,7822.0,Gustavus Electric Inc,AK,,544.6,1242,504,.,N,N,N
2014,7833.0,Gwitchyaa Zhee Utility Co,AK,,1668,2403,360,.,N,N,N
2014,9000.0,Hughes Power & Light Co,AK,,228,324,50,.,N,N,N
2014,9188.0,"I-N-N Electric Coop, Inc",AK,,1311.3,2985,280,.,N,N,N
2014,9192.0,Igiugig Electric Company,AK,,207,293,51,.,N,N,N
2014,9416.0,Ipnatchiaq Electric Company,AK,,447.9,341,66,.,N,N,N
2014,9832.0,Kuiggluum Kallugvia,AK,,675.7,1315,228,.,N,N,N
2014,9897.0,City of King Cove,AK,,1255,3749,430,.,N,N,N
2014,10455.0,Kokhanok Village Council,AK,,173,359,78,.,N,N,N
2014,10491.0,Kwig Power Company,AK,,652.5,1070,124,.,N,N,N
2014,10716.0,City of Larsen Bay - (AK),AK,AMPL,139,397,55,.,N,N,N
2014,12119.0,McGrath Light & Power Co,AK,,1737,2280,244,.,N,N,N
2014,12385.0,Metlakatla Power & Light,AK,,2001,19558,972,.,N,N,N
2014,12485.0,Middle Kuskokwim Elec Coop Inc,AK,,916.9,815,196,.,N,N,N
2014,13201.0,"Naknek Electric Assn, Inc",AK,,11212,19865,1071,.,N,N,N
2014,13211.0,Napakiak Ircinraq Power Co,AK,,454.8,650,132,.,N,N,N
2014,13477.0,Nelson Lagoon Elec Coop Inc,AK,,166.1,219,43,.,N,N,N
2014,13870.0,"Nushagak Electric Coop, Inc",AK,,8195,17686,1457,.,Y,N,N
2014,14234.0,City of Ouzinkie - (AK),AK,,321,819,110,.,N,N,N
2014,14633.0,Pedro Bay Village Council - (AK),AK,,139,187,41,.,N,N,N
2014,14832.0,Native Village of Perryville - (AK),AK,,337,382,66,.,N,N,N
2014,17898.0,City of Saint Paul,AK,,2035.2,3529,235,.,N,N,N
2014,18474.0,Tanana Power Co Inc,AK,,513.8,1011,158,.,N,N,N
2014,18480.0,Tatitlek Electric Utility,AK,,142,356,65,.,N,N,N
2014,18541.0,City of Tenakee Springs - (AK),AK,,226.8,372,161,.,N,N,N
2014,18963.0,"Inside Passage Elec Coop, Inc",AK,,5536,9722,1323,.,N,N,N
2014,19267.0,Tuntutuliak Comm Services Assn,AK,,575,1120,130,.,N,N,N
2014,20535.0,City of White Mountain - (AK),AK,,437.1,782,107,.,N,N,N
2014,24486.0,City of Akutan - (AK),AK,,162.6,517,72,.,N,N,N
2014,26317.0,City of Manokotak - (AK),AK,,500,1460,198,.,N,N,N
2014,29297.0,Pelican Utility,AK,,258,1097,102,.,N,N,N
2014,30150.0,CBY DBA Yakutat Power,AK,,2725,5414,447,.,N,N,N
2014,40548.0,Unalakleet Valley Elec Coop,AK,,1801,4138,354,.,N,N,N
2014,56256.0,City of Atka - (AK),AK,,239.3,423,57,.,N,N,N
2014,56503.0,TDX Manley Generating LLC,AK,,237,382,119,.,N,N,Y
2014,56739.0,Gold Country Energy,AK,,346,465,153,.,N,N,N
2014,57351.0,City of Egegik - (AK),AK,,535.4,674,84,.,N,N,N
2014,2423.0,City of Brundidge - (AL),AL,AEC,6483.7,57512,1287,.,N,N,N
2014,5728.0,City of Elba - (AL),AL,AEC,4849,51268,3214,.,N,N,N
2014,6052.0,City of Evergreen - (AL),AL,SOCO,6153,51097,1870,.,N,N,N
2014,8209.0,City of Hartford - (AL),AL,SOCO,2957,30554,1414,.,N,N,N
2014,10570.0,City of Lafayette - (AL),AL,SOCO,4975.4,39510,1537,.,N,N,N
2014,10687.0,City of Lanett - (AL),AL,SOCO,6044,59172,3521,.,N,N,N
2014,11333.0,City of Luverne - (AL),AL,SOCO,3323,46723,1852,.,N,N,N
2014,14151.0,City of Opp - (AL),AL,AEC,8801,69011,3192,.,N,N,N
2014,15022.0,City of Piedmont - (AL),AL,SOCO,4004,39309,2093,.,N,N,N
2014,16140.0,City of Robertsdale,AL,SOCO,10273,76165,3054,.,N,N,N
2014,925.0,"Ashley Chicot Elec Coop, Inc",AR,MISO,9267,76386,4936,.,Y,Y,N
2014,1000.0,City of Augusta - (AR),AR,MISO,1364,13461,966,.,N,N,N
2014,6206.0,Farmers Electric Coop Corp - (AR),AR,MISO,10045,86916,5125,.,N,Y,N
2014,14460.0,City of Paris - (AR),AR,SWPP,4675,44820,1820,.,N,N,N
2014,15043.0,City of Piggott - (AR),AR,SPA,5254,39601,2196,.,N,N,N
2014,15337.0,City of Prescott - (AR),AR,MISO,8412,83814,1750,.,N,N,N
2014,737.0,Aguila Irrigation District,AZ,AZPS,2152,36623,53,.,N,Y,N
2014,2469.0,Buckeye Water C&D District,AZ,AZPS,586,6716,102,.,N,Y,N
2014,3990.0,Colorado River Indian Irr Proj,AZ,WALC,4574.5,61008,2687,.,N,N,N
2014,5438.0,"Duncan Valley Elec Coop, Inc",AZ,WALC,2800.3,24874,2118,.,Y,N,Y
2014,6753.0,City of Fredonia - (AZ),AZ,WALC,579.5,9432,727,.,N,N,N
2014,8139.0,Harquahala Valley Pwr District,AZ,AZPS,4880,86525,102,.,N,Y,N
2014,8700.0,Hohokam Irr & Drain Dist,AZ,WALC,4093,34338,1672,.,N,N,N
2014,12191.0,McMullen Valley Water C&D Dist,AZ,AZPS,4232,77068,129,.,N,Y,N
2014,13961.0,Ocotillo Water Conserv. Dist.,AZ,SRP,751,12386,84,.,N,Y,N
2014,14543.0,Tohono O'Odham Utility Authority,AZ,AZPS,12269,90436,3758,.,Y,N,N
2014,15050.0,Electrical Dist No5 Pinal County,AZ,SRP,3262.4,62194,422,.,N,N,N
2014,16273.0,Roosevelt Irrigation District,AZ,SRP,3088,38870,178,.,N,Y,N
2014,16538.0,City of Safford - (AZ),AZ,WALC,8858,70727,4043,.,Y,Y,N
2014,18805.0,Town of Thatcher- (AZ),AZ,WALC,2350,23043,1382,.,Y,Y,N
2014,19016.0,Tonopah Irrigation District,AZ,AZPS,1139,19037,40,.,N,Y,N
2014,20618.0,Town of Wickenburg,AZ,AZPS,2320,24463,1431,.,N,Y,N
2014,21239.0,Electrical Dist No7 Maricopa,AZ,AZPS,2795,48066,110,.,N,Y,N
2014,40355.0,Maricopa County M W C Dist #1,AZ,AZPS,2961,39366,152,.,N,Y,N
2014,40357.0,Electrical Dist No6 Pinal County,AZ,SRP,2095,35561,112,.,N,Y,N
2014,56535.0,City of Williams - AZ,AZ,AZPS,3661,34193,1763,.,N,Y,N
2014,1702.0,City of Biggs - (CA),CA,CISO,1976.2,15190,688,.,N,N,N
2014,3990.0,Colorado River Indian Irr Proj,CA,WALC,1823.4,21658,2116,.,N,N,N
2014,7677.0,City of Gridley - (CA),CA,CISO,6506,35304,2879,.,Y,N,N
2014,13149.0,City of Needles - (CA),CA,WALC,6153,53076,2920,.,N,N,N
2014,19131.0,Trinity Public Utilities Dist,CA,CISO,7543,95927,7259,.,Y,N,N
2014,19174.0,Tuolumne County Pub Power Agny,CA,CISO,1685.8,23125,32,.,N,N,N
2014,56224.0,Rancho Cucamonga Municipal Utility,CA,CISO,10896,75765,912,.,Y,N,Y
2014,2550.0,City of Burlington - (CO),CO,WACM,3919,31700,2163,.,N,N,N
2014,3227.0,City of Center - (CO),CO,PSCO,1550.9,18709,996,.,N,N,N
2014,5036.0,City of Delta - (CO),CO,WACM,5670,53658,3056,.,Y,N,N
2014,6418.0,Town of Fleming - (CO),CO,WACM,275,3002,213,.,N,N,N
2014,7478.0,Town of Granada - (CO),CO,WACM,413,3033,236,.,Y,N,N
2014,8311.0,Town of Haxtun - (CO),CO,WACM,1009,10062,599,.,N,N,N
2014,8751.0,Town of Holly - (CO),CO,WACM,1054.6,6286,579,.,N,N,N
2014,8777.0,City of Holyoke - (CO),CO,WACM,2395,22139,1196,.,N,N,N
2014,9928.0,City of Julesburg - (CO),CO,WACM,901.5,9044,856,.,N,N,N
2014,10536.0,City of La Junta - (CO),CO,PSCO,10712,75430,3751,.,N,N,N
2014,10633.0,City of Lamar - (CO),CO,PSCO,11900,83300,5490,.,Y,N,N
2014,10730.0,City of Las Animas - (CO),CO,WACM,3886,24080,1934,.,N,N,N
2014,11376.0,Town of Lyons - (CO),CO,PSCO,693,12104,1138,.,Y,N,N
2014,14054.0,Town of Oak Creek - (CO),CO,WACM,674,8953,718,.,N,N,N
2014,17834.0,City of Springfield - (CO),CO,WACM,1546,10794,1062,.,N,N,N
2014,19204.0,City of Trinidad - (CO),CO,WACM,7315.8,46373,3757,.,N,N,N
2014,21021.0,City of Wray,CO,WACM,2430,22933,1281,.,N,N,N
2014,21143.0,City of Yuma - (CO),CO,WACM,2719,28240,1697,.,N,N,N
2014,40230.0,Deseret Generation & Tran Coop,CO,PACE,3572.9,32008,1,.,N,N,N
2014,10935.0,City of Lewes - (DE),DE,PJM,9421,75345,3601,.,Y,N,N
2014,1876.0,City of Blountstown - (FL),FL,SOCO,4376,34734,1349,.,N,N,N
2014,2633.0,City of Bushnell - (FL),FL,FPC,3335,22855,1026,.,N,N,N
2014,3406.0,City of Chattahoochee - (FL),FL,FPC,3924,36574,1156,.,N,N,N
2014,6609.0,City of Fort Meade - (FL),FL,FPC,5355.2,39295,2674,.,N,Y,N
2014,12876.0,City of Moore Haven - (FL),FL,FPL,1580,15300,1083,.,N,N,N
2014,13033.0,City of Mount Dora - (FL),FL,FPC,10682,88296,5721,.,Y,N,N
2014,13521.0,City of Newberry - (FL),FL,FPC,4096.5,32774,1687,.,Y,N,N
2014,20209.0,City of Wauchula - (FL),FL,TEC,6042,60320,2780,.,N,N,N
2014,20735.0,City of Williston - (FL),FL,FPC,4172,30583,1473,.,Y,N,N
2014,1232.0,City of Barnesville - (GA),GA,SOCO,7750,79526,2773,.,N,N,N
2014,1826.0,City of Blakely - (GA),GA,SOCO,7275,75389,2443,.,N,N,N
2014,2236.0,Town of Brinson - (GA),GA,SOCO,193.4,1535,117,.,N,N,N
2014,4091.0,City of Commerce - (GA),GA,SOCO,6360,54465,2805,.,N,N,N
2014,5236.0,City of Doerun - (GA),GA,SOCO,999,6652,461,.,N,N,N
2014,5796.0,City of Ellaville,GA,SOCO,3135.5,25118,849,.,N,N,N
2014,6130.0,City of Fairburn - (GA),GA,SOCO,7805.7,64814,3038,.,N,N,N
2014,6598.0,City of Forsyth - (GA),GA,SOCO,8817,76924,2541,.,N,N,N
2014,7515.0,City of Grantville - (GA),GA,SOCO,1369.5,11488,730,.,N,N,N
2014,8022.0,City of Hampton - (GA),GA,SOCO,3092.8,30902,2038,.,N,N,N
2014,8698.0,City of Hogansville - (GA),GA,SOCO,3200,23446,1604,.,N,N,N
2014,9573.0,City of Jackson - (GA),GA,SOCO,4915,38291,1595,.,N,N,N
2014,10571.0,City of LaFayette - (GA),GA,SOCO,9906.7,101455,3938,.,N,N,N
2014,11587.0,City of Mansfield - (GA),GA,SOCO,582,7074,252,.,N,N,N
2014,12851.0,City of Monticello - (GA),GA,SOCO,2958,24159,1480,.,N,N,N
2014,14396.0,City of Palmetto - (GA),GA,SOCO,3272.4,29567,1814,.,N,N,N
2014,15573.0,City of Quitman,GA,SOCO,6248,49924,2342,.,N,N,N
2014,16637.0,City of Sandersville - (GA),GA,SOCO,10912.9,93142,2792,.,N,N,N
2014,18403.0,City of Sylvester - (GA),GA,SOCO,9807,86156,2733,.,Y,N,N
2014,20393.0,City of West Point - (GA),GA,SOCO,6227,54736,1560,.,N,N,N
2014,20534.0,City of Whigham - (GA),GA,SOCO,914,6261,295,.,N,N,N
2014,40369.0,City of Oxford - (GA),GA,SOCO,2060,15738,676,.,N,N,N
2014,149.0,City of Afton- (IA),IA,MISO,801,6544,508,.,N,Y,N
2014,182.0,City of Akron - (IA),IA,MISO,1434,15218,825,.,N,N,N
2014,198.0,City of Alton,IA,MISO,992,11769,568,.,N,Y,N
2014,405.0,City of Alta - (IA),IA,MISO,1625.3,17188,989,.,N,N,N
2014,432.0,City of Alta Vista- (IA),IA,MISO,206.5,2015,210,.,N,N,N
2014,682.0,City of Anita - (IA),IA,MISO,810.4,8714,631,.,N,N,N
2014,700.0,City of Anthon - (IA),IA,WAUE,630.4,6676,360,.,N,Y,N
2014,723.0,City of Aplington,IA,MISO,686,6904,531,.,N,N,N
2014,995.0,City of Auburn - (IA),IA,MISO,240,1977,185,.,N,N,N
2014,1002.0,City of Aurelia - (IA),IA,MISO,834,7900,520,.,N,N,N
2014,1172.0,Bancroft Municipal Utilities,IA,MISO,1529,13050,642,.,N,N,N
2014,1515.0,City of Bellevue - (IA),IA,MISO,2263,20703,1559,.,Y,N,N
2014,1824.0,City of Bigelow - (MN),IA,MISO,83.4,937,19,.,N,N,N
2014,1968.0,Boone Valley Electric Coop,IA,MISO,459,5138,114,.,N,N,N
2014,2183.0,City of Breda - (IA),IA,MISO,462.4,4680,289,.,N,Y,N
2014,2287.0,City of Brooklyn - (IA),IA,MISO,1330.4,12366,804,.,N,Y,N
2014,2600.0,City of Burt,IA,MISO,394,3584,281,.,N,N,N
2014,2809.0,City of Callender - (IA),IA,MISO,298,2410,184,.,N,N,N
2014,3029.0,City of Carlisle- (IA),IA,MISO,2049.4,17865,1544,.,N,N,N
2014,3111.0,Cass Electric Coop,IA,MISO,112,1195,89,.,N,N,N
2014,3137.0,Cascade Municipal Utilities,IA,MISO,1945,18668,1115,.,N,Y,N
2014,3900.0,City of Coggon - (IA),IA,MISO,524.7,3628,271,.,N,N,N
2014,4304.0,City of Corwith - (IA),IA,MISO,397.3,2656,191,.,N,N,N
2014,4305.0,City of Coon Rapids,IA,WAUE,1479,14226,798,.,N,N,N
2014,4375.0,City of Corning - (IA),IA,MISO,1924,19537,1058,.,N,N,N
2014,4791.0,City of Danville - (IA),IA,MISO,613.8,5587,433,.,N,N,N
2014,4919.0,City of Dayton - (IA),IA,MISO,651,4977,468,.,N,Y,N
2014,5076.0,City of Denver - (IA),IA,MISO,1274.5,11721,888,.,N,N,N
2014,5155.0,City of Dike,IA,MISO,677,6190,496,.,N,N,N
2014,5518.0,City of Dysart - (IA),IA,MISO,1165,8749,694,.,N,Y,N
2014,5529.0,City of Durant - (IA),IA,MISO,1886,14986,954,.,N,Y,N
2014,5563.0,City of Earlville - (IA),IA,MISO,451,4893,443,.,N,N,N
2014,5827.0,City of Ellsworth - (IA),IA,MISO,539.3,5043,283,.,N,N,N
2014,6127.0,City of Fairbank - (IA),IA,MISO,872.6,7446,549,.,N,Y,N
2014,6210.0,City of Farnhamville - (IA),IA,MISO,497,4415,269,.,N,N,N
2014,6496.0,City of Fonda - (IA),IA,MISO,431,4662,378,.,N,N,N
2014,6501.0,City of Fontanelle - (IA),IA,MISO,701,6146,440,.,N,N,N
2014,6759.0,City of Fredericksburg - (IA),IA,MISO,1838,19667,541,.,N,N,N
2014,7295.0,City of Glidden - (IA),IA,MISO,832,8179,670,.,N,N,N
2014,7424.0,Gowrie Municipal Utilities,IA,MISO,874,7389,601,.,N,N,N
2014,7442.0,Grafton Electric - (IA),IA,MISO,223,1825,162,.,N,N,N
2014,7486.0,City of Grand Junction - (IA),IA,MISO,624.6,5321,481,.,N,N,N
2014,7837.0,City of Guttenberg,IA,MISO,2208.2,17668,1365,.,Y,N,N
2014,8214.0,City of Hartley - (IA),IA,WAUE,1807,19996,915,.,N,N,N
2014,8847.0,City of Hopkinton - (IA),IA,MISO,592.3,4662,374,.,N,N,N
2014,8966.0,Hudson Municipal Electric Utility,IA,MISO,1591.6,13119,924,.,N,N,N
2014,10172.0,City of Marathon - (IA),IA,MISO,347,2013,214,.,N,N,N
2014,10181.0,Keosauqua Municipal Light & Pwr,IA,SWPP,1472,13363,630,.,N,Y,N
2014,10265.0,City of Kimballton - (IA),IA,WAUE,228,2523,216,.,N,Y,N
2014,10542.0,La Porte City Utilities,IA,MISO,1845,16084,1191,.,N,N,N
2014,10608.0,City of Lake Park - (IA),IA,MISO,1384,12299,714,.,N,N,N
2014,10617.0,City of Lake View - (IA),IA,MISO,1925.4,21664,1385,.,N,Y,N
2014,10706.0,City of Larchwood - (IA),IA,MISO,779,8195,466,.,N,N,N
2014,10784.0,City of Lawler - (IA),IA,MISO,304,2723,270,.,N,N,N
2014,10881.0,City of Lehigh - (IA),IA,MISO,186,2176,268,.,N,N,N
2014,11093.0,City of Livermore- (IA),IA,MISO,352,2947,221,.,N,N,N
2014,11141.0,City of Long Grove - (IA),IA,MISO,352,2840,226,.,N,N,N
2014,11609.0,City of Mapleton- (IA),IA,MISO,1404,13768,779,.,N,N,N
2014,12114.0,City of McGregor- (IA),IA,MISO,791,7095,642,.,N,Y,N
2014,13382.0,City of Neola - (IA),IA,MISO,403,5076,452,.,N,N,N
2014,13468.0,New London Municipal Utilities,IA,MISO,1804.8,15136,1235,.,N,Y,N
2014,13990.0,City of Ogden - (IA),IA,MISO,1664.8,12748,1157,.,N,N,N
2014,14166.0,City of Orient - (IA),IA,MISO,312,2345,218,.,N,N,N
2014,14433.0,City of Panora - (IA),IA,MISO,1200.3,12501,727,.,N,N,N
2014,14473.0,City of Paton - (IA),IA,MISO,125,1518,129,.,N,N,N
2014,14577.0,City of Paullina - (IA),IA,MISO,1225,10328,669,.,N,N,N
2014,15180.0,City of Pocahontas - (IA),IA,MISO,2018,18347,1136,.,N,N,N
2014,15377.0,City of Primghar - (IA),IA,MISO,934,8971,558,.,N,N,N
2014,15751.0,City of Readlyn - (IA),IA,MISO,620,5350,375,.,Y,Y,N
2014,15862.0,City of Renwick - (IA),IA,MISO,506.6,4887,175,.,N,N,Y
2014,16211.0,City of Rockford- (IA),IA,MISO,830.3,6578,508,.,N,N,N
2014,16528.0,City of Sabula - (IA),IA,MISO,542,3449,436,.,N,N,N
2014,16992.0,City of Stanton - (IA),IA,MISO,620,7351,348,.,N,Y,N
2014,17046.0,City of Shelby - (IA),IA,WAUE,634,6210,293,.,N,N,N
2014,18014.0,City of State Center - (IA),IA,MISO,2061,14802,962,.,N,Y,N
2014,18201.0,City of Stratford - (IA),IA,MISO,578.4,5270,411,.,N,N,N
2014,18204.0,City of Strawberry Point,IA,MISO,1127.4,8391,739,.,N,N,N
2014,18231.0,City of Stuart - (IA),IA,MISO,1657,13847,886,.,N,N,N
2014,18301.0,City of Sumner - (IA),IA,MISO,1917,17150,1189,.,N,Y,Y
2014,19062.0,City of Traer - (IA),IA,MISO,1797,14222,1113,.,N,Y,N
2014,19843.0,City of Villisca - (IA),IA,MISO,1188,11844,780,.,N,N,N
2014,20025.0,City of Wall Lake - (IA),IA,MISO,873.9,9694,569,.,N,N,N
2014,20364.0,City of West Bend,IA,MISO,1458,17020,612,.,N,N,N
2014,20379.0,Town of Westfield - (IA),IA,WAUE,80,810,72,.,N,N,N
2014,20396.0,West Point Utility System,IA,MISO,1736,13902,735,.,N,N,N
2014,20604.0,City of Whittemore - (IA),IA,MISO,573.7,5135,321,.,N,N,N
2014,20846.0,City of Woolstock - (IA),IA,MISO,216,1759,128,.,N,N,N
2014,20949.0,City of Woodbine - (IA),IA,WAUE,1417,15970,901,.,N,Y,N
2014,27269.0,City of Stanhope - (IA),IA,MISO,321.4,2694,278,.,N,N,Y
2014,40390.0,City of Buffalo - (IA),IA,MISO,562,5679,464,.,N,N,N
2014,244.0,City of Albion - (ID),ID,BPAT,261,2807,205,.,N,N,N
2014,1956.0,City of Bonners Ferry,ID,BPAT,4667,70026,2667,.,Y,N,N
2014,5584.0,East End Mutual Elec Co Ltd,ID,BPAT,1468,22332,731,.,N,N,N
2014,6155.0,"Farmers Electric Company, Ltd - (ID)",ID,BPAT,189,3086,121,.,N,N,N
2014,7084.0,City of Declo - (ID),ID,BPAT,16,239,130,.,N,N,N
2014,8532.0,City of Heyburn - (ID),ID,BPAT,2452.7,49582,1550,.,N,N,N
2014,9186.0,"Idaho County L&P Coop Assn, Inc",ID,AVA,5210.4,50437,3832,.,Y,Y,N
2014,11211.0,Lost River Electric Coop Inc,ID,PACE,5613,86932,2628,.,N,N,N
2014,12609.0,City of Minidoka - (ID),ID,BPAT,51,635,44,.,N,N,N
2014,15297.0,City of Plummer - (ID),ID,AVA,2024.9,31698,955,.,N,Y,Y
2014,17493.0,City of Soda Springs - (ID),ID,PACE,1954.6,25318,1774,.,N,N,N
2014,17576.0,"South Side Electric, Inc",ID,BPAT,2691,54873,774,.,N,N,N
2014,20297.0,City of Weiser - (ID),ID,BPAT,3005.6,49757,2657,.,N,N,N
2014,56536.0,Riverside Electric Cooperative,ID,IPCO,1222,19457,581,.,N,N,N
2014,229.0,City of Albany - (IL),IL,MISO,580.7,5100,476,.,N,N,N
2014,366.0,City of Allendale- (IL),IL,MISO,323,3065,252,.,N,N,N
2014,406.0,City of Altamont - (IL),IL,MISO,2328,21899,1566,.,N,N,N
2014,1648.0,Village of Bethany - (IL),IL,MISO,997,8216,691,.,N,N,N
2014,2188.0,City of Breese - (IL),IL,MISO,5381,50219,2280,.,N,N,N
2014,2634.0,City of Bushnell - (IL),IL,MISO,3291,33609,1654,.,N,N,N
2014,2776.0,Cairo Public Utility Company,IL,MISO,6753.7,67247,1343,.,N,N,N
2014,3037.0,City of Carlyle - (IL),IL,MISO,3636.3,34029,1796,.,N,N,N
2014,3040.0,City of Carmi - (IL),IL,MISO,6251,53193,3272,.,N,N,N
2014,3153.0,City of Casey - (IL),IL,MISO,3201,28402,1997,.,N,N,N
2014,3405.0,Village of Chatham - (IL),IL,MISO,8461,73642,5470,.,N,N,N
2014,3726.0,Clay Electric Coop Inc,IL,MISO,7432,54540,3228,.,N,N,N
2014,5531.0,Enerstar Power Corp,IL,MISO,12940,90557,5274,.,Y,N,N
2014,6141.0,City of Fairfield- (IL),IL,MISO,8205,69589,3225,.,N,N,N
2014,6192.0,City of Farmer City - (IL),IL,MISO,2650,20183,1184,.,N,N,N
2014,6764.0,Village of Freeburg - (IL),IL,MISO,4863,38594,2175,.,N,N,N
2014,7095.0,City of Geneseo - (IL),IL,MISO,6579,62348,3961,.,N,N,N
2014,7633.0,Village of Greenup - (IL),IL,MISO,1875,15394,972,.,N,N,N
2014,11736.0,City of Marshall - (IL),IL,MISO,7133,61842,2401,.,N,N,N
2014,11790.0,City of Mascoutah - (IL),IL,MISO,5748,43433,3559,.,N,N,N
2014,12070.0,McDonough Power Coop,IL,MISO,10904.8,80867,5181,.,Y,N,N
2014,12167.0,City of McLeansboro - (IL),IL,MISO,3123,22164,1536,.,N,N,N
2014,12388.0,City of Metropolis - (IL),IL,MISO,7101,81882,3901,.,N,N,N
2014,13560.0,City of Newton - (IL),IL,MISO,2681,27784,1666,.,N,N,N
2014,13993.0,City of Oglesby - (IL),IL,MISO,3553.7,32734,2411,.,N,N,N
2014,15772.0,City of Red Bud - (IL),IL,MISO,5525,47250,2306,.,N,N,N
2014,16092.0,Village of Riverton - (IL),IL,MISO,2969,20388,1697,.,N,N,N
2014,16198.0,City of Rock Falls - (IL),IL,MISO,8955,72440,5391,.,N,N,N
2014,16269.0,City of Roodhouse - (IL),IL,MISO,1393,10689,956,.,N,N,N
2014,17838.0,"Spoon River Electric Coop, Inc",IL,MISO,9833,65946,4867,.,N,N,N
2014,18277.0,City of Sullivan - (IL),IL,MISO,7616,68177,3350,.,N,N,N
2014,20180.0,City of Waterloo - (IL),IL,MISO,10315,82256,4658,.,N,N,N
2014,29296.0,Western Illinois Elec Coop,IL,MISO,8056,67414,3684,.,Y,N,N
2014,40367.0,Village of Ladd - (IL),IL,MISO,1516,13124,634,.,N,N,N
2014,157.0,Town of Advance - (IN),IN,MISO,528,4666,273,.,N,N,N
2014,789.0,Town of Argos,IN,MISO,2463.8,22557,863,.,N,N,N
2014,1028.0,Town of Avilla - (IN),IN,PJM,3085.5,33852,1092,.,N,N,N
2014,1119.0,Town of Bainbridge - (IN),IN,MISO,697.9,5799,385,.,N,N,N
2014,1208.0,Town of Bargersville - (IN),IN,MISO,6041,58209,3511,.,N,N,N
2014,2289.0,Town of Brooklyn,IN,MISO,759,7328,547,.,N,N,N
2014,2304.0,Town of Brookston - (IN),IN,MISO,1164,11478,831,.,N,N,N
2014,2964.0,Cannelton Utilities,IN,MISO,1490,15992,935,.,N,N,N
2014,3230.0,Town of Centerville - (IN),IN,MISO,2623.6,24208,1398,.,N,N,N
2014,3323.0,Town of Chalmers - (IN),IN,MISO,462,4669,346,.,N,N,N
2014,3815.0,Town of Coatesville - (IN),IN,MISO,534.4,4997,301,.,N,N,N
2014,4429.0,City of Covington - (IN),IN,MISO,2685,25486,1595,.,N,N,N
2014,4486.0,Town of Crane - (IN),IN,MISO,111.8,828,93,.,N,N,N
2014,4799.0,Darlington Light & Power Co,IN,MISO,2051,19916,699,.,N,N,N
2014,5071.0,Town of Dunreith - (IN),IN,MISO,166,1393,153,.,N,N,N
2014,5392.0,Dublin Municipal Electric Util,IN,MISO,540,4529,500,.,N,N,N
2014,5655.0,Edinburgh Municipal Utilities,IN,MISO,8393,80771,2746,.,N,N,N
2014,5928.0,Town of Etna Green,IN,MISO,689,5940,370,.,N,N,N
2014,6276.0,Town of Ferdinand - (IN),IN,MISO,2942,44735,774,.,N,N,N
2014,6425.0,Flora Utilities,IN,PJM,2100,19159,1310,.,N,N,N
2014,6735.0,Town of Frankton - (IN),IN,PJM,1761,18146,1096,.,N,N,N
2014,6848.0,Fulton County Rural E M C,IN,MISO,12057.4,99495,5982,.,N,N,N
2014,6970.0,City of Garrett,IN,PJM,9196,88959,3184,.,N,N,N
2014,6993.0,City of Gas City - (IN),IN,PJM,6690,62489,3175,.,N,N,N
2014,7907.0,City of Hagerstown - (IN),IN,MISO,2188.6,21788,1200,.,N,N,N
2014,9088.0,City of Huntingburg - (IN),IN,MISO,8377,81594,3352,.,N,N,N
2014,9646.0,Town of Jamestown - (IN),IN,MISO,907.3,8742,537,.,N,N,N
2014,10330.0,Town of Kingsford Heights,IN,MISO,655.9,5651,585,.,N,N,N
2014,10407.0,Town of Knightstown - (IN),IN,PJM,2464,23603,1707,.,N,N,N
2014,10568.0,Town of Ladoga - (IN),IN,MISO,1012,7546,630,.,N,N,N
2014,10961.0,City of Lewisville - (IN),IN,MISO,287,2657,221,.,N,N,N
2014,11055.0,City of Linton - (IN),IN,MISO,7468,66185,3613,.,N,N,N
2014,12476.0,Town of Middletown - (IN),IN,MISO,1953,19914,1403,.,N,N,N
2014,12840.0,Town of Montezuma - (IN),IN,MISO,1580.9,14996,606,.,N,N,N
2014,13423.0,Town of New Carlisle- (IN),IN,MISO,1278,11441,927,.,N,N,N
2014,13566.0,Newton County Rural E M C,IN,MISO,5017,44399,1380,.,N,N,N
2014,13782.0,City of New Ross - (IN),IN,MISO,278,2706,225,.,N,N,N
2014,14435.0,Town of Paoli,IN,MISO,4127,39307,1912,.,N,N,N
2014,14659.0,Town of Pendleton - (IN),IN,MISO,7597,67400,2731,.,N,N,N
2014,15116.0,Town of Pittsboro - (IN),IN,MISO,1082,10554,743,.,N,N,N
2014,16068.0,City of Rising Sun - (IN),IN,MISO,4474,46930,1630,.,N,N,N
2014,16219.0,Town of Rockville - (IN),IN,MISO,3341.8,18712,2312,.,N,N,N
2014,17589.0,Town of South Whitley - (IN),IN,PJM,1728,18619,990,.,N,N,N
2014,17790.0,Town of Spiceland - (IN),IN,PJM,1190,10619,472,.,N,N,N
2014,18250.0,Town of Straughn - (IN),IN,MISO,153,1610,160,.,N,N,N
2014,18887.0,City of Thorntown - (IN),IN,MISO,1347,13595,920,.,N,N,N
2014,19227.0,City of Troy - (IN),IN,MISO,1208.1,11145,301,.,N,N,N
2014,19771.0,Town of Veedersburg - (IN),IN,MISO,4917,47948,1243,.,N,N,N
2014,20021.0,Town of Walkerton - (IN),IN,MISO,3544.9,36203,1380,.,N,N,N
2014,20111.0,Warren County Rural E M C,IN,MISO,13289,98842,4743,.,Y,N,Y
2014,20122.0,Town of Warren - (IN),IN,PJM,1885,17539,814,.,N,N,N
2014,20226.0,City of Waynetown - (IN),IN,PJM,578.1,5293,514,.,N,N,N
2014,20730.0,City of Williamsport - (IN),IN,MISO,2620,23873,975,.,N,N,N
2014,20792.0,Town of Winamac - (IN),IN,MISO,6530,68479,2023,.,Y,N,N
2014,385.0,City of Alma - (KS),KS,SWPP,1459,13143,491,.,N,N,N
2014,408.0,City of Altamont - (KS),KS,SWPP,828,8011,556,.,N,N,N
2014,701.0,City of Anthony - (KS),KS,SWPP,4232,33485,2033,.,N,N,N
2014,764.0,City of Arcadia - (KS),KS,SWPP,242.5,1618,186,.,N,N,N
2014,832.0,City of Arma - (KS),KS,SWPP,1457.1,10200,860,.,N,N,N
2014,911.0,City of Ashland - (KS),KS,SWPP,1492,10536,513,.,N,N,N
2014,989.0,City of Attica - (KS),KS,SWPP,650.6,6321,531,.,N,N,N
2014,1033.0,City of Axtell - (KS),KS,SWPP,394,3197,234,.,N,N,N
2014,1512.0,City of Belleville - (KS),KS,SWPP,2550.2,22081,1364,.,N,N,N
2014,1726.0,City of Blue Mound - (KS),KS,SWPP,184.1,1692,148,.,N,N,N
2014,2270.0,City of Bronson,KS,SWPP,212,1536,145,.,N,N,N
2014,2547.0,City of Burlingame - (KS),KS,SWPP,1058,7780,636,.,Y,N,N
2014,3191.0,City of Cawker City - (KS),KS,SWPP,601.9,5963,449,.,N,N,N
2014,3294.0,City of Centralia - (KS),KS,SWPP,424,4331,300,.,N,N,N
2014,3366.0,City of Chapman - (KS),KS,SWPP,1233.2,11181,667,.,N,N,N
2014,3454.0,City of Chetopa - (KS),KS,SWPP,1515,14442,734,.,N,N,N
2014,3535.0,City of Cimarron - (KS),KS,SWPP,1790,15116,1109,.,N,N,N
2014,5154.0,City of Dighton - (KS),KS,SWPP,1462,9126,765,.,N,N,N
2014,5334.0,"Doniphan Elec Coop Assn, Inc",KS,SWPP,3326,20841,1609,.,N,N,N
2014,5795.0,City of Elsmore - (KS),KS,SWPP,52,350,49,.,N,N,N
2014,5802.0,City of Ellinwood - (KS),KS,SWPP,2125,14612,1240,.,N,N,N
2014,5839.0,City of Elwood - (KS),KS,SWPP,890,5766,574,.,N,N,N
2014,5919.0,City of Enterprise - (KS),KS,SWPP,576,4322,346,.,N,N,N
2014,5957.0,City of Erie - (KS),KS,SWPP,1455,9674,583,.,N,N,N
2014,6762.0,City of Fredonia - (KS),KS,SWPP,2945,30677,1579,.,N,N,N
2014,6931.0,City of Galva - (KS),KS,SWPP,672,5682,459,.,N,N,N
2014,7269.0,City of Glasco - (KS),KS,SWPP,408,3506,385,.,N,N,N
2014,7287.0,City of Glen Elder - (KS),KS,SWPP,497,3988,341,.,N,N,N
2014,7631.0,City of Greensburg - (KS),KS,SWPP,1519,12229,559,.,Y,N,N
2014,8279.0,City of Haven - (KS),KS,SWPP,1721,13425,547,.,N,N,N
2014,8490.0,City of Herington - (KS),KS,SWPP,2739,17769,1429,.,N,N,N
2014,8497.0,City of Herndon,KS,SWPP,157,1144,159,.,N,N,N
2014,8599.0,City of Hill City,KS,SWPP,1764,14981,1120,.,N,N,N
2014,8629.0,City of Hillsboro - (KS),KS,SWPP,2613,22705,1441,.,N,N,N
2014,8703.0,City of Hoisington - (KS),KS,SWPP,2835,20281,1711,.,N,N,N
2014,8781.0,City of Holyrood - (KS),KS,SWPP,405,3191,290,.,N,N,N
2014,8871.0,City of Horton - (KS),KS,SWPP,1826,13807,977,.,N,N,N
2014,9463.0,City of Isabel - (KS),KS,SWPP,86,910,63,.,N,N,N
2014,9541.0,City of Iuka - (KS),KS,SWPP,264,2487,92,.,N,N,N
2014,9732.0,City of Jetmore,KS,SWPP,1102.7,8414,620,.,N,N,N
2014,9776.0,City of Johnson - (KS),KS,SWPP,2123,14185,852,.,N,N,N
2014,10351.0,City of Kiowa - (KS),KS,SWPP,1766,12029,769,.,N,N,N
2014,10533.0,City of La Harpe - (KS),KS,SWPP,303.2,2833,311,.,N,N,N
2014,10559.0,City of La Crosse - (KS),KS,SWPP,1235,11739,896,.,Y,N,N
2014,10628.0,City of Lakin - (KS),KS,SWPP,2342,15333,1036,.,N,N,N
2014,11017.0,City of Lincoln Center - (KS),KS,SWPP,1798,13258,878,.,N,N,N
2014,11040.0,City of Lindsborg - (KS),KS,SWPP,3252.5,26682,1687,.,N,N,N
2014,11206.0,City of Mulberry - (KS),KS,SWPP,405,2467,246,.,N,N,N
2014,11207.0,City of Muscotah,KS,SWPP,121,630,95,.,N,N,N
2014,11299.0,City of Lucas- (KS),KS,SWPP,522.4,5353,374,.,N,N,N
2014,11306.0,City of Luray - (KS),KS,MISO,235,1997,164,.,N,N,N
2014,11572.0,City of Mankato - (KS),KS,SWPP,730.4,7760,623,.,Y,N,N
2014,11658.0,City of Marion - (KS),KS,SWPP,2001,16811,1185,.,N,N,N
2014,12242.0,City of Meade - (KS),KS,SWPP,1663.7,14948,927,.,N,N,N
2014,12838.0,City of Montezuma - (KS),KS,SWPP,1120,9385,550,.,N,N,N
2014,12896.0,City of Morrill - (KS),KS,SWPP,231,1182,146,.,N,N,N
2014,12909.0,City of Moran - (KS),KS,SWPP,570,4633,270,.,N,N,N
2014,13035.0,City of Mount Hope - (KS),KS,SWPP,637,5738,358,.,N,N,N
2014,13819.0,City of Norton,KS,SWPP,3514,25347,1620,.,N,N,N
2014,13948.0,City of Oberlin - (KS),KS,SWPP,1847,13281,1233,.,N,N,N
2014,14214.0,City of Osborne - (KS),KS,SWPP,2275,13807,769,.,N,N,N
2014,14276.0,City of Oxford - (KS),KS,SWPP,1003.8,7266,585,.,N,N,N
2014,15201.0,City of Pomona - (KS),KS,SWPP,903,7126,501,.,N,N,N
2014,15336.0,City of Prescott - (KS),KS,SWPP,269.9,1568,142,.,N,N,N
2014,16135.0,City of Robinson - (KS),KS,SWPP,128.5,1375,137,.,N,N,N
2014,16699.0,City of Seward - (KS),KS,SWPP,58.3,336,42,.,N,N,N
2014,16834.0,City of Scranton - (KS),KS,SWPP,384,3724,314,.,N,N,N
2014,16876.0,City of Savonburg - (KS),KS,SWPP,53,489,58,.,N,N,N
2014,16988.0,City of Sharon Springs - (KS),KS,SWPP,929,6865,570,.,N,N,N
2014,17754.0,City of Summerfield - (KS),KS,SWPP,133.8,1528,110,.,N,N,N
2014,17872.0,City of St Francis - (KS),KS,SWPP,1463.7,11045,981,.,N,N,N
2014,17879.0,City of St. John - (KS),KS,SWPP,1159,10488,820,.,Y,N,N
2014,17894.0,City of St Marys - (KS),KS,SWPP,2258.3,18189,1083,.,N,N,N
2014,17924.0,City of Stafford - (KS),KS,SWPP,907,9456,734,.,N,N,N
2014,18086.0,City of Sterling - (KS),KS,SWPP,2591,19199,1142,.,N,N,N
2014,18137.0,City of Stockton - (KS),KS,SWPP,2026,14088,942,.,N,N,N
2014,18945.0,City of Toronto - (KS),KS,SWPP,230,1897,215,.,N,N,N
2014,18959.0,City of Troy - (KS),KS,SWPP,955,7347,586,.,N,N,N
2014,19344.0,City of Udall - (KS),KS,SWPP,794,5016,393,.,N,N,N
2014,20141.0,City of Washington - (KS),KS,SWPP,1751.7,11930,756,.,N,N,N
2014,20189.0,City of Waterville - (KS),KS,SWPP,623,4746,385,.,N,N,N
2014,20192.0,City of Wathena - (KS),KS,SWPP,1141,8150,626,.,N,N,N
2014,21533.0,City of Minneapolis - (KS),KS,SWPP,1799.7,17848,1125,.,N,N,N
2014,26894.0,City of Radium - (KS),KS,SWPP,28.4,203,24,.,N,N,N
2014,27545.0,City of Vermillion - (KS),KS,SWPP,98,648,96,.,N,N,N
2014,1205.0,City of Bardwell - (KY),KY,LGEE,697,8354,508,.,N,N,N
2014,1387.0,City of Benham,KY,LGEE,652.3,5925,294,.,N,N,N
2014,4341.0,Corbin City Utilities Comm,KY,LGEE,6279,73999,4078,.,N,N,N
2014,6178.0,City of Falmouth - (KY),KY,LGEE,1308,18145,1392,.,N,N,N
2014,14103.0,City of Olive Hill - (KY),KY,PJM,2552,22813,1270,.,N,N,N
2014,14459.0,City of Paris - (KY),KY,LGEE,5870,57806,3126,.,N,N,N
2014,15443.0,City of Providence - (KY),KY,LGEE,3037,32438,1393,.,N,N,N
2014,19716.0,City of Vanceburg,KY,PJM,7119.8,65277,3251,.,N,N,N
2014,20731.0,Williamstown Utility Comm,KY,PJM,4951,50285,1473,.,N,N,N
2014,925.0,"Ashley Chicot Elec Coop, Inc",LA,MISO,188,1650,114,.,Y,Y,N
2014,2064.0,Town of Boyce,LA,MISO,682.7,5905,397,.,N,N,N
2014,5945.0,City of Erath - (LA),LA,MISO,2235,16896,981,.,N,N,N
2014,7760.0,Town of Gueydan,LA,MISO,1831,14030,982,.,Y,N,N
2014,9880.0,City of Jonesville - (LA),LA,MISO,2498,24337,1222,.,N,N,N
2014,10025.0,City of Kaplan - (LA),LA,MISO,4830,39987,2124,.,N,N,N
2014,13483.0,City of New Roads - (LA),LA,MISO,3359.9,47604,2379,.,N,N,N
2014,15137.0,City of Plaquemine - (LA),LA,MISO,10125,94180,4467,.,N,N,N
2014,15728.0,City of Rayne - (LA),LA,MISO,7910,78604,3950,.,Y,N,N
2014,17889.0,City of St Martinville - (LA),LA,MISO,6177,57178,2825,.,N,N,N
2014,19828.0,Town of Vidalia - (LA),LA,MISO,8584,90377,2675,.,N,N,N
2014,19866.0,Town of Vinton - (LA),LA,MISO,3008,32658,1648,.,N,N,N
2014,20343.0,Town of Welsh - (LA),LA,MISO,2087,37088,1786,.,N,N,N
2014,30856.0,City of Winnfield - (LA),LA,MISO,6754,71583,2908,.,N,N,N
2014,902.0,Town of Ashburnham - (MA),MA,ISNE,4704,34252,2993,.,Y,N,N
2014,2086.0,Town of Boylston - (MA),MA,ISNE,3977,29612,2147,.,Y,N,N
2014,3447.0,Town of Chester,MA,ISNE,906.6,5390,687,.,N,N,N
2014,7130.0,Town of Georgetown - (MA),MA,ISNE,7456.2,53224,3524,.,Y,N,N
2014,7715.0,Town of Groton - (MA),MA,ISNE,9731,71273,4672,.,Y,N,Y
2014,7723.0,Town of Groveland - (MA),MA,ISNE,5056.7,34457,2929,.,Y,N,N
2014,8715.0,Town of Holden - (MA),MA,ISNE,14209.8,105003,7816,.,Y,N,N
2014,8797.0,Hull Municipal Light Plant,MA,ISNE,7589,51311,6190,.,N,N,N
2014,12296.0,Town of Merrimac - (MA),MA,ISNE,4489,27425,2978,.,Y,N,N
2014,14585.0,Town of Paxton - (MA),MA,ISNE,3793,23040,1908,.,Y,N,N
2014,15371.0,Town of Princeton - (MA),MA,ISNE,3036,14807,1540,.,Y,N,N
2014,16377.0,Town of Rowley - (MA),MA,ISNE,6238.6,42259,2903,.,Y,N,N
2014,16438.0,City of Russell - (MA),MA,ISNE,810.7,4832,460,.,Y,N,N
2014,18546.0,Town of Templeton - (MA),MA,ISNE,7854.8,59374,3479,.,Y,N,Y
2014,20326.0,Town of West Boylston - (MA),MA,ISNE,7912,57296,3557,.,Y,N,N
2014,1615.0,Town of Berlin - (MD),MD,PJM,5763.2,42704,2459,.,Y,N,N
2014,18901.0,Thurmont Municipal Light Co,MD,PJM,6822.1,79980,2837,.,Y,N,N
2014,20729.0,Town of Williamsport - (MD),MD,PJM,1729.8,20041,991,.,N,N,N
2014,11844.0,Matinicus Plantation Elec Co,ME,,182,229,130,.,N,N,N
2014,18368.0,Swans Island Electric Coop Inc,ME,ISNE,791,2053,561,.,N,N,N
2014,19702.0,Van Buren Light & Power Dist,ME,NBSO,1668,14472,1456,.,N,N,N
2014,3384.0,City of Charlevoix - (MI),MI,MISO,6676.1,59231,4411,.,N,N,N
2014,3415.0,Village of Chelsea - (MI),MI,MISO,7464,94911,2908,.,N,N,N
2014,3813.0,Village of Clinton - (MI),MI,MISO,3084,24052,1485,.,N,N,N
2014,4562.0,City of Croswell - (MI),MI,MISO,3341,39930,1276,.,N,N,N
2014,4792.0,Village of Daggett - (MI),MI,MISO,127,1579,132,.,N,N,N
2014,5343.0,City of Dowagiac,MI,PJM,7246,65288,3033,.,N,N,N
2014,5630.0,City of Eaton Rapids - (MI),MI,MISO,9272,93370,2755,.,Y,N,N
2014,8083.0,City of Harbor Springs - (MI),MI,MISO,3662,38355,3630,.,N,N,N
2014,8205.0,City of Hart Hydro - (MI),MI,MISO,4882,45400,1328,.,N,N,N
2014,11268.0,City of Lowell - (MI),MI,MISO,7981.4,72049,2694,.,N,N,N
2014,13525.0,Newberry Water & Light Board,MI,MISO,2273,17825,1472,.,N,N,N
2014,14156.0,Ontonagon County R E A,MI,MISO,6265,25304,4867,.,Y,N,N
2014,14581.0,Village of Paw Paw - (MI),MI,PJM,3049,41680,1888,.,N,N,N
2014,15246.0,City of Portland - (MI),MI,MISO,3609,33806,2503,.,N,N,N
2014,16873.0,City of Sebewaing - (MI),MI,MISO,3801.5,41955,1153,.,N,N,N
2014,17886.0,City of St Louis - (MI),MI,MISO,4096.4,40284,1927,.,N,N,N
2014,18074.0,City of Stephenson - (MI),MI,MISO,696.5,6125,502,.,N,N,N
2014,19432.0,Village of Union City - (MI),MI,MISO,2056,15856,1450,.,N,N,N
2014,19975.0,City of Wakefield - (MI),MI,MISO,1366.1,14466,1143,.,N,N,N
2014,87.0,City of Ada - (MN),MN,MISO,1446,20292,1053,.,N,N,N
2014,174.0,Aitkin Public Utilities Comm,MN,MISO,3527,35388,2028,.,N,N,N
2014,266.0,City of Alpha - (MN),MN,MISO,140,1415,76,.,N,N,N
2014,482.0,City of Alvarado - (MN),MN,MISO,464,4485,188,.,N,N,N
2014,1353.0,City of Baudette - (MN),MN,MISO,2200.2,21115,729,.,N,N,N
2014,1753.0,City of Biwabik - (MN),MN,MISO,585.7,5952,675,.,N,N,N
2014,1824.0,City of Bigelow - (MN),MN,MISO,94.5,1010,121,.,N,N,N
2014,1871.0,City of Blooming Prairie - (MN),MN,MISO,2581.3,25561,1045,.,N,N,N
2014,2412.0,City of Brownton - (MN),MN,MISO,494,4764,425,.,N,N,N
2014,2491.0,City of Buhl - (MN),MN,MISO,624,7559,621,.,N,N,N
2014,2810.0,City of Caledonia - (MN),MN,MISO,2726,25511,1650,.,N,Y,N
2014,3356.0,City of Ceylon - (MN),MN,MISO,232,2664,254,.,N,N,N
2014,5397.0,City of Dunnell - (MN),MN,MISO,102,958,119,.,N,N,N
2014,5692.0,City of Eitzen - (MN),MN,MISO,229,2178,152,.,N,N,N
2014,5732.0,City of Elbow Lake - (MN),MN,MISO,1848,18701,771,.,Y,Y,N
2014,6627.0,City of Fosston - (MN),MN,MISO,3486,34506,892,.,N,N,N
2014,7194.0,City of Gilbert,MN,MISO,1094,10895,1006,.,N,N,N
2014,7487.0,City of Grand Marais - (MN),MN,MISO,2574,23798,1290,.,N,N,N
2014,7494.0,City of Granite Falls - (MN),MN,MISO,3504.9,29382,1591,.,N,N,N
2014,7732.0,City of Grove City,MN,MISO,931,7696,510,.,N,N,N
2014,8131.0,City of Harmony - (MN),MN,MISO,1022,9840,655,.,N,N,N
2014,8459.0,City of Henning - (MN),MN,MISO,825,9000,550,.,N,N,N
2014,9650.0,City of Janesville - (MN),MN,MISO,1518,11315,1222,.,N,N,N
2014,9998.0,City of Kandiyohi - (MN),MN,MISO,447,4346,274,.,N,N,N
2014,10037.0,City of Kasota - (MN),MN,MISO,351.8,3480,344,.,N,N,N
2014,10040.0,City of Kasson,MN,MISO,3074,30688,2452,.,N,N,N
2014,10089.0,Keewatin Public Utilities,MN,MISO,506.1,5703,560,.,N,N,N
2014,10609.0,City of Lake Park - (MN),MN,MISO,864,8760,511,.,N,N,N
2014,10622.0,City of Lakefield - (MN),MN,MISO,1328.1,14266,1028,.,N,N,N
2014,10685.0,Lanesboro Public Utility Comm,MN,MISO,983.2,6723,615,.,N,N,N
2014,11424.0,City of Mabel - (MN),MN,MISO,718.3,4949,470,.,N,N,N
2014,11482.0,City of Madison - (MN),MN,WAUE,1367,17488,950,.,N,N,N
2014,13044.0,City of Mountain Iron - (MN),MN,MISO,2481,23443,1260,.,N,N,N
2014,13048.0,City of Mountain Lake - (MN),MN,MISO,1968,24447,1112,.,Y,N,N
2014,13219.0,City of Nashwauk - (MN),MN,MISO,627,10214,650,.,N,N,N
2014,13465.0,City of Nielsville - (MN),MN,MISO,66,633,57,.,N,N,N
2014,13495.0,City of Newfolden - (MN),MN,MISO,414,4051,227,.,N,N,N
2014,13681.0,North Branch Water & Light Comm,MN,MISO,3738,26452,1954,.,Y,N,N
2014,14196.0,City of Ortonville - (MN),MN,MISO,2257,29752,1331,.,N,N,N
2014,14841.0,City of Peterson - (MN),MN,MISO,174.5,1334,144,.,N,N,N
2014,15041.0,City of Pierz - (MN),MN,MISO,954,9832,725,.,N,N,N
2014,15348.0,Preston Public Utilities Comm,MN,MISO,1406,13390,863,.,N,Y,N
2014,15460.0,Proctor Public Utilities Comm,MN,MISO,2159,25504,1427,.,N,N,N
2014,15665.0,City of Randall - (MN),MN,MISO,478,4889,349,.,N,N,N
2014,16285.0,City of Roseau - (MN),MN,MISO,4104,42241,1316,.,N,Y,N
2014,16427.0,City of Rushford - (MN),MN,MISO,1824,14595,893,.,N,N,N
2014,16451.0,City of Rushmore - (MN),MN,MISO,248,2354,214,.,N,N,N
2014,17074.0,City of Shelly - (MN),MN,MISO,231,1352,125,.,N,N,N
2014,17823.0,City of Spring Grove,MN,MISO,1593,14514,807,.,N,N,N
2014,17824.0,Spring Valley Pub Utils Comm,MN,MISO,1999,19719,1339,.,N,N,N
2014,17836.0,Springfield Public Utils Comm - (MN),MN,MISO,2433,23256,1233,.,N,N,N
2014,17862.0,City of St Charles - (MN),MN,MISO,2873,17384,1702,.,N,N,N
2014,18063.0,City of Stephen - (MN),MN,MISO,958.3,8747,392,.,N,N,N
2014,19237.0,Truman Public Utilities Comm,MN,MISO,1806,11579,671,.,N,Y,N
2014,19321.0,City of Two Harbors- (MN),MN,MISO,3353.9,27589,1882,.,Y,N,N
2014,19332.0,City of Tyler - (MN),MN,MISO,1114,7816,741,.,N,N,N
2014,20110.0,City of Warren - (MN),MN,MISO,1905,16310,931,.,N,Y,N
2014,20430.0,City of Westbrook,MN,MISO,790,7585,506,.,N,N,N
2014,20466.0,City of Whalan - (MN),MN,MISO,39.6,352,38,.,N,N,N
2014,27026.0,City of Round Lake - (MN),MN,MISO,524,3837,225,.,N,N,N
2014,29295.0,City of Wells - (MN),MN,MISO,2224,17867,1369,.,N,Y,N
2014,29305.0,City of Madelia - (MN),MN,MISO,3544,26987,1222,.,N,N,N
2014,228.0,City of Albany - (MO),MO,SWPP,2083,15806,983,.,N,N,N
2014,1647.0,City of Bethany - (MO),MO,SWPP,4082,35087,1868,.,N,N,N
2014,2647.0,City of Butler - (MO),MO,SWPP,4921,43776,2397,.,N,N,N
2014,2726.0,City of Cabool - (MO),MO,AECI,3576,37088,1057,.,N,N,N
2014,2851.0,City of California - (MO),MO,MISO,3362.6,36630,2312,.,N,N,N
2014,3082.0,Carrollton Board of Public Wks,MO,SWPP,4704.6,36071,2101,.,Y,N,N
2014,3296.0,City of Centralia - (MO),MO,MISO,3335,32887,2390,.,N,N,N
2014,4483.0,City of Crane - (MO),MO,AECI,1016,11475,726,.,N,N,N
2014,4608.0,City of Cuba - (MO),MO,AECI,6712,80320,1961,.,N,N,N
2014,5583.0,City of Easton - (MO),MO,AECI,171,1769,103,.,N,N,N
2014,5686.0,City of El Dorado Springs - (MO),MO,SWPP,4501,46519,1914,.,N,N,N
2014,6231.0,City of Fayette - (MO),MO,SWPP,2679,21368,1175,.,N,N,N
2014,6761.0,City of Fredericktown - (MO),MO,SWPP,4655,48481,2269,.,N,N,N
2014,6896.0,City of Galt,MO,SWPP,231,2677,136,.,N,N,N
2014,6924.0,City of Gallatin - (MO),MO,SWPP,2105,17804,949,.,N,N,N
2014,7200.0,City of Gilman City - (MO),MO,SWPP,224.6,2330,221,.,N,N,N
2014,8493.0,City of Hermann,MO,AECI,5394.1,55572,1555,.,Y,N,N
2014,8567.0,City of Higginsville - (MO),MO,SWPP,4598,56039,2513,.,N,N,N
2014,8896.0,City of Houston - (MO),MO,AECI,3684,35726,1232,.,Y,N,N
2014,9025.0,City of Hunnewell - (MO),MO,AECI,127.5,1175,80,.,N,N,N
2014,9973.0,City of Kahoka,MO,MISO,2211,25567,1200,.,N,N,N
2014,10538.0,City of La Plata - (MO),MO,SWPP,1142.5,9446,744,.,N,N,N
2014,10767.0,City of Linneus - (MO),MO,MISO,286.8,2160,156,.,N,N,N
2014,10977.0,City of Liberal - (MO),MO,SWPP,480.6,4681,396,.,N,N,N
2014,11121.0,Lockwood Water & Light Company,MO,SWPP,1314,9646,636,.,N,N,N
2014,11540.0,City of Malden - (MO),MO,SPA,5124,45081,2309,.,N,N,N
2014,11585.0,City of Mansfield - (MO),MO,AECI,2184,16955,642,.,N,N,N
2014,11626.0,City of Marceline - (MO),MO,MISO,3770,30664,1277,.,N,N,N
2014,12292.0,City of Meadville - (MO),MO,MISO,331.4,2828,218,.,N,N,N
2014,12294.0,City of Memphis - (MO),MO,AECI,2486,17382,1229,.,N,N,N
2014,12531.0,City of Milan - (MO),MO,SWPP,2570,22056,958,.,N,N,N
2014,12627.0,City of Mindenmines - (MO),MO,SWPP,235.1,2239,115,.,N,N,N
2014,12802.0,City of Monroe City - (MO),MO,AECI,4398,39879,1344,.,N,N,N
2014,13057.0,City of Mountain View - (MO),MO,AECI,3284,34423,1448,.,Y,N,N
2014,13470.0,City of New Madrid - (MO),MO,AECI,2866,44568,1768,.,N,N,N
2014,13527.0,City of Newburg - (MO),MO,AECI,390,4479,217,.,N,N,N
2014,13971.0,City of Odessa - (MO),MO,SWPP,4370,40883,2404,.,N,N,N
2014,14400.0,City of Palmyra - (MO),MO,SWPP,4240.8,40156,1799,.,N,N,N
2014,14456.0,City of Paris - (MO),MO,AECI,1118.2,11105,821,.,N,N,N
2014,14806.0,City of Perry - (MO),MO,MISO,866.4,9060,470,.,N,N,N
2014,15943.0,City of Rich Hill - (MO),MO,SWPP,960,10371,784,.,N,N,N
2014,15981.0,City of Richland - (MO),MO,AECI,1975,17850,1081,.,N,N,N
2014,16559.0,City of Salem - (MO),MO,AECI,5801,59715,2776,.,N,N,N
2014,16560.0,City of Salisbury - (MO),MO,SWPP,2000,20520,997,.,N,N,N
2014,16959.0,City of Seymour - (MO),MO,AECI,2109,20492,804,.,N,N,N
2014,17035.0,City of Shelbina - (MO),MO,AECI,3640.8,36164,1003,.,N,N,N
2014,17312.0,City of Slater - (MO),MO,SWPP,2135,22302,1085,.,N,N,N
2014,17877.0,City of St James - (MO),MO,MISO,5636,60771,2000,.,Y,N,N
2014,17918.0,City of St Robert - (MO),MO,AECI,6752,68476,3092,.,N,N,N
2014,17946.0,City of Stanberry - (MO),MO,SWPP,1215.6,8575,681,.,N,N,N
2014,18045.0,City of Steelville,MO,AECI,2282.9,20534,797,.,N,N,N
2014,18806.0,City of Thayer - (MO),MO,MISO,1876,15915,1022,.,N,N,N
2014,19474.0,City of Unionville - (MO),MO,AECI,2178,19257,1269,.,N,N,N
2014,19722.0,City of Vandalia - (MO),MO,AECI,2468,17072,1471,.,N,N,N
2014,20224.0,City of Waynesville - (MO),MO,AECI,6399,54596,2306,.,N,N,N
2014,20739.0,City of Willow Springs - (MO),MO,AECI,3220,28194,1140,.,N,N,N
2014,20827.0,City of Winona - (MO),MO,AECI,1359.6,11155,674,.,N,N,N
2014,40382.0,City of Rockport - (MO),MO,AECI,1366,11258,729,.,N,N,N
2014,40383.0,City of Osceola - (MO),MO,SWPP,708.8,8882,445,.,N,N,N
2014,3957.0,City of Collins - (MS),MS,SOCO,4530.3,46005,1276,.,N,N,N
2014,5479.0,City of Durant - (MS),MS,MISO,2370,25330,1006,.,N,N,N
2014,9472.0,City of Itta Bena - (MS),MS,MISO,1565,15188,940,.,N,N,N
2014,10447.0,City of Kosciusko - (MS),MS,MISO,6463,63702,3163,.,N,N,N
2014,10892.0,City of Leland - (MS),MS,MISO,2783,21439,1801,.,N,N,N
2014,1671.0,Big Flat Electric Coop Inc,MT,NWMT,3406.6,28094,1915,.,N,Y,N
2014,7318.0,"Goldenwest Electric Coop, Inc",MT,WAUE,1031.7,7836,759,.,N,N,N
2014,13749.0,"NorVal Electric Cooperative, Inc",MT,WAUE,7662,55454,3317,.,N,N,N
2014,17593.0,"Southeast Electric Coop, Inc",MT,WAUW,4124,31705,2013,.,Y,N,N
2014,19236.0,City of Troy - (MT),MT,BPAT,1021,17330,983,.,N,N,N
2014,202.0,Town of Black Creek - (NC),NC,CPLE,1553,11622,744,.,N,N,N
2014,1494.0,Town of Belhaven - (NC),NC,CPLE,2741.9,18980,1145,.,N,N,N
2014,1571.0,Town of Benson - (NC),NC,CPLE,4465,32523,1609,.,Y,Y,N
2014,1987.0,Town of Bostic - (NC),NC,DUK,434,3496,203,.,N,Y,N
2014,3437.0,City of Cherryville - (NC),NC,DUK,5944,46788,2440,.,N,Y,N
2014,4365.0,Town of Cornelius - (NC),NC,DUK,5355.2,52544,3239,.,N,Y,Y
2014,4739.0,Town of Dallas - (NC),NC,DUK,6433,65729,3478,.,N,N,N
2014,5372.0,Town of Drexel - (NC),NC,DUK,2381.6,18741,1203,.,N,Y,N
2014,5896.0,Town of Enfield - (NC),NC,PJM,4130,36223,1274,.,N,N,N
2014,6209.0,Town of Farmville - (NC),NC,CPLE,6630.7,47228,2912,.,N,Y,N
2014,6613.0,Town of Fountain - (NC),NC,CPLE,598.2,4289,302,.,N,N,N
2014,6780.0,Town of Fremont - (NC),NC,CPLE,1726,13119,803,.,N,N,N
2014,7496.0,Town of Granite Falls - (NC),NC,DUK,6080,57708,2396,.,N,N,N
2014,7996.0,Town of Hamilton - (NC),NC,PJM,424,2865,254,.,N,Y,N
2014,8517.0,City of Hertford - (NC),NC,CPLE,2958,22153,1160,.,N,Y,N
2014,8579.0,City of Highlands - (NC),NC,DUK,5147.3,41596,2776,.,N,N,N
2014,8677.0,Town of Hobgood,NC,CPLE,531.5,2894,278,.,N,N,N
2014,8825.0,Town of Hookerton - (NC),NC,CPLE,792,5527,419,.,N,Y,N
2014,10586.0,Town of La Grange - (NC),NC,CPLE,3576.4,26460,1482,.,N,Y,N
2014,10669.0,Town of Landis - (NC),NC,DUK,6345,44607,2865,.,N,Y,N
2014,11035.0,City of Lincolnton - (NC),NC,DUK,6676,57124,2657,.,N,Y,Y
2014,11205.0,Town of Lucama - (NC),NC,CPLE,2159,19018,1153,.,N,N,N
2014,11228.0,Town of Louisburg - (NC),NC,CPLE,7548.4,56887,1958,.,N,Y,N
2014,11360.0,Town of MacClesfield - (NC),NC,CPLE,448.3,2525,269,.,N,N,N
2014,11515.0,Town of Maiden - (NC),NC,DUK,6540,72712,1171,.,N,N,Y
2014,13931.0,Town of Oak City - (NC),NC,PJM,401.9,2891,224,.,N,N,N
2014,15046.0,Town of Pikeville - (NC),NC,CPLE,1324,8731,513,.,N,Y,N
2014,15058.0,Town of Pinetops - (NC),NC,CPLE,3083,21200,756,.,N,N,N
2014,15778.0,Town of Red Springs - (NC),NC,CPLE,5255,35412,1692,.,N,Y,N
2014,16113.0,City of Robersonville - (NC),NC,PJM,2558,20782,1035,.,N,N,N
2014,16788.0,Town of Scotland Neck - (NC),NC,CPLE,3468,24853,1480,.,N,Y,N
2014,16914.0,Town of Selma - (NC),NC,CPLE,7710,66605,2741,.,N,N,N
2014,17004.0,Town of Sharpsburg - (NC),NC,CPLE,2150,18440,1181,.,N,N,N
2014,17668.0,City of Southport - (NC),NC,CPLE,6736.8,55811,2761,.,N,Y,Y
2014,17981.0,Town of Stantonsburg - (NC),NC,CPLE,2513,21486,1157,.,N,N,N
2014,20071.0,Town of Walstonburg,NC,CPLE,257,1575,129,.,N,N,N
2014,20225.0,Town of Waynesville - (NC),NC,DUK,8489.9,93352,3200,.,Y,N,N
2014,20811.0,Town of Windsor- (NC),NC,PJM,5426,50305,1786,.,N,N,N
2014,20836.0,City of Winterville - (NC),NC,CPLE,5549,44333,2835,.,N,N,N
2014,3138.0,"Cavalier Rural Elec Coop, Inc",ND,MISO,4906,39961,1504,.,N,N,N
2014,3186.0,City of Cavalier - (ND),ND,MISO,1412,17715,906,.,N,Y,N
2014,7318.0,"Goldenwest Electric Coop, Inc",ND,WAUE,2915.5,27147,728,.,N,N,N
2014,7444.0,City of Grafton - (ND),ND,MISO,5264.4,53848,2164,.,N,Y,N
2014,8628.0,City of Hillsboro - (ND),ND,MISO,2161,31871,885,.,N,N,N
2014,9067.0,City of Hope,ND,MISO,428,5581,197,.,N,N,N
2014,11470.0,City of Maddock - (ND),ND,WAUE,833,8994,425,.,N,N,N
2014,13816.0,City of Northwood - (ND),ND,MISO,2520,44785,600,.,N,N,N
2014,14474.0,City of Park River - (ND),ND,MISO,2088,20018,805,.,N,N,N
2014,16105.0,City of Riverdale - (ND),ND,WAUE,324.7,3166,308,.,N,N,N
2014,17045.0,City of Sharon- (ND),ND,MISO,122.6,1188,63,.,N,N,Y
2014,40440.0,City of Stanton - (ND),ND,WAUE,482.3,3169,227,.,N,N,N
2014,695.0,City of Ansley - (NE),NE,SWPP,479,5017,339,.,N,N,N
2014,752.0,City of Arapahoe - (NE),NE,SWPP,1447,10705,703,.,N,N,N
2014,871.0,Village of Arnold - (NE),NE,SWPP,833,7575,520,.,N,Y,N
2014,1326.0,Village of Bartley - (NE),NE,SWPP,498.5,3952,200,.,N,N,N
2014,1346.0,City of Battle Creek- (NE),NE,SWPP,1085,10402,567,.,N,N,N
2014,1374.0,City of Bayard - (NE),NE,SWPP,1014,9737,630,.,N,N,N
2014,1435.0,City of Beaver City - (NE),NE,SWPP,590,6059,360,.,N,N,N
2014,1554.0,City of Benkelman - (NE),NE,SWPP,1443,12209,722,.,N,N,N
2014,1955.0,City of Bridgeport Utilities - (NE),NE,SWPP,1499,16003,890,.,N,Y,N
2014,2120.0,Village of Brainard - (NE),NE,SWPP,475.6,4524,211,.,N,N,N
2014,2609.0,City of Burwell - (NE),NE,SWPP,1237.4,12948,709,.,N,N,N
2014,2859.0,Village of Callaway - (NE),NE,SWPP,801,7743,440,.,N,N,N
2014,2931.0,Village of Campbell - (NE),NE,SWPP,261,2359,236,.,N,N,N
2014,3373.0,City of Chappell - (NE),NE,SWPP,822,9932,782,.,N,N,N
2014,3445.0,Village of Chester - (NE),NE,SWPP,324,2673,194,.,N,N,N
2014,4661.0,City of Curtis - (NE),NE,SWPP,1456,13699,703,.,N,N,N
2014,4914.0,Village of Davenport - (NE),NE,SWPP,359,3151,205,.,N,N,N
2014,4934.0,Village of De Witt - (NE),NE,SWPP,512,5925,301,.,N,N,N
2014,4961.0,Village of Decatur - (NE),NE,SWPP,522.4,4324,357,.,N,N,N
2014,5097.0,City of Deshler - (NE),NE,SWPP,873.6,8826,478,.,N,N,N
2014,5350.0,Village of Dorchester - (NE),NE,SWPP,779.2,6949,337,.,N,N,N
2014,5762.0,Village of Elk Creek - (NE),NE,SWPP,.,.,.,.,N,N,N
2014,5850.0,City of Emerson - (NE),NE,SWPP,669,6929,435,.,N,N,N
2014,5927.0,Village of Endicott - (NE),NE,SWPP,84,812,83,.,N,N,N
2014,6136.0,Village of Fairmont - (NE),NE,SWPP,513,4502,347,.,N,N,N
2014,6723.0,City of Franklin - (NE),NE,SWPP,1243,10838,635,.,N,N,N
2014,6793.0,City of Friend - (NE),NE,SWPP,1153,11493,635,.,N,Y,N
2014,7249.0,City of Giltner - (NE),NE,SWPP,633,4529,223,.,N,N,N
2014,7485.0,City of Grant - (NE),NE,SWPP,1808.6,16786,801,.,N,N,N
2014,7650.0,Village of Greenwood - (NE),NE,SWPP,426,3812,297,.,N,N,N
2014,8063.0,Village of Hampton - (NE),NE,SWPP,493,4340,255,.,N,N,N
2014,8430.0,Village of Hemingford - (NE),NE,SWPP,1095,8353,496,.,N,N,N
2014,9022.0,City of Hubbell- (NE),NE,SWPP,79,882,54,.,N,N,N
2014,9274.0,City of Indianola - (NE),NE,SWPP,502,4292,376,.,N,N,N
2014,10229.0,City of Hickman - (NE),NE,SWPP,1135.4,12054,917,.,N,N,N
2014,10573.0,Village of Hildreth - (NE),NE,SWPP,154.8,4062,254,.,N,N,N
2014,10760.0,City of Laurel - (NE),NE,SWPP,998,10951,729,.,N,N,N
2014,10886.0,Village of Leigh - (NE),NE,SWPP,552,6441,304,.,N,N,N
2014,11122.0,City of Lodgepole - (NE),NE,SWPP,328,2916,245,.,N,N,N
2014,11346.0,Village of Lyman - (NE),NE,SWPP,670,5496,194,.,N,N,N
2014,11372.0,City of Lyons - (NE),NE,SWPP,871,8169,563,.,N,N,N
2014,12717.0,City of Mitchell - (NE),NE,SWPP,1579.3,14266,1019,.,N,N,N
2014,12952.0,Village of Morrill - (NE),NE,SWPP,2158.8,16011,1125,.,N,N,N
2014,13090.0,Village of Mullen - (NE),NE,SWPP,597.1,5205,387,.,N,N,N
2014,13375.0,City of Nelson - (NE),NE,SWPP,521,5276,335,.,N,N,N
2014,13685.0,"Niobrara Electric Assn, Inc",NE,WACM,1256,8664,903,.,N,N,Y
2014,14277.0,Village of Oxford - (NE),NE,SWPP,811,7483,470,.,N,N,N
2014,14656.0,City of Pender - (NE),NE,SWPP,1617,15097,672,.,N,N,N
2014,15132.0,City of Plainview - (NE),NE,SWPP,1317,11946,776,.,N,N,N
2014,15346.0,Village of Polk - (NE),NE,SWPP,414,3340,254,.,N,N,N
2014,15352.0,Village of Prague - (NE),NE,SWPP,330.7,2721,193,.,N,N,N
2014,15674.0,City of Randolph - (NE),NE,SWPP,881,8136,598,.,N,N,N
2014,15773.0,City of Red Cloud - (NE),NE,SWPP,1186,9800,701,.,N,N,N
2014,16022.0,Village of Reynolds - (NE),NE,SWPP,96,875,44,.,N,N,N
2014,16610.0,City of Scribner - (NE),NE,SWPP,1034.8,9295,519,.,N,N,N
2014,16667.0,City of Sargent - (NE),NE,SWPP,738,6162,536,.,N,N,N
2014,16845.0,Village of Shickley - (NE),NE,SWPP,369,3580,222,.,N,N,N
2014,17497.0,City of Snyder - (NE),NE,SWPP,714,7659,205,.,N,N,N
2014,17727.0,Village of Spalding - (NE),NE,SWPP,769,8316,345,.,N,N,N
2014,17787.0,City of Spencer - (NE),NE,SWPP,587.6,6298,323,.,N,N,N
2014,18129.0,City of Stratton - (NE),NE,SWPP,425.9,5829,281,.,N,N,N
2014,18217.0,City of Stromsburg - (NE),NE,SWPP,1235,10919,712,.,N,N,N
2014,18230.0,City of Stuart - (NE),NE,SWPP,672,5976,390,.,N,N,N
2014,18354.0,City of Sutton - (NE),NE,SWPP,1756,16266,998,.,N,N,N
2014,18428.0,Village of Talmage - (NE),NE,SWPP,215,1960,152,.,N,N,N
2014,18954.0,City of Trenton - (NE),NE,SWPP,664.1,5800,418,.,N,N,N
2014,20063.0,Village of Walthill - (NE),NE,SWPP,512.5,4995,275,.,N,N,N
2014,20212.0,Village of Wauneta - (NE),NE,SWPP,798.3,7633,455,.,N,N,N
2014,20632.0,City of Wilber,NE,SWPP,1388.9,17035,988,.,N,N,N
2014,20641.0,Village of Wilcox - (NE),NE,SWPP,484,2000,225,.,N,N,N
2014,20848.0,City of Blue Hill - (NE),NE,SWPP,708,8032,437,.,N,N,N
2014,20880.0,City of Wisner,NE,SWPP,1503,14839,704,.,N,N,N
2014,20945.0,City of Wood River- (NE),NE,SWPP,1230,13101,550,.,N,N,N
2014,20950.0,Village of Winside - (NE),NE,SWPP,335.6,3320,248,.,N,N,N
2014,21056.0,City of Wymore - (NE),NE,SWPP,1218.5,11589,954,.,N,N,N
2014,24791.0,Village of Bradshaw - (NE),NE,SWPP,215,2934,182,.,N,N,N
2014,40356.0,Village of Holbrook - (NE),NE,SWPP,215,1581,141,.,N,N,N
2014,906.0,Town of Ashland,NH,ISNE,2511.7,18716,1560,.,N,N,N
2014,11196.0,Town of Littleton - (NH),NH,ISNE,8427,71502,3876,.,Y,N,N
2014,13286.0,New Hampton Village Precinct,NH,ISNE,353,3231,103,.,N,N,N
2014,20980.0,Precinct of Woodsville,NH,ISNE,3597.6,22625,997,.,N,N,N
2014,10776.0,Borough of Lavallette - (NJ),NJ,PJM,2507,15271,2555,.,N,N,N
2014,12608.0,Borough of Milltown - (NJ),NJ,PJM,8105,44263,3024,.,N,N,N
2014,14472.0,Borough of Park Ridge - (NJ),NJ,PJM,9765.9,65940,3796,.,Y,N,N
2014,14648.0,Borough of Pemberton - (NJ),NJ,PJM,1701,7521,816,.,N,N,N
2014,16864.0,Seaside Heights Municipal Utility,NJ,PJM,4813,26260,2838,.,Y,N,N
2014,17571.0,Borough of South River - (NJ),NJ,PJM,13154,56157,6391,.,N,N,N
2014,1046.0,City of Aztec - (NM),NM,WACM,6437.9,46067,3178,.,N,N,N
2014,5438.0,"Duncan Valley Elec Coop, Inc",NM,WALC,386.5,3865,337,.,Y,N,Y
2014,13777.0,Northern Rio Arriba E Coop Inc,NM,PNM,4738,32547,3463,.,N,N,N
2014,15698.0,Raton Public Service Company,NM,PSCO,6746,42983,4518,.,Y,N,N
2014,17827.0,Town of Springer - (NM),NM,PNM,609.7,3589,620,.,N,N,N
2014,19246.0,City of Truth or Consequences - (NM),NM,PNM,4327,42196,4075,.,Y,N,N
2014,191.0,Alamo Power District No 3,NV,NEVP,1546.5,13351,717,.,Y,N,N
2014,2821.0,City of Caliente - (NV),NV,NEVP,1288,11398,707,.,N,N,N
2014,6172.0,City of Fallon - (NV),NV,NEVP,10639,83575,4917,.,N,N,N
2014,11021.0,Lincoln County Power Dist No 1,NV,NEVP,2898,40852,1060,.,Y,N,N
2014,15075.0,City of Pioche - (NV),NV,NEVP,724,7082,586,.,N,N,N
2014,40497.0,Penoyer Valley Electric Coop,NV,NEVP,46.3,435,63,.,N,N,N
2014,183.0,Village of Akron - (NY),NY,NYIS,3072,59985,1579,.,N,N,N
2014,661.0,Village of Andover - (NY),NY,NYIS,335.3,7835,632,.,N,N,N
2014,669.0,Village of Angelica - (NY),NY,NYIS,841.7,10265,706,.,N,N,N
2014,1343.0,Bath Electric Gas & Water,NY,NYIS,4988,85687,4862,.,N,N,N
2014,1604.0,Village of Bergen - (NY),NY,NYIS,2497.5,29744,655,.,N,N,N
2014,1970.0,Village of Boonville - (NY),NY,NYIS,4899,83431,3365,.,Y,Y,N
2014,2272.0,Village of Brocton - (NY),NY,NYIS,877,14964,884,.,N,N,Y
2014,3164.0,Village of Castile - (NY),NY,NYIS,583,9607,612,.,N,N,N
2014,3525.0,Village of Churchville - (NY),NY,NYIS,1724,22828,1025,.,N,N,N
2014,5021.0,Delaware County Elec Coop Inc,NY,NYIS,8182,65511,5292,.,Y,Y,N
2014,5875.0,Village of Endicott - (NY),NY,NYIS,3746,55817,3200,.,N,N,N
2014,6711.0,Village of Frankfort - (NY),NY,NYIS,2124.3,26179,1652,.,N,N,N
2014,7600.0,Village of Green Island - (NY),NY,NYIS,2487,35812,1646,.,N,N,N
2014,7624.0,Village of Greene - (NY),NY,NYIS,2659,45068,1249,.,N,Y,N
2014,7630.0,Village of Greenport - (NY),NY,NYIS,3943,27596,2382,.,N,N,Y
2014,7713.0,Village of Groton - (NY),NY,NYIS,1716,25338,1129,.,N,N,N
2014,7995.0,Village of Hamilton - (NY),NY,NYIS,3602.7,63644,1596,.,N,N,N
2014,8733.0,Village of Holley - (NY),NY,PJM,2103.2,32977,1006,.,N,N,N
2014,9200.0,Village of Ilion - (NY),NY,NYIS,6085,99929,4015,.,N,N,N
2014,11083.0,Village of Little Valley - (NY),NY,NYIS,1550.2,21779,1397,.,N,N,N
2014,11618.0,Village of Marathon - (NY),NY,NYIS,1442,22865,920,.,N,N,N
2014,11892.0,Village of Mayville - (NY),NY,NYIS,2097.7,28760,1177,.,N,N,N
2014,12759.0,Mohawk Municipal Comm,NY,NYIS,847,23006,1341,.,N,N,N
2014,14125.0,"Oneida-Madison Elec Coop, Inc",NY,NYIS,2722,23784,1953,.,Y,Y,N
2014,14267.0,"Otsego Electric Coop, Inc",NY,NYIS,6886.6,52452,4621,.,N,Y,Y
2014,14700.0,Village of Penn Yan - (NY),NY,NYIS,4796,91822,3046,.,N,N,N
2014,14945.0,Village of Philadelphia - (NY),NY,NYIS,706,11304,684,.,N,N,N
2014,15991.0,Village of Richmondville - (NY),NY,NYIS,1605,18649,1250,.,N,N,N
2014,17079.0,Village of Sherburne - (NY),NY,NYIS,3802,72741,2349,.,N,N,N
2014,17085.0,City of Sherrill - (NY),NY,NYIS,2931,58082,1996,.,N,N,N
2014,17186.0,Village of Silver Springs - (NY),NY,NYIS,475.9,6609,455,.,N,N,N
2014,17280.0,Village of Skaneateles - (NY),NY,NYIS,1211.7,32374,1597,.,N,N,N
2014,17789.0,Village of Spencerport - (NY),NY,NYIS,3603,70461,2786,.,N,N,N
2014,17846.0,Village of Springville - (NY),NY,NYIS,2745,63650,2607,.,N,N,N
2014,18813.0,Village of Theresa - (NY),NY,NYIS,650.6,7899,503,.,N,N,N
2014,19274.0,Village of Tupper Lake - (NY),NY,NYIS,4893.1,75011,3367,.,N,N,N
2014,20193.0,Village of Watkins Glen - (NY),NY,NYIS,3340,57952,1361,.,N,N,N
2014,20337.0,Village of Wellsville - (NY),NY,NYIS,3107,67914,2556,.,N,N,N
2014,20480.0,Village of Westfield - (NY),NY,NYIS,4565.6,85000,3425,.,N,N,N
2014,282.0,Village of Arcadia - (OH),OH,PJM,584,5229,248,.,N,N,N
2014,768.0,City of Arcanum - (OH),OH,PJM,2369,22686,1600,.,N,N,N
2014,1386.0,Village of Beach City - (OH),OH,PJM,1088,9285,824,.,N,N,N
2014,1650.0,Village of Bethel - (OH),OH,PJM,2639.2,24749,1601,.,N,N,N
2014,1677.0,Village of Bloomdale - (OH),OH,PJM,604,4475,315,.,N,N,N
2014,1832.0,Village of Blanchester - (OH),OH,PJM,6834,64180,2014,.,N,N,N
2014,2128.0,Village of Bradner - (OH),OH,PJM,755,5788,522,.,N,N,N
2014,2205.0,Village of Brewster - (OH),OH,PJM,4815,51397,941,.,N,N,N
2014,3008.0,Village of Carey - (OH),OH,PJM,6858,79923,1871,.,N,N,N
2014,4061.0,City of Columbiana - (OH),OH,PJM,8799,82652,3523,.,N,N,N
2014,4685.0,Village of Cygnet - (OH),OH,PJM,318,3256,271,.,N,N,N
2014,4725.0,City of Custar,OH,PJM,253,2369,115,.,N,N,N
2014,5096.0,Village of Deshler - (OH),OH,PJM,1894,15510,1002,.,N,N,N
2014,5653.0,Village of Edgerton - (OH),OH,PJM,3039,30425,1100,.,N,N,N
2014,5752.0,Village of Eldorado - (OH),OH,PJM,393,4106,279,.,N,N,N
2014,5833.0,Village of Elmore - (OH),OH,PJM,1670,14350,939,.,N,N,N
2014,7100.0,Village of Genoa - (OH),OH,PJM,1790,14239,1141,.,N,N,N
2014,7131.0,Village of Georgetown - (OH),OH,PJM,4435,47672,2128,.,N,N,N
2014,7311.0,Village of Glouster - (OH),OH,PJM,1398,9741,1003,.,N,N,N
2014,7445.0,Village of Grafton - (OH),OH,PJM,3307,25523,1303,.,N,N,N
2014,7643.0,Village of Greenwich - (OH),OH,PJM,1790,16629,731,.,N,N,N
2014,7973.0,Village of Hamersville - (OH),OH,PJM,482.4,4824,365,.,N,N,N
2014,8240.0,Village of Haskins - (OH),OH,PJM,628,5769,520,.,N,N,N
2014,8949.0,City of Hubbard,OH,PJM,4023,53599,4336,.,N,N,N
2014,9572.0,Village of Jackson Center - (OH),OH,PJM,1850,15974,778,.,Y,N,N
2014,10616.0,Village of Lakeview - (OH),OH,PJM,1195,10217,938,.,N,N,N
2014,11126.0,Village of Lodi - (OH),OH,PJM,4238.2,43772,1871,.,N,Y,N
2014,11296.0,Village of Lucas - (OH),OH,PJM,398,3570,360,.,N,N,N
2014,11739.0,Village of Marshallville - (OH),OH,PJM,854,7094,492,.,N,N,N
2014,12302.0,City of Mendon - (OH),OH,PJM,613,5209,334,.,N,N,N
2014,12533.0,Village of Milan - (OH),OH,PJM,1487,11944,727,.,N,N,N
2014,12811.0,Village of Monroeville - (OH),OH,PJM,4142,54998,837,.,N,N,N
2014,12861.0,Village of Montpelier - (OH),OH,PJM,7233,71758,2331,.,N,N,N
2014,13420.0,Village of New Bremen - (OH),OH,PJM,6209,69702,1576,.,N,N,N
2014,13464.0,Village of New Knoxville - (OH),OH,PJM,977,9297,400,.,Y,N,N
2014,13563.0,City of Newton Falls - (OH),OH,PJM,4992,44846,2558,.,N,N,N
2014,13932.0,Village of Oak Harbor - (OH),OH,PJM,2577.6,24263,1518,.,N,N,N
2014,13950.0,Village of Obetz - (OH),OH,PJM,4860.1,49142,32,.,N,N,N
2014,13997.0,Village of Ohio City - (OH),OH,PJM,643,6406,430,.,N,N,N
2014,14650.0,Village of Pemberville - (OH),OH,PJM,1392,11767,710,.,N,N,N
2014,15072.0,Village of Pioneer - (OH),OH,PJM,3845,40002,827,.,N,N,N
2014,15203.0,Village of Plymouth - (OH),OH,PJM,1354,12006,824,.,N,N,N
2014,15432.0,Prospect Corporation,OH,PJM,880,8769,737,.,N,N,N
2014,15865.0,Village of Republic - (OH),OH,PJM,464.5,3011,325,.,N,N,N
2014,16062.0,Village of Ripley - (OH),OH,PJM,1671,15482,1055,.,N,N,N
2014,16951.0,Seville Board of Public Affairs,OH,PJM,7268,90567,1818,.,Y,N,N
2014,17098.0,Village of Shiloh - (OH),OH,PJM,548.5,4946,280,.,N,N,N
2014,17588.0,South Vienna Corporation,OH,PJM,519,4816,237,.,N,N,N
2014,17865.0,City of St Clairsville - (OH),OH,PJM,5972,51076,3075,.,N,N,N
2014,18393.0,Village of Sycamore - (OH),OH,PJM,868,6374,533,.,N,N,N
2014,18944.0,Village of Tontogany - (OH),OH,PJM,480,4825,233,.,N,N,N
2014,19176.0,"Tricounty Rural Elec Coop, Inc",OH,PJM,9030,75758,4377,.,N,N,N
2014,19805.0,Village of Versailles - (OH),OH,PJM,6161,61764,1819,.,N,N,N
2014,20223.0,Village of Waynesfield - (OH),OH,PJM,857,7693,485,.,N,N,N
2014,20313.0,Village of Wellington - (OH),OH,PJM,7893,77359,2964,.,N,N,N
2014,20471.0,Village of Wharton - (OH),OH,PJM,272,2166,163,.,N,N,N
2014,20977.0,City of Woodsfield - (OH),OH,PJM,2458.9,23420,1660,.,N,N,N
2014,20979.0,Village of Woodville - (OH),OH,PJM,1450,12535,992,.,N,N,N
2014,588.0,Anadarko Public Works Authority,OK,SWPP,7600,47339,2076,.,N,N,N
2014,1800.0,City of Blackwell - (OK),OK,SWPP,6046,68750,3555,.,N,N,N
2014,2268.0,Town of Braman - (OK),OK,SWPP,204,1994,160,.,N,N,N
2014,2553.0,City of Burlington - (OK),OK,SWPP,190.2,2679,76,.,N,N,N
2014,3986.0,City of Collinsville - (OK),OK,SWPP,4686,53005,3200,.,N,N,N
2014,4078.0,City of Comanche - (OK),OK,SWPP,1786.7,13893,825,.,N,N,N
2014,4319.0,Copan Public Works Authority,OK,SWPP,548,5215,341,.,N,N,N
2014,4344.0,City of New Cordell - (OK),OK,SWPP,2345,21521,1456,.,N,N,N
2014,5741.0,City of Eldorado - (OK),OK,SWPP,320,1918,258,.,N,N,N
2014,6152.0,City of Fairview - (OK),OK,SWPP,3181.6,33586,1826,.,N,N,N
2014,6618.0,Town of Fort Supply - (OK),OK,SWPP,253.7,2149,210,.,N,N,N
2014,6750.0,City of Frederick - (OK),OK,SWPP,4737,51893,2099,.,N,N,N
2014,7048.0,City of Geary - (OK),OK,SWPP,1057,9580,683,.,N,N,N
2014,7441.0,Goltry Public Works Authority,OK,SWPP,243,1871,169,.,N,N,N
2014,7501.0,City of Granite - (OK),OK,SWPP,754,6260,671,.,Y,N,N
2014,8183.0,Harmon Electric Assn Inc,OK,SWPP,7886,69191,3114,.,N,N,Y
2014,8799.0,City of Hominy - (OK),OK,SWPP,2486,21208,1411,.,N,N,N
2014,10320.0,City of Kingfisher - (OK),OK,AECI,5309,50356,2239,.,N,N,N
2014,10777.0,Town of Laverne - (OK),OK,SWPP,1142.7,11091,789,.,N,N,N
2014,10970.0,City of Lexington - (OK),OK,SWPP,1597,10537,836,.,N,N,N
2014,11058.0,City of Lindsay - (OK),OK,SWPP,2863,30447,1500,.,N,N,N
2014,11541.0,City of Manitou - (OK),OK,SWPP,145,2145,89,.,N,N,N
2014,11578.0,Town of Mannford - (OK),OK,SWPP,3437,38383,1117,.,N,N,N
2014,11691.0,City of Marlow - (OK),OK,SWPP,2816,38107,2300,.,N,N,N
2014,12892.0,City of Mooreland - (OK),OK,SWPP,1290,13084,655,.,N,N,N
2014,13530.0,City of Newkirk - (OK),OK,SWPP,1486,22707,1392,.,N,N,N
2014,13966.0,City of Olustee,OK,SWPP,351,2810,281,.,N,N,N
2014,14057.0,Okeene Public Works Authority,OK,SWPP,1976,21152,687,.,N,N,N
2014,14176.0,City of Orlando - (OK),OK,SWPP,127,1289,89,.,N,N,N
2014,14583.0,City of Pawnee - (OK),OK,SWPP,2286,22051,1340,.,N,N,N
2014,14829.0,City of Perry - (OK),OK,SWPP,7365,70308,3426,.,N,N,N
2014,15515.0,City of Purcell - (OK),OK,SPA,5604.7,51229,2851,.,N,N,N
2014,15923.0,City of Pond Creek - (OK),OK,SWPP,910,8835,593,.,N,N,N
2014,16487.0,Town of Ryan - (OK),OK,SWPP,439,5711,467,.,N,N,N
2014,17286.0,City of Skiatook - (OK),OK,SWPP,6566,66948,3908,.,N,N,N
2014,17553.0,Town of South Coffeyville - (OK),OK,SWPP,583,6741,493,.,N,N,N
2014,17802.0,Town of Spiro - (OK),OK,SWPP,1238,17844,1096,.,N,N,N
2014,18224.0,City of Stroud - (OK),OK,SWPP,3496,30288,1463,.,N,N,N
2014,18524.0,Tecumseh Utility Authority,OK,SWPP,3972.4,35395,2260,.,N,N,N
2014,19025.0,City of Tonkawa - (OK),OK,SWPP,3027,28387,1504,.,N,N,N
2014,19719.0,City of Yale - (OK),OK,SWPP,1293,8962,712,.,N,N,N
2014,20061.0,Walters Public Works Authority,OK,SWPP,2399.6,19468,1581,.,N,N,N
2014,20196.0,City of Watonga - (OK),OK,SWPP,2977,25386,1541,.,N,N,N
2014,20227.0,City of Waynoka - (OK),OK,SWPP,1178.5,10584,840,.,N,N,N
2014,20502.0,City of Wetumka - (OK),OK,SWPP,1194.7,8528,622,.,N,N,N
2014,21066.0,City of Wynnewood - (OK),OK,SWPP,1547,15534,1171,.,N,N,N
2014,3136.0,City of Cascade Locks - (OR),OR,BPAT,1557,19079,812,.,N,N,N
2014,5354.0,City of Drain - (OR),OR,BPAT,1368.5,15769,802,.,N,N,N
2014,20385.0,West Oregon Electric Coop Inc,OR,BPAT,10142,67254,4266,.,Y,N,N
2014,1618.0,Borough of Berlin - (PA),PA,PJM,2018,21778,1149,.,N,N,N
2014,1823.0,Borough of Blakely - (PA),PA,PJM,5905,34264,3499,.,N,N,N
2014,3170.0,Borough of Catawissa,PA,PJM,1696,9839,972,.,N,N,N
2014,5442.0,Borough of Duncannon - (PA),PA,PJM,1296,10465,902,.,N,N,N
2014,5586.0,Borough of East Conemaugh,PA,PJM,699,5304,720,.,N,N,N
2014,5828.0,Borough of Ellwood City - (PA),PA,PJM,6802,50374,4084,.,N,N,N
2014,7256.0,Borough of Girard - (PA),PA,PJM,3620,29849,1552,.,N,N,N
2014,7359.0,Borough of Goldsboro - (PA),PA,PJM,711,5429,387,.,N,N,N
2014,7719.0,Borough of Grove City - (PA),PA,PJM,6411,62673,3032,.,Y,N,N
2014,8254.0,Borough of Hatfield- (PA),PA,PJM,3105,22874,1521,.,N,N,N
2014,8826.0,Hooversville Boro Elec Lgt Co,PA,PJM,498,3534,371,.,N,N,N
2014,10494.0,Borough of Kutztown - (PA),PA,PJM,6495,44224,2467,.,Y,N,N
2014,10882.0,Borough of Lehighton - (PA),PA,PJM,7419,46543,2434,.,N,N,N
2014,10959.0,Borough of Lewisberry - (PA),PA,PJM,324.7,2377,192,.,N,N,N
2014,12474.0,Borough of Middletown - (PA),PA,PJM,9361,45768,3748,.,Y,N,N
2014,12523.0,Borough of Mifflinburg - (PA),PA,PJM,5570,41968,1859,.,N,N,N
2014,12817.0,Mont Alto Borough,PA,PJM,995,9999,693,.,N,N,N
2014,13205.0,"New Enterprise R E C, Inc",PA,PJM,5786,50622,4782,.,Y,N,N
2014,13489.0,Borough of New Wilmington - (PA),PA,PJM,2356,19243,733,.,N,N,N
2014,14124.0,Borough of Olyphant - (PA),PA,PJM,3712,21581,2665,.,Y,N,N
2014,14792.0,Borough of Perkasie - (PA),PA,PJM,9858,56697,3896,.,Y,N,N
2014,15104.0,Borough of Pitcairn - (PA),PA,PJM,1905.5,12751,1787,.,N,N,N
2014,16375.0,Borough of Royalton - (PA),PA,PJM,709.1,4894,543,.,N,N,N
2014,16780.0,Borough of Schuylkill Haven - (PA),PA,PJM,6191,46945,2972,.,N,N,N
2014,16853.0,Borough of St Clair - (PA),PA,PJM,3673.2,21260,1871,.,N,N,N
2014,17337.0,Borough of Smethport - (PA),PA,PJM,1669,12877,1049,.,N,N,N
2014,18284.0,Borough of Summerhill - (PA),PA,PJM,314,2996,297,.,N,N,N
2014,18456.0,Borough of Tarentum - (PA),PA,PJM,3727.9,31586,2534,.,N,N,N
2014,20070.0,Borough of Wampum,PA,PJM,552,4025,410,.,N,N,N
2014,20206.0,Borough of Watsontown - (PA),PA,PJM,2318,11979,1078,.,N,N,N
2014,20232.0,Borough of Weatherly - (PA),PA,PJM,2851,21848,1176,.,N,N,N
2014,21160.0,Borough of Zelienople - (PA),PA,PJM,4615,29851,2255,.,Y,N,N
2014,40223.0,Warren Electric Coop Inc,PA,PJM,9005,58042,8829,.,N,Y,N
2014,40291.0,"Sullivan County R E C, Inc - (PA)",PA,PJM,8705,54541,5912,.,Y,Y,N
2014,34.0,City of Abbeville - (SC),SC,DUK,8084,61270,3444,.,Y,N,N
2014,1170.0,Bamberg Board of Public Works,SC,SC,5181.4,48627,1883,.,N,N,N
2014,5402.0,City of Due West - (SC),SC,DUK,1323,12967,361,.,N,N,N
2014,12006.0,Town of McCormick - (SC),SC,SCEG,2133,17906,894,.,N,N,N
2014,15433.0,Town of Prosperity - (SC),SC,DUK,1283,8662,785,.,N,N,N
2014,20490.0,City of Westminster - (SC),SC,DUK,3552,29326,1509,.,N,N,N
2014,20826.0,Town of Winnsboro - (SC),SC,SCEG,5931,66785,3229,.,N,N,N
2014,831.0,City of Arlington - (SD),SD,MISO,1865,18090,589,.,N,N,N
2014,1004.0,City of Aurora - (SD),SD,WAUE,567,4614,340,.,N,N,N
2014,1080.0,City of Badger - (SD),SD,MISO,172,1600,94,.,N,Y,N
2014,1698.0,City of Big Stone City - (SD),SD,MISO,971,13316,384,.,N,Y,N
2014,2448.0,City of Bryant - (SD),SD,WAUE,526,4099,252,.,N,N,N
2014,2534.0,City of Burke - (SD),SD,WAUE,654,6870,492,.,N,N,N
2014,3633.0,City of McLaughlin - (SD),SD,WAUE,653,6801,377,.,N,N,N
2014,3735.0,City of Colman - (SD),SD,MISO,990,9450,322,.,N,Y,N
2014,5771.0,City of Elk Point,SD,WAUE,1659.3,17447,950,.,N,N,N
2014,5995.0,City of Estelline - (SD),SD,WAUE,684.8,7488,405,.,N,Y,N
2014,6157.0,City of Faith - (SD),SD,WAUE,577,5417,274,.,N,N,N
2014,7712.0,City of Groton - (SD),SD,WAUE,1396,17544,788,.,N,Y,N
2014,8379.0,City of Hecla,SD,WAUE,357,4366,285,.,N,N,N
2014,8919.0,City of Howard - (SD),SD,MISO,1242,13661,646,.,N,Y,N
2014,10329.0,"Kingsbury Electric Coop, Inc",SD,WAUE,3093,25646,1050,.,N,Y,N
2014,13685.0,"Niobrara Electric Assn, Inc",SD,WACM,17,111,15,.,N,N,Y
2014,14138.0,City of Onida - (SD),SD,WAUE,937,9046,460,.,N,N,N
2014,14489.0,City of Parker - (SD),SD,WAUE,1188,10681,622,.,N,Y,N
2014,15134.0,City of Plankinton - (SD),SD,WAUE,765,10000,454,.,N,N,N
2014,17593.0,"Southeast Electric Coop, Inc",SD,WAUE,26,196,21,.,Y,N,N
2014,19333.0,City of Tyndall - (SD),SD,WAUE,1108,14600,624,.,N,N,N
2014,20359.0,City of Wessington Springs,SD,WAUE,1200,11411,632,.,N,N,N
2014,26120.0,Town of Langford- (SD),SD,WAUE,349,3217,194,.,N,N,N
2014,40435.0,City of White - (SD),SD,WAUE,410,3034,301,.,N,N,N
2014,40604.0,Heartland Consumers Power Dist,SD,WAUE,699.1,7362,3,.,N,N,N
2014,1287.0,City of Bartlett - (TX),TX,ERCO,1139.8,9083,667,.,N,N,N
2014,1324.0,City of Bastrop - (TX),TX,ERCO,7374.2,64946,2748,.,N,N,N
2014,1519.0,City of Bellville - (TX),TX,ERCO,6897,61106,2757,.,N,N,N
2014,2050.0,City of Bowie - (TX),TX,ERCO,9406,69895,3355,.,N,N,N
2014,2135.0,City of Brady - (TX),TX,ERCO,8026,64375,3011,.,N,N,N
2014,2210.0,City of Bridgeport - (TX),TX,ERCO,7408,54283,2257,.,N,N,N
2014,2404.0,City of Brownfield - (TX),TX,SWPP,7993,68890,4116,.,N,N,N
2014,2559.0,City of Burnet - (TX),TX,ERCO,9514,79485,2900,.,N,N,N
2014,2800.0,City of Caldwell,TX,MISO,5651,57854,2042,.,N,N,N
2014,3168.0,City of Castroville - (TX),TX,ERCO,1736,30002,1456,.,N,N,Y
2014,3923.0,City of Coleman - (TX),TX,ERCO,5699.1,37210,2486,.,N,N,N
2014,5744.0,City of Electra - (TX),TX,SWPP,3131,23070,1295,.,N,N,N
2014,6203.0,City of Farmersville - (TX),TX,ERCO,3488.3,29125,1626,.,N,N,N
2014,6396.0,City of Flatonia - (TX),TX,ERCO,4131,29105,1055,.,N,N,N
2014,6472.0,City of Floydada - (TX),TX,SWPP,1704,16437,1308,.,N,N,N
2014,7184.0,City of Giddings - (TX),TX,ERCO,5819,55036,2625,.,N,N,N
2014,7368.0,City of Goldthwaite - (TX),TX,ERCO,2574,22660,1232,.,N,N,N
2014,7370.0,City of Gonzales - (TX),TX,ERCO,8604,88753,3081,.,N,N,N
2014,7419.0,City of Goldsmith - (TX),TX,ERCO,584,4381,257,.,N,N,N
2014,7480.0,City of Granbury - (TX),TX,ERCO,11122,94827,3286,.,N,N,N
2014,7958.0,City of Hallettsville - (TX),TX,ERCO,4179,42351,1659,.,N,N,N
2014,8183.0,Harmon Electric Assn Inc,TX,SWPP,745.7,4654,457,.,N,N,Y
2014,8359.0,City of Hearne - (TX),TX,ERCO,5798.5,42852,2370,.,N,N,N
2014,8432.0,City of Hemphill - (TX),TX,MISO,2448.8,17574,751,.,N,N,N
2014,8435.0,City of Hempstead - (TX),TX,ERCO,5050,45455,2305,.,N,N,Y
2014,8801.0,City of Hondo - (TX),TX,ERCO,9730,80988,3156,.,N,N,N
2014,9422.0,J-A-C Electric Coop Inc,TX,ERCO,9833,89346,5862,.,N,N,N
2014,10359.0,Kirbyville Light & Power Co,TX,MISO,2370,23660,1057,.,N,N,N
2014,10532.0,City of La Grange - (TX),TX,ERCO,6127,66431,3039,.,N,N,N
2014,10969.0,City of Lexington - (TX),TX,ERCO,1239,11081,603,.,N,N,N
2014,11097.0,City of Livingston - (TX),TX,MISO,9899,83934,3305,.,N,N,N
2014,11103.0,City of Llano - (TX),TX,ERCO,4876,41916,1916,.,Y,N,N
2014,11316.0,City of Luling - (TX),TX,ERCO,6725.7,60710,2702,.,N,N,N
2014,11793.0,City of Mason - (TX),TX,ERCO,3437,24929,1519,.,N,N,N
2014,13025.0,City of Moulton - (TX),TX,ERCO,1179,9364,697,.,N,N,N
2014,13603.0,City of Newton - (TX),TX,MISO,2273,21870,1082,.,N,N,N
2014,16175.0,City of Robstown - (TX),TX,ERCO,12611,91907,4566,.,N,N,N
2014,16605.0,City of San Augustine - (TX),TX,MISO,2829,22650,1122,.,N,N,N
2014,16647.0,City of Sanger - (TX),TX,ERCO,7635.2,62799,2496,.,N,N,N
2014,16765.0,City of Schulenburg - (TX),TX,ERCO,7592,64540,1830,.,N,N,N
2014,16961.0,City of Seymour - (TX),TX,ERCO,3788,26421,1575,.,N,N,N
2014,17101.0,City of Shiner - (TX),TX,ERCO,4029,39702,1339,.,N,N,N
2014,17453.0,City of Smithville - (TX),TX,ERCO,4764,40106,2111,.,N,N,N
2014,18933.0,City of Timpson - (TX),TX,ERCO,1612,14288,642,.,N,N,N
2014,19264.0,City of Tulia,TX,SWPP,3028,27268,2142,.,N,N,N
2014,19952.0,City of Waelder - (TX),TX,ERCO,2485,26960,543,.,N,N,N
2014,20331.0,City of Weimar - (TX),TX,ERCO,3984,33909,1221,.,N,N,N
2014,20588.0,City of Whitesboro - (TX),TX,ERCO,3726.6,32050,1993,.,N,N,N
2014,21108.0,City of Yoakum - (TX),TX,ERCO,9383,86339,3520,.,N,N,N
2014,28981.0,City of San Saba - (TX),TX,ERCO,1415,36419,1808,.,N,N,N
2014,1434.0,Beaver City Corporation,UT,PACE,2273.2,29496,1956,.,N,N,N
2014,1839.0,City of Blanding - (UT),UT,PACE,2616.1,26653,1785,.,Y,N,N
2014,5932.0,City of Ephraim - (UT),UT,PACE,3182,35293,2479,.,Y,N,N
2014,6154.0,Fairview City Corporation,UT,PACE,736,7230,813,.,N,N,N
2014,6316.0,Fillmore City Corporation,UT,PACE,2497.9,32680,1169,.,Y,N,N
2014,8428.0,City of Helper - (UT),UT,PACE,946,11117,1070,.,N,N,N
2014,8714.0,Town of Holden - (UT),UT,PACE,102,197,233,.,N,N,N
2014,9995.0,Kanosh Town Corporation,UT,PACE,206,1980,292,.,N,N,N
2014,10978.0,Levan Town Corporation - (UT),UT,PACE,334,4339,333,.,N,Y,N
2014,11588.0,City of Manti - (UT),UT,PACE,1623,19420,1411,.,N,Y,N
2014,12289.0,Meadow Town Corporation,UT,PACE,144,1739,174,.,N,N,N
2014,12797.0,City of Monroe - (UT),UT,PACE,916,12324,1017,.,N,N,N
2014,12928.0,Morgan City - (UT),UT,PACE,1826,17962,1745,.,Y,N,N
2014,13037.0,City of Mt Pleasant - (UT),UT,PACE,2031,20105,2101,.,Y,N,N
2014,13388.0,Nephi City Corporation,UT,PACE,6541,93940,2532,.,Y,N,N
2014,14022.0,Town of Oak City - (UT),UT,PACE,213,2974,275,.,N,N,N
2014,14198.0,Price Municipal Corporation,UT,PACE,6996,75654,5137,.,N,N,N
2014,14443.0,Town of Paragonah - (UT),UT,PACE,186,1877,252,.,N,N,N
2014,14512.0,Parowan City Corporation,UT,PACE,1232.9,15802,1734,.,N,N,N
2014,16557.0,Salem City Corporation - (UT),UT,PACE,3166,32674,2202,.,N,N,N
2014,16648.0,City of Santa Clara - (UT),UT,PACE,3152.9,35095,4818,.,Y,N,N
2014,17844.0,Spring City Corporation,UT,PACE,408.7,3915,574,.,Y,N,N
2014,21514.0,"Flowell Electric Assn, Inc",UT,WACM,2481,32931,485,.,Y,N,N
2014,40433.0,City of Enterprise - (UT),UT,PACE,834.5,8919,610,.,Y,N,N
2014,1795.0,Town of Blackstone - (VA),VA,PJM,3971,39000,1967,.,N,N,N
2014,5794.0,Town of Elkton,VA,PJM,1924,18916,1076,.,N,N,N
2014,15982.0,Town of Richlands - (VA),VA,PJM,5607.2,66099,2563,.,N,N,N
2014,19978.0,Town of Wakefield - (VA),VA,PJM,1327,12984,519,.,N,N,N
2014,1299.0,"Barton Village, Inc",VT,ISNE,2450,14092,1901,.,Y,N,N
2014,5915.0,Village of Enosburg Falls - (VT),VT,ISNE,4084.7,26112,1706,.,Y,N,N
2014,9144.0,Village of Hyde Park - (VT),VT,ISNE,2091.4,11446,1383,.,Y,N,N
2014,9610.0,Village of Jacksonville - (VT),VT,ISNE,850.5,4936,700,.,Y,N,N
2014,9806.0,Village of Johnson - (VT),VT,ISNE,2360.1,13439,944,.,Y,N,N
2014,14261.0,Village of Orleans - (VT),VT,ISNE,1879.6,13097,669,.,Y,N,N
2014,287.0,"Alder Mutual Light Co, Inc",WA,BPAT,263,4627,285,.,N,N,N
2014,3459.0,City of Chewelah,WA,AVA,1409,22530,1291,.,N,N,N
2014,4414.0,City of Coulee Dam - (WA),WA,BPAT,846.3,16471,627,.,Y,N,N
2014,5631.0,Town of Eatonville - (WA),WA,BPAT,1746,25959,1187,.,N,N,N
2014,10326.0,PUD No 1 of Kittitas County,WA,BPAT,8466,92319,4258,.,Y,N,N
2014,11965.0,City of McCleary - (WA),WA,BPAT,2275.1,30509,1082,.,N,N,N
2014,12616.0,City of Milton - (WA),WA,BPAT,4059.6,64922,3326,.,N,N,N
2014,13387.0,"Nespelem Valley Elec Coop, Inc",WA,BPAT,4042.7,57658,1534,.,N,N,N
2014,14771.0,PUD No 1 of Asotin County,WA,BPAT,16.2,330,3,.,N,N,N
2014,15327.0,PUD No 1 of Wahkiakum County,WA,BPAT,3513,39839,2420,.,N,N,N
2014,16462.0,Town of Ruston - (WA),WA,TPWR,543,6213,504,.,N,N,N
2014,18282.0,City of Sumas - (WA),WA,PSEI,1854,31059,803,.,N,N,N
2014,22355.0,PUD No 1 of Mason County,WA,BPAT,7374,70989,5141,.,Y,N,N
2014,765.0,City of Arcadia - (WI),WI,MISO,7117,88670,1533,.,N,N,N
2014,792.0,City of Argyle - (WI),WI,MISO,715.6,6771,528,.,N,N,N
2014,1278.0,City of Barron - (WI),WI,MISO,6354.8,83708,1835,.,N,N,Y
2014,1522.0,Village of Belmont - (WI),WI,MISO,2038,22826,816,.,N,N,N
2014,1585.0,Village of Benton - (WI),WI,MISO,457,5206,524,.,N,N,N
2014,1765.0,Village of Black Earth - (WI),WI,MISO,1619,12712,1358,.,N,N,N
2014,1866.0,Bloomer Electric & Water Co,WI,MISO,4486,54888,2051,.,N,N,N
2014,2759.0,Village of Cadott - (WI),WI,MISO,1190,13384,818,.,N,N,N
2014,3156.0,Village of Cashton - (WI),WI,MISO,1300,13012,618,.,N,N,N
2014,3298.0,Village of Centuria - (WI),WI,MISO,650,5853,444,.,N,N,N
2014,4369.0,City of Cornell,WI,MISO,1200,12987,886,.,N,N,N
2014,4627.0,City of Cumberland - (WI),WI,MISO,4205.6,37805,1372,.,N,N,N
2014,5834.0,City of Elroy - (WI),WI,MISO,2117.7,22237,843,.,N,N,N
2014,6274.0,City of Fennimore - (WI),WI,MISO,3021.1,35094,1427,.,Y,N,N
2014,7665.0,Village of Gresham - (WI),WI,MISO,2740,23732,1155,.,N,N,N
2014,8336.0,Village of Hazel Green - (WI),WI,MISO,972,8615,635,.,N,N,N
2014,10243.0,City of Kiel - (WI),WI,MISO,7719.7,80744,2627,.,N,N,N
2014,10525.0,La Farge Municipal Electric Co,WI,MISO,844.9,7323,552,.,Y,N,N
2014,11895.0,Village of Mazomanie - (WI),WI,MISO,3017,31305,917,.,Y,N,Y
2014,12336.0,Village of Merrillan - (WI),WI,MISO,356,4173,422,.,N,N,N
2014,13466.0,City of New Lisbon,WI,MISO,2359,24980,866,.,N,N,N
2014,14451.0,Village of Pardeeville - (WI),WI,MISO,1976.9,19470,1393,.,N,N,N
2014,15385.0,City of Princeton - (WI),WI,MISO,1187,10146,958,.,N,N,N
2014,15983.0,Richland Electric Coop,WI,MISO,7653,50288,3758,.,Y,Y,N
2014,16680.0,Village of Sauk City - (WI),WI,MISO,3860,34193,1873,.,N,N,Y
2014,17130.0,City of Shullsburg - (WI),WI,MISO,1106.6,11015,753,.,Y,N,N
2014,17811.0,City of Spooner - (WI),WI,MISO,2961,30973,1930,.,N,N,N
2014,18200.0,Village of Stratford - (WI),WI,MISO,1971.5,17890,851,.,N,N,N
2014,19114.0,Village of Trempealeau - (WI),WI,MISO,1892,14286,1251,.,Y,N,N
2014,19867.0,Village of Viola - (WI),WI,MISO,551,4688,412,.,N,N,N
2014,20153.0,"Washington Island El Coop, Inc",WI,MISO,1646,9409,1083,.,N,N,N
2014,20844.0,Wisconsin Dells Electric Util,WI,MISO,5694,58677,2009,.,N,N,N
2014,20924.0,Wonewoc Electric & Water Util,WI,MISO,570.6,4918,480,.,N,N,N
2014,8192.0,"Harrison Rural Elec Assn, Inc",WV,PJM,15170,90110,6698,.,Y,N,N
2014,13471.0,City of New Martinsville - (WV),WV,PJM,3582,29776,1722,.,N,N,N
2014,14954.0,Philippi Municipal Electric,WV,PJM,3502,37934,1752,.,N,N,N
2014,1779.0,Town of Basin - (WY),WY,PACE,1299,10567,933,.,N,N,N
2014,4981.0,City of Deaver - (WY),WY,PACE,66,786,90,.,N,N,N
2014,6509.0,Town of Fort Laramie- (WY),WY,WACM,183,1205,145,.,N,N,N
2014,7759.0,Town of Guernsey - (WY),WY,WACM,1303.4,13106,874,.,N,N,N
2014,11099.0,Town of Lingle - (WY),WY,WACM,464.3,3315,297,.,N,N,N
2014,11330.0,Town of Lusk - (WY),WY,WACM,1760,18083,1130,.,N,N,N
2014,13685.0,"Niobrara Electric Assn, Inc",WY,WACM,7525,62435,2063,.,N,N,Y
2014,15051.0,City of Pine Bluffs - (WY),WY,WACM,962.6,8678,769,.,N,N,N
2014,15294.0,City of Powell - (WY),WY,WACM,6119,49884,3141,.,Y,N,N
2014,17593.0,"Southeast Electric Coop, Inc",WY,WAUW,25,222,11,.,Y,N,N
2014,20506.0,"Wheatland Rural Elec Assn, Inc",WY,WACM,11943,106223,3728,.,Y,N,N
2014,20512.0,Town of Wheatland - (WY),WY,WACM,3897,33459,2055,.,N,N,N
2014,21664.0,Willwood Light & Power Company,WY,PACE,138,1222,50,.,N,N,N
2014,31516.0,Midvale Irrigation District,WY,PACE,3.2,77,6,.,N,N,N
These entities are one of the elements used in the state Adjustment lines in the Sales to Ultimate Customers file.,,,,,,,,,,,
