Utility Characteristics,,,,,,,RESIDENTIAL,,,COMMERCIAL,,,INDUSTRIAL,,,TRANSPORTATION,,,TOTAL,,
,,,,,,,Revenues,Sales,Customers,Revenues,Sales,Customers,Revenues,Sales,Customers,Revenues,Sales,Customers,Revenues,Sales,Customers
Data Year,Facility Number,Facility Name,Utility Number,Utility Name,STATE,BA Code,Thousand Dollars,Megawatthours,Count,Thousand Dollars,Megawatthours,Count,Thousand Dollars,Megawatthours,Count,Thousand Dollars,Megawatthours,Count,Thousand Dollars,Megawatthours,Count
2020,63292,100 Brook Hill Drive Solar,63059,Diamond Properties,NY,NYIS,0.0,0,0,178.0,"2,483",1,0.0,0,0,0.0,0,0,178.0,"2,483",1
2020,59371,12 Applegate Solar LLC,62629,G&S Operations LLC,NJ,PJM,0.0,0,0,149.0,"2,277",1,0.0,0,0,0.0,0,0,149.0,"2,277",1
2020,57458,145 Talmadge Solar,56777,Avidan Energy Solutions,NJ,PJM,0.0,0,0,0.0,0,0,612.0,"4,844",1,0.0,0,0,612.0,"4,844",1
2020,58187,180 Raritan Solar,58164,"180 Raritan Energy Solutions, LLC",NJ,PJM,0.0,0,0,0.0,0,0,318.0,"2,514",1,0.0,0,0,318.0,"2,514",1
2020,59365,24 Applegate Solar LLC,60281,"Altus Power America Management, LLC",NJ,PJM,0.0,0,0,119.0,"1,243",1,0.0,0,0,0.0,0,0,119.0,"1,243",1
2020,61518,301 Chestnut Solar NG,61125,"301 Chestnut Solar NG, LLC",MA,ISNE,0.0,0,0,231.0,"2,498",1,0.0,0,0,0.0,0,0,231.0,"2,498",1
2020,61224,"350 Clark Solar, NG, LLC",60857,"350 Clark Solar NG, LLC",NJ,PJM,0.0,0,0,407.0,"2,073",1,0.0,0,0,0.0,0,0,407.0,"2,073",1
2020,59370,4 Applegate Solar LLC,62629,G&S Operations LLC,NJ,PJM,0.0,0,0,155.0,"2,059",1,0.0,0,0,0.0,0,0,155.0,"2,059",1
2020,63366,435A Bergen Avenue,60268,Hartz Solar LLC,NJ,PJM,0.0,0,0,83.0,"2,140",1,0.0,0,0,0.0,0,0,83.0,"2,140",1
2020,62325,46 Meadowlands Parkway,60268,Hartz Solar LLC,NJ,PJM,0.0,0,0,197.0,"2,576",1,0.0,0,0,0.0,0,0,197.0,"2,576",1
2020,57640,500 Virginia Solar,64045,Alliance HP Virginia Drive LLC,PA,PJM,0.0,0,0,14.0,196,1,0.0,0,0,0.0,0,0,14.0,196,1
2020,62326,77 Metro Way,60268,Hartz Solar LLC,NJ,PJM,0.0,0,0,134.0,"1,554",2,0.0,0,0,0.0,0,0,134.0,"1,554",2
2020,58798,"AC Criminal Courts Complex SPE2, LLC",58661,"Sustainable Power Group, LLC",NJ,PJM,0.0,0,0,215.0,"1,826",1,0.0,0,0,0.0,0,0,215.0,"1,826",1
2020,57845,AC Landfill Energy LLC,57173,AC Landfill Energy LLC,NJ,PJM,0.0,0,0,0.0,0,0,304.0,"3,332",1,0.0,0,0,304.0,"3,332",1
2020,60802,ACCC Mays Landing,61944,Goldman Sachs Renewable Power Group,NJ,PJM,0.0,0,0,181.0,"1,958",1,0.0,0,0,0.0,0,0,181.0,"1,958",1
2020,61068,AES LAWAI SOLAR Hybrid,61012,AES Distributed Energy,HI,NA,0.0,0,0,"4,293.0","38,932",1,0.0,0,0,0.0,0,0,"4,293.0","38,932",1
2020,63161,AES Tonawanda Solar LLC,61012,AES Distributed Energy,NY,NYIS,0.0,0,0,271.0,"3,045",1,0.0,0,0,0.0,0,0,271.0,"3,045",1
2020,60986,AIS Solar Project,63249,Terraform Arcadia,MA,ISNE,0.0,0,0,"2,697.0","13,328",1,0.0,0,0,0.0,0,0,"2,697.0","13,328",1
2020,62629,APG New Chesapeake,60584,Onyx Asset Services Group,MD,PJM,0.0,0,0,615.0,"4,129",1,0.0,0,0,0.0,0,0,615.0,"4,129",1
2020,62628,APG Old Bayside,60584,Onyx Asset Services Group,MD,PJM,0.0,0,0,463.0,"3,110",1,0.0,0,0,0.0,0,0,463.0,"3,110",1
2020,60085,AVS Lancaster 1,60947,Tesla Inc.,CA,CISO,0.0,0,0,469.0,"7,446",1,0.0,0,0,0.0,0,0,469.0,"7,446",1
2020,58632,Actus Lend Lease DMAFB,60947,Tesla Inc.,AZ,TEPC,0.0,0,0,496.0,"3,945",1,0.0,0,0,0.0,0,0,496.0,"3,945",1
2020,58270,Acushnet AD Makepeace,59622,"Ahana Renewables, LLC",MA,ISNE,0.0,0,0,448.0,"5,884",1,0.0,0,0,0.0,0,0,448.0,"5,884",1
2020,58271,Acushnet Hawes Reed Road,59622,"Ahana Renewables, LLC",MA,ISNE,0.0,0,0,136.0,"1,785",1,0.0,0,0,0.0,0,0,136.0,"1,785",1
2020,59128,Acushnet- High Hill,59622,"Ahana Renewables, LLC",MA,ISNE,0.0,0,0,290.0,"4,153",1,0.0,0,0,0.0,0,0,290.0,"4,153",1
2020,59121,Acushnet-Braley Road 1,59622,"Ahana Renewables, LLC",MA,ISNE,0.0,0,0,185.0,"2,316",1,0.0,0,0,0.0,0,0,185.0,"2,316",1
2020,60772,Adams Ave MS and HS,61944,Goldman Sachs Renewable Power Group,NJ,PJM,0.0,0,0,470.0,"4,855",1,0.0,0,0,0.0,0,0,470.0,"4,855",1
2020,59788,"Advance Stores Company, Inc",60947,Tesla Inc.,CT,ISNE,0.0,0,0,113.0,611,1,0.0,0,0,0.0,0,0,113.0,611,1
2020,63303,Alticor Inc - Solar Project,61944,Goldman Sachs Renewable Power Group,CA,CISO,0.0,0,0,139.0,"1,865",1,0.0,0,0,0.0,0,0,139.0,"1,865",1
2020,61850,Amana Society Service Company,471,Amana Society Service Co,IA,MISO,950.0,"7,195",712,934.0,"7,817",179,"5,453.0","70,226",1,0.0,0,0,"7,337.0","85,238",892
2020,58357,Amazon,63068,CVI CleanCapital Solar 4 LLC,NJ,PJM,0.0,0,0,216.0,"5,242",1,0.0,0,0,0.0,0,0,216.0,"5,242",1
2020,61377,Amazon - Patterson PV,61012,AES Distributed Energy,CA,BANC,0.0,0,0,418.0,"4,515",1,0.0,0,0,0.0,0,0,418.0,"4,515",1
2020,63537,Amazon BDL3 Solar Project,63259,Solar Star Prime 1 LLC,CT,ISNE,0.0,0,0,93.0,"1,336",1,0.0,0,0,0.0,0,0,93.0,"1,336",1
2020,63536,Amazon DEN2 Solar Project,63259,Solar Star Prime 1 LLC,CO,PSCO,0.0,0,0,73.0,"1,729",1,0.0,0,0,0.0,0,0,73.0,"1,729",1
2020,64360,"American Goldfinch SCS ACY2 NJ, LLC",61677,Sol Systems,NJ,PJM,0.0,0,0,101.0,"1,681",1,0.0,0,0,0.0,0,0,101.0,"1,681",1
2020,60684,Amphitheater High School Solar,60404,"Constellation Solar Arizona 2, LLC",AZ,TEPC,0.0,0,0,224.0,"2,222",1,0.0,0,0,0.0,0,0,224.0,"2,222",1
2020,59331,Anheuser-Busch #2,56930,"Foundation HA Energy Generation, LLC",CA,CISO,0.0,0,0,0.0,0,0,276.0,"3,405",1,0.0,0,0,276.0,"3,405",1
2020,61575,Anheuser-Busch Baldwinsville,61012,AES Distributed Energy,NY,NYIS,0.0,0,0,267.0,"2,516",1,0.0,0,0,0.0,0,0,267.0,"2,516",1
2020,59489,Anthony Wayne Solar #1,59244,GEM Energy LLC,OH,PJM,0.0,0,0,131.0,"1,716",1,0.0,0,0,0.0,0,0,131.0,"1,716",1
2020,60662,Archdiocese of Baltimore J,61419,"Constellation Solar MC, LLC",MD,PJM,0.0,0,0,281.0,"3,456",1,0.0,0,0,0.0,0,0,281.0,"3,456",1
2020,60663,Archdiocese of Baltimore L,61419,"Constellation Solar MC, LLC",MD,PJM,0.0,0,0,285.0,"3,512",1,0.0,0,0,0.0,0,0,285.0,"3,512",1
2020,57765,Arizona Western College PV,61012,AES Distributed Energy,AZ,AZPS,0.0,0,0,"1,910.0","7,912",1,0.0,0,0,0.0,0,0,"1,910.0","7,912",1
2020,55990,Ashtabula,58115,"DTE Ashtabula, LLC",OH,PJM,0.0,0,0,0.0,0,0,"2,735.0","172,042",1,0.0,0,0,"2,735.0","172,042",1
2020,56900,Atlantic City Convention Center,57044,"Constellation Solar New Jersey, LLC",NJ,PJM,0.0,0,0,538.0,"3,054",1,0.0,0,0,0.0,0,0,538.0,"3,054",1
2020,58360,Atlantic Coast Freezers Solar Facility,63068,CVI CleanCapital Solar 4 LLC,NJ,PJM,0.0,0,0,194.0,"2,777",1,0.0,0,0,0.0,0,0,194.0,"2,777",1
2020,60227,BJ's Wholesale Club Inc Dist Center,60947,Tesla Inc.,NJ,PJM,0.0,0,0,155.0,"2,331",1,0.0,0,0,0.0,0,0,155.0,"2,331",1
2020,60116,"BJ's Wholesale Club, Inc- Uxbridge",60947,Tesla Inc.,MA,ISNE,0.0,0,0,44.0,924,1,0.0,0,0,0.0,0,0,44.0,924,1
2020,61893,BNB Camden Solar,61508,BNB Camden Solar LLC,NJ,PJM,0.0,0,0,532.0,"5,316",1,0.0,0,0,0.0,0,0,532.0,"5,316",1
2020,60067,BWC Swan Pond River CSG,59805,"BWC Swan Pond River, LLC",MA,ISNE,0.0,0,0,269.0,"2,048",1,0.0,0,0,0.0,0,0,269.0,"2,048",1
2020,60664,Baltimore City B,61419,"Constellation Solar MC, LLC",MD,PJM,0.0,0,0,257.0,"3,147",1,0.0,0,0,0.0,0,0,257.0,"3,147",1
2020,60665,Baltimore City D,61419,"Constellation Solar MC, LLC",MD,PJM,0.0,0,0,245.0,"2,995",1,0.0,0,0,0.0,0,0,245.0,"2,995",1
2020,60666,Baltimore City F,61419,"Constellation Solar MC, LLC",MD,PJM,0.0,0,0,239.0,"2,934",1,0.0,0,0,0.0,0,0,239.0,"2,934",1
2020,60667,Baltimore City G,61419,"Constellation Solar MC, LLC",MD,PJM,0.0,0,0,259.0,"3,174",1,0.0,0,0,0.0,0,0,259.0,"3,174",1
2020,63298,"Barrette Outdoor Living, Inc.",62994,"Dynamic Energy Solutions, LLC",NJ,PJM,0.0,0,0,67.0,"2,668",1,0.0,0,0,0.0,0,0,67.0,"2,668",1
2020,10298,Bayou Cogen Plant,327,Air Liquide Large Industries U S LP,TX,ERCO,0.0,0,0,0.0,0,0,"6,204.0","264,306",1,0.0,0,0,"6,204.0","264,306",1
2020,55327,Baytown Energy Center,2838,Baytown Energy Center LLC,TX,ERCO,0.0,0,0,0.0,0,0,"24,781.0","1,688,644",1,0.0,0,0,"24,781.0","1,688,644",1
2020,62074,"Bd of Educ of Queen Anne's Cnty, Cnty HS",60947,Tesla Inc.,MD,PJM,0.0,0,0,172.0,"2,884",1,0.0,0,0,0.0,0,0,172.0,"2,884",1
2020,59546,Beaver Solar LLC,59287,Laurel Capital Partners,PA,PJM,0.0,0,0,0.0,0,0,189.0,"1,269",1,0.0,0,0,189.0,"1,269",1
2020,63262,Becton Canaan,63058,"DG Northeast 1, LLC",CT,ISNE,0.0,0,0,256.0,"3,644",1,0.0,0,0,0.0,0,0,256.0,"3,644",1
2020,58403,Bellingham PV,63249,Terraform Arcadia,MA,ISNE,0.0,0,0,250.0,"4,669",1,0.0,0,0,0.0,0,0,250.0,"4,669",1
2020,57733,Benjamin Moore & Co. Solar,57044,"Constellation Solar New Jersey, LLC",NJ,PJM,0.0,0,0,0.0,0,0,77.0,"2,039",1,0.0,0,0,77.0,"2,039",1
2020,63200,"Bergenmand Solar Partners, LLC Mahwah",60474,"Vanguard Energy Partners, LLC",NJ,PJM,0.0,0,0,34.0,"1,398",1,0.0,0,0,0.0,0,0,34.0,"1,398",1
2020,58624,Berkshire 1,58578,PPS Berkshire Solar LLC,MA,ISNE,0.0,0,0,263.0,"2,442",1,0.0,0,0,0.0,0,0,263.0,"2,442",1
2020,59097,Berry Plastics Solar,61944,Goldman Sachs Renewable Power Group,NJ,PJM,0.0,0,0,"1,378.0","16,028",1,0.0,0,0,0.0,0,0,"1,378.0","16,028",1
2020,61671,Betcher Community Solar Garden,61256,Betcher CSG LLC,MN,MISO,202.0,"1,777",5,0.0,0,0,0.0,0,0,0.0,0,0,202.0,"1,777",5
2020,64143,Bloom-Altice Fuel Cell,60571,"AEP Onsite Partners, LLC",NY,NYIS,0.0,0,0,313.0,"3,702",1,0.0,0,0,0.0,0,0,313.0,"3,702",1
2020,62077,Blue Shld Of Cal- El Dorado Hlls Mtr B,60947,Tesla Inc.,CA,BANC,0.0,0,0,180.0,"1,301",1,0.0,0,0,0.0,0,0,180.0,"1,301",1
2020,56862,Bolthouse S&P and Rowen Farms Solar,56105,MMA WBF Power LP,CA,CISO,0.0,0,0,176.0,"2,779",1,0.0,0,0,0.0,0,0,176.0,"2,779",1
2020,59014,Bolton PV,61012,AES Distributed Energy,MA,ISNE,0.0,0,0,"2,877.0","7,193",1,0.0,0,0,0.0,0,0,"2,877.0","7,193",1
2020,57992,Boston Scientific Solar,57365,Consolidated Edison Solutions Inc,MA,ISNE,0.0,0,0,0.0,0,0,139.0,"1,561",1,0.0,0,0,139.0,"1,561",1
2020,58327,Bradley Energy Center,58300,Ameresco Select Inc,CT,ISNE,0.0,0,0,"1,850.0","15,021",1,0.0,0,0,0.0,0,0,"1,850.0","15,021",1
2020,62157,Breesport Road Community Solar Farm,62706,"NY Baldwin I, LLC",NY,NYIS,233.0,"3,223",313,0.0,0,0,0.0,0,0,0.0,0,0,233.0,"3,223",313
2020,64580,Broadway 2 - Tucson Phase II,61944,Goldman Sachs Renewable Power Group,AZ,TEPC,0.0,0,0,749.0,"7,104",1,0.0,0,0,0.0,0,0,749.0,"7,104",1
2020,64579,Broadway 2 - UC Riverside,61944,Goldman Sachs Renewable Power Group,CA,CISO,0.0,0,0,429.0,"5,096",1,0.0,0,0,0.0,0,0,429.0,"5,096",1
2020,60451,Brookside,63249,Terraform Arcadia,RI,ISNE,0.0,0,0,243.0,"1,625",1,0.0,0,0,0.0,0,0,243.0,"1,625",1
2020,60507,Broome County,60947,Tesla Inc.,NY,NYIS,0.0,0,0,228.0,"3,132",1,0.0,0,0,0.0,0,0,228.0,"3,132",1
2020,58037,Buckeye Union HS District 201,57408,Constellation Solar Arizona LLC,AZ,AZPS,0.0,0,0,951.0,"7,408",1,0.0,0,0,0.0,0,0,951.0,"7,408",1
2020,62712,Burlington Coat Factory Solar,62155,"DG Northeast Solar II, LLC",NJ,PJM,0.0,0,0,281.0,"4,643",1,0.0,0,0,0.0,0,0,281.0,"4,643",1
2020,58618,Butler Plaza,58570,CF Gainesville Owner One LLC,FL,GVL,0.0,0,0,362.0,"1,041",1,0.0,0,0,0.0,0,0,362.0,"1,041",1
2020,52147,C P Kelco San Diego Plant,3221,CPKelco U S Inc,CA,CISO,0.0,0,0,0.0,0,0,6.0,72,1,0.0,0,0,6.0,72,1
2020,60428,CA Dept of Public Health at Richmond,58540,California PV Energy LLC,CA,CISO,0.0,0,0,334.0,"3,443",1,0.0,0,0,0.0,0,0,334.0,"3,443",1
2020,62613,CBP Solar,62067,EnterSolar,NY,NYIS,362.0,"2,472",765,0.0,0,0,0.0,0,0,0.0,0,0,362.0,"2,472",765
2020,58440,CBS Studio Center,59413,Crestmark Bank,CA,LDWP,0.0,0,0,"1,517.0","7,434",2,0.0,0,0,0.0,0,0,"1,517.0","7,434",2
2020,60036,CCBC-Catonsville,58491,"Constellation Solar Holding, LLC",MD,PJM,0.0,0,0,219.0,"2,734",1,0.0,0,0,0.0,0,0,219.0,"2,734",1
2020,61620,CDCR (CA) - Corcoran State Prison,61225,"SunE Corcoran SP Owner, LLC",CA,CISO,0.0,0,0,866.0,"8,686",1,0.0,0,0,0.0,0,0,866.0,"8,686",1
2020,59748,CDCR (CA) - Pleasant Valley State Prison,59512,"Team-Solar, Inc.",CA,CISO,0.0,"2,929",1,0.0,0,0,0.0,0,0,0.0,0,0,0.0,"2,929",1
2020,61619,CDCR (CA) - Solano State Prison,61224,"SunE Solano SP Owner, LLC",CA,CISO,0.0,"1,927",1,0.0,0,0,0.0,0,0,0.0,0,0,0.0,"1,927",1
2020,61621,CDCR (CA) - Wasco State Prison,61226,"SunE Wasco SP Owner, LLC",CA,CISO,0.0,"2,985",0,0.0,0,0,0.0,0,0,0.0,0,0,0.0,"2,985",0
2020,62681,CED Champaign Solar LLC,56769,Consolidated Edison Development Inc.,IL,MISO,0.0,0,0,0.0,0,0,22.0,675,1,0.0,0,0,22.0,675,1
2020,60201,CES Cherry Hill Solar,57365,Consolidated Edison Solutions Inc,NJ,PJM,0.0,0,0,0.0,0,0,245.0,"1,804",1,0.0,0,0,245.0,"1,804",1
2020,60029,CES VMT Solar,57365,Consolidated Edison Solutions Inc,MD,PJM,0.0,0,0,0.0,0,0,169.0,"1,540",1,0.0,0,0,169.0,"1,540",1
2020,63204,CID Solar (CA),62988,DG California Solar LLC,CA,CISO,0.0,0,0,0.0,0,0,368.0,"4,219",1,0.0,0,0,368.0,"4,219",1
2020,60225,CMEEC - Bozrah,60947,Tesla Inc.,CT,ISNE,0.0,0,0,448.0,"2,598",1,0.0,0,0,0.0,0,0,448.0,"2,598",1
2020,60608,CMEEC - Navy NE Trident,60947,Tesla Inc.,CT,ISNE,0.0,0,0,198.0,"1,400",1,0.0,0,0,0.0,0,0,198.0,"1,400",1
2020,60609,CMEEC - Norwich Stott St Solar Hybrid,60947,Tesla Inc.,CT,ISNE,0.0,0,0,708.0,"5,210",1,0.0,0,0,0.0,0,0,708.0,"5,210",1
2020,60607,CMEEC - Polaris Park Solar Hybrid,60947,Tesla Inc.,CT,ISNE,0.0,0,0,833.0,"5,646",1,0.0,0,0,0.0,0,0,833.0,"5,646",1
2020,60605,CMEEC - Rogers Rd Solar,60947,Tesla Inc.,CT,ISNE,0.0,0,0,208.0,"1,459",1,0.0,0,0,0.0,0,0,208.0,"1,459",1
2020,54323,CNN Center,18452,Turner Properties Inc,GA,SOCO,0.0,0,0,416.0,"6,752",21,0.0,0,0,0.0,0,0,416.0,"6,752",21
2020,59130,CSD 2 - Heritage High,59622,"Ahana Renewables, LLC",CA,CISO,0.0,0,0,487.0,"1,889",1,0.0,0,0,0.0,0,0,487.0,"1,889",1
2020,59129,CSD 2- Freedom High,59622,"Ahana Renewables, LLC",CA,CISO,0.0,0,0,313.0,"1,212",1,0.0,0,0,0.0,0,0,313.0,"1,212",1
2020,56813,CSU Fresno Solar Project,56028,MMA Fresno Power LP,CA,CISO,0.0,0,0,233.0,"1,149",1,0.0,0,0,0.0,0,0,233.0,"1,149",1
2020,62028,CSU Long Beach Lots 7 & 14,61944,Goldman Sachs Renewable Power Group,CA,CISO,0.0,0,0,999.0,"7,372",1,0.0,0,0,0.0,0,0,999.0,"7,372",1
2020,58481,CSU Pueblo,58467,"SSA Solar of CO 1, LLC",CO,WACM,0.0,0,0,113.0,"1,837",1,0.0,0,0,0.0,0,0,113.0,"1,837",1
2020,60979,CSUF Nutwood Solar,61944,Goldman Sachs Renewable Power Group,CA,CISO,0.0,0,0,403.0,"3,174",1,0.0,0,0,0.0,0,0,403.0,"3,174",1
2020,60978,CSUF State College,61944,Goldman Sachs Renewable Power Group,CA,CISO,0.0,0,0,209.0,"1,639",1,0.0,0,0,0.0,0,0,209.0,"1,639",1
2020,58386,CU Solar Plant,58373,CU Solar LLC,OH,PJM,0.0,0,0,281.0,"2,328",1,0.0,0,0,0.0,0,0,281.0,"2,328",1
2020,59283,California PV Energy at ISD WWTP,58540,California PV Energy LLC,CA,CISO,0.0,0,0,0.0,0,0,65.0,496,1,0.0,0,0,65.0,496,1
2020,55308,Calvert City,57295,DTE Calvert City LLC,KY,TVA,0.0,0,0,0.0,0,0,"6,370.0","120,078",3,0.0,0,0,"6,370.0","120,078",3
2020,61604,Camden CSD Solar Array,60571,"AEP Onsite Partners, LLC",NY,NYIS,0.0,0,0,254.0,"2,644",1,0.0,0,0,0.0,0,0,254.0,"2,644",1
2020,60685,Canyon Del Oro High School Solar,60404,"Constellation Solar Arizona 2, LLC",AZ,TEPC,0.0,0,0,276.0,"2,732",1,0.0,0,0,0.0,0,0,276.0,"2,732",1
2020,59297,Carrier Clinic,59100,"Sunlight General Solar Fund II, LLC",NJ,PJM,0.0,0,0,165.0,"1,844",1,0.0,0,0,0.0,0,0,165.0,"1,844",1
2020,62763,Carver CSG,60281,"Altus Power America Management, LLC",MA,ISNE,323.0,"3,033",61,0.0,0,0,0.0,0,0,0.0,0,0,323.0,"3,033",61
2020,63385,Castaic Lake Phase II,61944,Goldman Sachs Renewable Power Group,CA,CISO,0.0,0,0,899.0,"6,430",1,0.0,0,0,0.0,0,0,899.0,"6,430",1
2020,60353,Cecil County CCVT HS,60150,"SunE DB42, LLC",MD,PJM,377.0,"2,584",1,0.0,0,0,0.0,0,0,0.0,0,0,377.0,"2,584",1
2020,59630,CentraState Medical Center PV Facility,62060,CleanCapital,NJ,PJM,0.0,0,0,499.0,"7,231",1,0.0,0,0,0.0,0,0,499.0,"7,231",1
2020,63439,Central CA Fuel Cell 1,61939,"Clearway Energy, Inc",CA,CISO,0.0,0,0,"1,219.0","15,448",1,0.0,0,0,0.0,0,0,"1,219.0","15,448",1
2020,58151,Central Utility Plant - Texas A&M,58113,"Texas A&M, Utilities & Energy Services",TX,ERCO,0.0,0,0,"3,066.0","39,299",29,820.0,"10,513",25,0.0,0,0,"3,886.0","49,812",54
2020,10566,Chambers Cogeneration LP,14932,US Operating Services Company,NJ,PJM,0.0,0,0,0.0,0,0,"6,908.0","54,945",1,0.0,0,0,"6,908.0","54,945",1
2020,55187,Channelview Cogeneration Plant,56380,EIF Channelview Cogeneration LLC,TX,ERCO,0.0,0,0,0.0,0,0,"57,845.0","2,364,973",1,0.0,0,0,"57,845.0","2,364,973",1
2020,60465,Chesapeake College,60947,Tesla Inc.,MD,PJM,0.0,0,0,111.0,"2,355",1,0.0,0,0,0.0,0,0,111.0,"2,355",1
2020,59755,Chester Power Partners,59522,Chester Power Partners LLC,VT,ISNE,0.0,0,0,662.0,"2,779",1,0.0,0,0,0.0,0,0,662.0,"2,779",1
2020,63545,Chevron - Lost Hills Hybrid,61944,Goldman Sachs Renewable Power Group,CA,CISO,0.0,0,0,"3,754.0","56,333",1,0.0,0,0,0.0,0,0,"3,754.0","56,333",1
2020,59743,Chimes West Friendship (Nixon Farms),59540,"SunE SEM 1, LLC",MD,PJM,320.0,"1,763",1,0.0,0,0,0.0,0,0,0.0,0,0,320.0,"1,763",1
2020,57011,Chuckawalla Valley State Prison,56302,SunE CPA CDC1 LLC,CA,CISO,0.0,0,0,177.0,"1,653",1,0.0,0,0,0.0,0,0,177.0,"1,653",1
2020,57645,City & County of Denver at Denver Int'l,56974,"Denver Airport Solar, LLC",CO,PSCO,0.0,0,0,0.0,0,0,333.0,"7,201",1,0.0,0,0,333.0,"7,201",1
2020,57681,City of Boulder WWTP,57005,"SunE NLB-2, LLC",CO,PSCO,0.0,0,0,55.0,"1,205",1,0.0,0,0,0.0,0,0,55.0,"1,205",1
2020,60668,City of Havre De Grace C,61419,"Constellation Solar MC, LLC",MD,PJM,0.0,0,0,289.0,"3,361",1,0.0,0,0,0.0,0,0,289.0,"3,361",1
2020,57682,City of Madera WWTP,57006,"SunE GIL1, LLC",CA,CISO,0.0,0,0,231.0,"1,532",1,0.0,0,0,0.0,0,0,231.0,"1,532",1
2020,59329,City of Soledad Water Reclamation,56930,"Foundation HA Energy Generation, LLC",CA,CISO,0.0,0,0,0.0,0,0,357.0,"3,470",1,0.0,0,0,357.0,"3,470",1
2020,63481,Clear Garden CSG,63215,Clear Garden LLC,MN,MISO,0.0,0,0,146.0,"1,638",7,0.0,0,0,0.0,0,0,146.0,"1,638",7
2020,58832,Cogenra - TEP,63249,Terraform Arcadia,AZ,TEPC,0.0,0,0,191.0,"1,745",1,0.0,0,0,0.0,0,0,191.0,"1,745",1
2020,61576,Columbia University - Johnson Farms,61012,AES Distributed Energy,NY,NYIS,0.0,0,0,444.0,"3,635",1,0.0,0,0,0.0,0,0,444.0,"3,635",1
2020,61578,Columbia University - Minisink,61012,AES Distributed Energy,NY,NYIS,0.0,0,0,399.0,"3,262",1,0.0,0,0,0.0,0,0,399.0,"3,262",1
2020,60228,Conn Mun Electric Energy Coop,60947,Tesla Inc.,CT,ISNE,0.0,0,0,197.0,"1,383",1,0.0,0,0,0.0,0,0,197.0,"1,383",1
2020,63358,Corbin Russwin Phase 3 Berlin,62067,EnterSolar,CT,ISNE,0.0,0,0,122.0,"1,721",1,0.0,0,0,0.0,0,0,122.0,"1,721",1
2020,60450,Corcoran,63249,Terraform Arcadia,CA,CISO,0.0,0,0,380.0,"1,926",1,0.0,0,0,0.0,0,0,380.0,"1,926",1
2020,60150,Cornell Geneva Solar Farm,59942,Argos Solar LLC,NY,NYIS,0.0,0,0,324.0,"3,102",1,0.0,0,0,0.0,0,0,324.0,"3,102",1
2020,59470,Cornell Snyder Road Solar Array,59237,"Ulysses Solar, LLC",NY,NYIS,0.0,0,0,154.0,"1,992",1,0.0,0,0,0.0,0,0,154.0,"1,992",1
2020,61977,Cornillie,63249,Terraform Arcadia,MN,MISO,0.0,0,0,193.0,"1,783",1,0.0,0,0,0.0,0,0,193.0,"1,783",1
2020,58359,Corning Pharmaceutical Glass,63068,CVI CleanCapital Solar 4 LLC,NJ,PJM,0.0,0,0,252.0,"3,357",1,0.0,0,0,0.0,0,0,252.0,"3,357",1
2020,55206,Corpus Christi Energy Center,4383,Corpus Christi Cogeneration LLC,TX,ERCO,0.0,0,0,0.0,0,0,"12,409.0","439,156",1,0.0,0,0,"12,409.0","439,156",1
2020,58881,County College of Morris,58753,Sunlight General Morris Solar LLC,NJ,PJM,0.0,0,0,318.0,"3,998",1,0.0,0,0,0.0,0,0,318.0,"3,998",1
2020,64445,"County of Dutchess, NY (Airport)",60947,Tesla Inc.,NY,NYIS,0.0,0,0,62.0,735,1,0.0,0,0,0.0,0,0,62.0,735,1
2020,62242,County of San Diego SBRC,61944,Goldman Sachs Renewable Power Group,CA,CISO,0.0,0,0,240.0,"2,372",1,0.0,0,0,0.0,0,0,240.0,"2,372",1
2020,63492,DCO Burlington,63218,DCO Burlington,NJ,PJM,0.0,0,0,0.0,0,0,"1,443.0","14,324",1,0.0,0,0,"1,443.0","14,324",1
2020,63286,DG Amaze ACY1,63071,"DG Amaze New Jersey, LLC",NJ,PJM,0.0,0,0,64.0,"1,651",1,0.0,0,0,0.0,0,0,64.0,"1,651",1
2020,61515,DG Camden LLC Holtec,61113,"DG Camden, LLC",NJ,PJM,0.0,0,0,0.0,0,0,132.0,"3,385",1,0.0,0,0,132.0,"3,385",1
2020,62586,DG Florham Park Solar LLC,62084,DG Florham Park Solar LLC,NJ,PJM,0.0,0,0,358.0,"2,888",0,0.0,0,0,0.0,0,0,358.0,"2,888",0
2020,62958,DG Infineum,62801,DG Linden New Jersey LLC,NJ,PJM,0.0,0,0,81.0,"2,945",0,0.0,0,0,0.0,0,0,81.0,"2,945",0
2020,62957,DG Iron Mountain,62800,DG Edison New Jersey LLC,NJ,PJM,0.0,0,0,383.0,"3,583",1,0.0,0,0,0.0,0,0,383.0,"3,583",1
2020,61507,DG New Jersey Solar RLS Logistics,61111,"DG New Jersey Solar, LLC",NJ,PJM,0.0,0,0,0.0,0,0,375.0,"4,938",1,0.0,0,0,375.0,"4,938",1
2020,63419,DGS Central California Womens Facility,62856,"Forefront Power, LLC",CA,CISO,0.0,0,0,5.0,56,1,0.0,0,0,0.0,0,0,5.0,56,1
2020,63418,DGS Wasco State Prison,62856,"Forefront Power, LLC",CA,CISO,0.0,0,0,274.0,"2,173",1,0.0,0,0,0.0,0,0,274.0,"2,173",1
2020,59746,DSH (CA) - Coalinga State Hospital,59512,"Team-Solar, Inc.",CA,CISO,0.0,"4,755",1,0.0,0,0,0.0,0,0,0.0,0,0,0.0,"4,755",1
2020,62713,DSM Nutritional Products Solar,62155,"DG Northeast Solar II, LLC",NJ,PJM,0.0,0,0,0.0,0,0,659.0,"15,929",1,0.0,0,0,659.0,"15,929",1
2020,60739,DSM Solar,61944,Goldman Sachs Renewable Power Group,NJ,PJM,0.0,0,0,271.0,"6,278",1,0.0,0,0,0.0,0,0,271.0,"6,278",1
2020,59131,Dartmouth Landfill,59622,"Ahana Renewables, LLC",MA,ISNE,0.0,0,0,132.0,"1,648",1,0.0,0,0,0.0,0,0,132.0,"1,648",1
2020,61637,Denison Solar Array,60571,"AEP Onsite Partners, LLC",OH,PJM,0.0,0,0,304.0,"2,820",1,0.0,0,0,0.0,0,0,304.0,"2,820",1
2020,56815,Denver Int Airport,56026,MMA DAS Power,CO,PSCO,0.0,0,0,304.0,"2,284",1,0.0,0,0,0.0,0,0,304.0,"2,284",1
2020,59462,Denver Intl Airport IV Solar,59229,Denver Int'l Airport IV Solar,CO,SWPP,0.0,0,0,296.0,"3,000",1,0.0,0,0,0.0,0,0,296.0,"3,000",1
2020,60861,Dept of General Services -FTB,60518,"California PV Energy 2, LLC",CA,BANC,0.0,0,0,497.0,"5,122",1,0.0,0,0,0.0,0,0,497.0,"5,122",1
2020,62946,Dickinson Solar,62795,"Dickinson Solar, LLC",PA,PJM,0.0,0,0,398.0,"4,792",1,0.0,0,0,0.0,0,0,398.0,"4,792",1
2020,57827,Dinuba Wastewater Treatment Plant,58661,"Sustainable Power Group, LLC",CA,CISO,0.0,0,0,393.0,"1,737",1,0.0,0,0,0.0,0,0,393.0,"1,737",1
2020,59094,Division 1,60947,Tesla Inc.,CA,CISO,0.0,0,0,359.0,"2,852",1,0.0,0,0,0.0,0,0,359.0,"2,852",1
2020,59095,Division 2,60947,Tesla Inc.,CA,CISO,0.0,0,0,263.0,"2,040",1,0.0,0,0,0.0,0,0,263.0,"2,040",1
2020,59096,Division 3,60947,Tesla Inc.,CA,CISO,0.0,0,0,263.0,"1,900",1,0.0,0,0,0.0,0,0,263.0,"1,900",1
2020,62324,Dynamic - Walpole,61012,AES Distributed Energy,MA,ISNE,0.0,0,0,852.0,"3,177",1,0.0,0,0,0.0,0,0,852.0,"3,177",1
2020,59132,EAFB - North Base,59622,"Ahana Renewables, LLC",CA,CISO,0.0,0,0,397.0,"2,481",1,0.0,0,0,0.0,0,0,397.0,"2,481",1
2020,59133,EAFB - South Base,59622,"Ahana Renewables, LLC",CA,CISO,0.0,0,0,349.0,"2,182",1,0.0,0,0,0.0,0,0,349.0,"2,182",1
2020,63485,ECP Uptown Campus,63220,ECP Uptown Campus LLC,PA,PJM,0.0,0,0,"1,197.0","20,125",1,0.0,0,0,0.0,0,0,"1,197.0","20,125",1
2020,63889,"ESIL-PFCHICAGO 2, LLC",62915,Madison Energy Holdings LLC,IL,MISO,0.0,0,0,2.0,70,1,0.0,0,0,0.0,0,0,2.0,70,1
2020,63888,"ESIL-PFCHICAGO 3, LLC",62915,Madison Energy Holdings LLC,IL,MISO,0.0,0,0,17.0,843,1,0.0,0,0,0.0,0,0,17.0,843,1
2020,57574,ETS Ewing Solar Facility,61944,Goldman Sachs Renewable Power Group,NJ,PJM,0.0,0,0,168.0,"1,609",1,0.0,0,0,0.0,0,0,168.0,"1,609",1
2020,60727,East Orange Solar,61944,Goldman Sachs Renewable Power Group,NJ,PJM,0.0,0,0,597.0,"6,278",1,0.0,0,0,0.0,0,0,597.0,"6,278",1
2020,58272,Easthampton Landfill-City of Easthampton,59622,"Ahana Renewables, LLC",MA,ISNE,0.0,0,0,178.0,"2,969",1,0.0,0,0,0.0,0,0,178.0,"2,969",1
2020,59134,Easton Landfill,59622,"Ahana Renewables, LLC",MA,ISNE,0.0,0,0,245.0,"2,526",1,0.0,0,0,0.0,0,0,245.0,"2,526",1
2020,58076,Edwards Air Force Base,59622,"Ahana Renewables, LLC",CA,CISO,0.0,0,0,384.0,"2,402",1,0.0,0,0,0.0,0,0,384.0,"2,402",1
2020,59367,Engelhard Solar LLC,58258,SunRay Power LLC,NJ,PJM,0.0,0,0,0.0,0,0,70.0,792,1,0.0,0,0,70.0,792,1
2020,60230,Estrella Mountain PV,60947,Tesla Inc.,AZ,AZPS,0.0,0,0,202.0,"3,966",1,0.0,0,0,0.0,0,0,202.0,"3,966",1
2020,58261,FAA NorCal TRACON,58238,Enfinity NorCal 1 FAA LLC,CA,BANC,148.0,922,1,0.0,0,0,0.0,0,0,0.0,0,0,148.0,922,1
2020,57506,FRV SI Transport Solar LP,61219,Longroad Energy Services LLC,CA,CISO,0.0,0,0,278.0,"2,862",1,0.0,0,0,0.0,0,0,278.0,"2,862",1
2020,57747,FedEx Field Solar Facility,57052,NRG Solar Arrowhead LLC,MD,PJM,0.0,0,0,342.0,"2,245",1,0.0,0,0,0.0,0,0,342.0,"2,245",1
2020,57776,FedEx Woodbridge,58316,SSA Solar of NJ LLC,NJ,PJM,0.0,0,0,141.0,"2,115",1,0.0,0,0,0.0,0,0,141.0,"2,115",1
2020,60065,"Federal Road Solar 1, LLC CSG",59804,"Federal Road Solar 1, LLC",MA,ISNE,0.0,0,0,923.0,"7,848",6,0.0,0,0,0.0,0,0,923.0,"7,848",6
2020,62043,First Baptist Church of Glenarden,61620,IOS II LLC,MD,PJM,0.0,0,0,250.0,"2,811",1,0.0,0,0,0.0,0,0,250.0,"2,811",1
2020,61690,Foreman's Hill Community Solar,61304,Foreman's Hill CSG LLC,MN,MISO,949.0,"8,679",10,0.0,0,0,0.0,0,0,0.0,0,0,949.0,"8,679",10
2020,57791,Foundation AB,56930,"Foundation HA Energy Generation, LLC",CA,CISO,0.0,0,0,0.0,0,0,162.0,"2,299",1,0.0,0,0,162.0,"2,299",1
2020,61066,Foundation CDCR LAC,60690,"Foundation CA Fund VIII Manager, LLC",CA,CISO,0.0,0,0,0.0,0,0,385.0,"4,320",1,0.0,0,0,385.0,"4,320",1
2020,61442,Foundation California Training Facility,61070,"Foundation CA Fund IX Manager, LLC",CA,CISO,0.0,0,0,0.0,0,0,458.0,"5,034",1,0.0,0,0,458.0,"5,034",1
2020,58102,Foundation Cemex BMQ,57476,Foundation CA Fund VI Manager LLC,CA,CISO,0.0,0,0,0.0,0,0,287.0,"3,484",1,0.0,0,0,287.0,"3,484",1
2020,58112,Foundation Cemex Madison,57484,"Foundation CA Fund V Manager, LLC",CA,CISO,0.0,0,0,0.0,0,0,139.0,"1,778",1,0.0,0,0,139.0,"1,778",1
2020,58101,Foundation Cemex River Plant,57476,Foundation CA Fund VI Manager LLC,CA,CISO,0.0,0,0,0.0,0,0,242.0,"2,935",1,0.0,0,0,242.0,"2,935",1
2020,57792,Foundation IE,56930,"Foundation HA Energy Generation, LLC",CA,CISO,0.0,0,0,0.0,0,0,46.0,447,1,0.0,0,0,46.0,447,1
2020,61443,Foundation Mann Packing,61070,"Foundation CA Fund IX Manager, LLC",CA,CISO,0.0,0,0,0.0,0,0,442.0,"5,129",1,0.0,0,0,442.0,"5,129",1
2020,58114,Foundation NWNA,57484,"Foundation CA Fund V Manager, LLC",CA,CISO,0.0,0,0,0.0,0,0,"1,342.0","19,569",1,0.0,0,0,"1,342.0","19,569",1
2020,58113,Foundation RRM,57484,"Foundation CA Fund V Manager, LLC",CA,CISO,0.0,0,0,0.0,0,0,476.0,"9,258",1,0.0,0,0,476.0,"9,258",1
2020,57626,Foundation ST,56930,"Foundation HA Energy Generation, LLC",CA,CISO,0.0,0,0,0.0,0,0,199.0,"2,440",1,0.0,0,0,199.0,"2,440",1
2020,61444,Foundation SaIinas Valley State Prison,61070,"Foundation CA Fund IX Manager, LLC",CA,CISO,0.0,0,0,0.0,0,0,324.0,"4,750",1,0.0,0,0,324.0,"4,750",1
2020,61067,Foundation Scheid Vineyards,60690,"Foundation CA Fund VIII Manager, LLC",CA,CISO,0.0,0,0,0.0,0,0,299.0,"3,742",1,0.0,0,0,299.0,"3,742",1
2020,58104,Foundation Superior Farms,57476,Foundation CA Fund VI Manager LLC,CA,CISO,0.0,0,0,0.0,0,0,116.0,"1,339",1,0.0,0,0,116.0,"1,339",1
2020,58105,Foundation Wal-Mart Red Bluff,57476,Foundation CA Fund VI Manager LLC,CA,CISO,0.0,0,0,0.0,0,0,140.0,"1,759",1,0.0,0,0,140.0,"1,759",1
2020,62287,Francisco St. Solar,61012,AES Distributed Energy,CA,LDWP,0.0,0,0,336.0,"2,319",1,0.0,0,0,0.0,0,0,336.0,"2,319",1
2020,63496,Frederick County - Landfill,60947,Tesla Inc.,MD,PJM,0.0,0,0,131.0,"3,644",1,0.0,0,0,0.0,0,0,131.0,"3,644",1
2020,60759,Freeze Solar,56997,Marina Energy LLC,NJ,PJM,0.0,0,0,0.0,0,0,252.0,"2,144",1,0.0,0,0,252.0,"2,144",1
2020,63420,Fresno Bullard High School Hybrid,62856,"Forefront Power, LLC",CA,CISO,0.0,0,0,222.0,"1,773",1,0.0,0,0,0.0,0,0,222.0,"1,773",1
2020,63421,Fresno Hoover High School Hybrid,62856,"Forefront Power, LLC",CA,CISO,0.0,0,0,221.0,"1,717",1,0.0,0,0,0.0,0,0,221.0,"1,717",1
2020,63422,Fresno Sunnyside High School Hybrid,62856,"Forefront Power, LLC",CA,CISO,0.0,0,0,6.0,314,1,0.0,0,0,0.0,0,0,6.0,314,1
2020,62275,Frontier HS Solar Project,61944,Goldman Sachs Renewable Power Group,CA,CISO,0.0,0,0,306.0,"2,551",1,0.0,0,0,0.0,0,0,306.0,"2,551",1
2020,59472,Ft. Churchill PV,57369,"Apple, Inc",NV,NEVP,0.0,0,0,440.0,"36,368",1,0.0,0,0,0.0,0,0,440.0,"36,368",1
2020,61102,"GASNA 18P, LLC",57354,X-Elio North America Inc,PR,NA,0.0,0,0,"1,578.0","7,514",1,0.0,0,0,0.0,0,0,"1,578.0","7,514",1
2020,58576,GSE NM1,60281,"Altus Power America Management, LLC",NM,SWPP,0.0,0,0,209.0,"5,201",3,0.0,0,0,0.0,0,0,209.0,"5,201",3
2020,63399,Galesburg Solar Array,60571,"AEP Onsite Partners, LLC",IL,MISO,0.0,0,0,89.0,"2,461",1,0.0,0,0,0.0,0,0,89.0,"2,461",1
2020,56909,Gap Pacific Distribution Center,61944,Goldman Sachs Renewable Power Group,CA,CISO,0.0,0,0,271.0,"3,944",1,0.0,0,0,0.0,0,0,271.0,"3,944",1
2020,62680,Garfield Solar,56990,NJR Clean Energy Ventures Corporation,NJ,PJM,0.0,0,0,278.0,"4,438",1,0.0,0,0,0.0,0,0,278.0,"4,438",1
2020,62843,Garnet Solar (NY),60571,"AEP Onsite Partners, LLC",NY,NYIS,0.0,0,0,269.0,"2,835",1,0.0,0,0,0.0,0,0,269.0,"2,835",1
2020,60847,Garrett County - DPU Treatment Plant,60947,Tesla Inc.,MD,PJM,0.0,0,0,109.0,"1,668",1,0.0,0,0,0.0,0,0,109.0,"1,668",1
2020,61794,Gateway Solar,61419,"Constellation Solar MC, LLC",MD,PJM,0.0,0,0,348.0,"7,729",1,0.0,0,0,0.0,0,0,348.0,"7,729",1
2020,50333,Gay Robinson,7019,Gay & Robinson Inc,HI,NA,10.0,88,8,50.0,230,6,0.0,0,0,0.0,0,0,60.0,318,14
2020,60844,Genentech Vacaville Meter #1,60947,Tesla Inc.,CA,CISO,0.0,0,0,896.0,"8,009",1,0.0,0,0,0.0,0,0,896.0,"8,009",1
2020,60231,Genentech-Oceanside Hybrid,60947,Tesla Inc.,CA,CISO,0.0,0,0,731.0,"6,608",1,0.0,0,0,0.0,0,0,731.0,"6,608",1
2020,59841,General Motors Corp at White Marsh MD,56975,"Constellation Solar Maryland, LLC",MD,PJM,0.0,0,0,0.0,0,0,176.0,"1,515",1,0.0,0,0,176.0,"1,515",1
2020,58543,"Gilbert Solar Facility I, LLC",58514,"Gilbert Solar Facility I, LLC",AZ,AZPS,0.0,0,0,623.0,"2,979",1,0.0,0,0,0.0,0,0,623.0,"2,979",1
2020,62663,Gilcrest Solar,63249,Terraform Arcadia,CO,WACM,0.0,0,0,299.0,"3,298",1,0.0,0,0,0.0,0,0,299.0,"3,298",1
2020,60752,Gloucester Community College Solar,61944,Goldman Sachs Renewable Power Group,NJ,PJM,0.0,0,0,78.0,797,1,0.0,0,0,0.0,0,0,78.0,797,1
2020,59328,Golden Acorn Casino,56930,"Foundation HA Energy Generation, LLC",CA,CISO,0.0,0,0,255.0,"4,394",1,0.0,0,0,0.0,0,0,255.0,"4,394",1
2020,60124,Goldfinch,60972,NRG DG Lakeland LLC,FL,FMPP,0.0,0,0,637.0,"5,990",1,0.0,0,0,0.0,0,0,637.0,"5,990",1
2020,63291,Grand Prix Solar,63059,Diamond Properties,NY,NYIS,0.0,0,0,144.0,664,1,0.0,0,0,0.0,0,0,144.0,664,1
2020,60463,Greene County Meter #1,60947,Tesla Inc.,NY,ISNE,0.0,0,0,61.0,925,1,0.0,0,0,0.0,0,0,61.0,925,1
2020,62759,Greenville CSG,60281,"Altus Power America Management, LLC",NY,NYIS,138.0,"2,850",15,0.0,0,0,0.0,0,0,0.0,0,0,138.0,"2,850",15
2020,61689,Grimm Community Solar,61303,Grimm CSG LLC,MN,MISO,222.0,"1,937",5,0.0,0,0,0.0,0,0,0.0,0,0,222.0,"1,937",5
2020,62987,Grossmont HS Solar Project,61944,Goldman Sachs Renewable Power Group,CA,CISO,0.0,0,0,318.0,"2,269",1,0.0,0,0,0.0,0,0,318.0,"2,269",1
2020,56877,Hall's Warehouse Solar Project,59100,"Sunlight General Solar Fund II, LLC",NJ,PJM,0.0,0,0,146.0,"1,449",1,0.0,0,0,0.0,0,0,146.0,"1,449",1
2020,60815,Hampshire College Hybrid,60947,Tesla Inc.,MA,ISNE,0.0,0,0,335.0,"5,440",1,0.0,0,0,0.0,0,0,335.0,"5,440",1
2020,61030,Harford Solar Farm,60669,Laertes Solar LLC,NY,NYIS,0.0,0,0,295.0,"2,811",1,0.0,0,0,0.0,0,0,295.0,"2,811",1
2020,63069,Harmony Road Solar,62856,"Forefront Power, LLC",IL,PJM,0.0,0,0,12.0,624,1,0.0,0,0,0.0,0,0,12.0,624,1
2020,52061,Hartford Hospital Cogeneration,8153,Hartford Steam Co,CT,ISNE,0.0,0,0,"4,177.0","48,625",1,0.0,0,1,0.0,0,0,"4,177.0","48,625",2
2020,60909,Hartford Landfill Solar EGF,60166,Materials Innovation Recycling Authority,CT,ISNE,0.0,0,0,70.0,"1,562",1,0.0,0,0,0.0,0,0,70.0,"1,562",1
2020,60501,Hartz Way,60268,Hartz Solar LLC,NJ,PJM,0.0,0,0,137.0,"1,135",2,0.0,0,0,0.0,0,0,137.0,"1,135",2
2020,60708,Havre de Grace II - E at Perryman,61419,"Constellation Solar MC, LLC",MD,PJM,0.0,0,0,120.0,"2,003",1,0.0,0,0,0.0,0,0,120.0,"2,003",1
2020,10194,Hawaii Cogen,3453,Island Energy Services,HI,NA,0.0,0,0,0.0,0,0,"1,095.0","5,830",1,0.0,0,0,"1,095.0","5,830",1
2020,62438,Heller 400M,56997,Marina Energy LLC,NJ,PJM,0.0,0,0,137.0,"1,452",1,0.0,0,0,0.0,0,0,137.0,"1,452",1
2020,57869,Heller Industrial Parks,56997,Marina Energy LLC,NJ,PJM,0.0,0,0,583.0,"6,069",1,0.0,0,0,0.0,0,0,583.0,"6,069",1
2020,60099,"Hewlett-Packard (HP) - Andover, MA",60947,Tesla Inc.,MA,ISNE,0.0,0,0,126.0,"2,186",1,0.0,0,0,0.0,0,0,126.0,"2,186",1
2020,62907,Hinesburg,61522,"Viridity Energy Solutions, Inc.",VT,ISNE,0.0,0,0,392.0,"4,152",1,0.0,0,0,0.0,0,0,392.0,"4,152",1
2020,62725,Homer Street East,59474,BQ Energy LLC,NY,NYIS,0.0,0,0,166.0,"1,553",1,0.0,0,0,0.0,0,0,166.0,"1,553",1
2020,62724,Homer Street West,59474,BQ Energy LLC,NY,NYIS,0.0,0,0,164.0,"1,533",1,0.0,0,0,0.0,0,0,164.0,"1,533",1
2020,62760,Hopkinton CSG,60281,"Altus Power America Management, LLC",MA,ISNE,141.0,"2,900",61,0.0,0,0,0.0,0,0,0.0,0,0,141.0,"2,900",61
2020,62225,Hunterdon Health System Solar Project,61740,"NJ Solar 1, LLC",NJ,PJM,0.0,0,0,117.0,"2,295",1,0.0,0,0,0.0,0,0,117.0,"2,295",1
2020,64179,IA - City of Ames - Airport Road,62856,"Forefront Power, LLC",IA,MISO,0.0,0,0,3.0,79,1,0.0,0,0,0.0,0,0,3.0,79,1
2020,63869,IBM Solar,60293,"DG Colorado Solar, LLC",CO,PSCO,0.0,0,0,0.0,0,0,729.0,"15,411",1,0.0,0,0,729.0,"15,411",1
2020,60709,IFF Hazlet,61944,Goldman Sachs Renewable Power Group,NJ,PJM,0.0,0,0,313.0,"4,720",1,0.0,0,0,0.0,0,0,313.0,"4,720",1
2020,62306,IFF Union Beach Project,56990,NJR Clean Energy Ventures Corporation,NJ,PJM,0.0,0,0,641.0,"7,983",1,0.0,0,0,0.0,0,0,641.0,"7,983",1
2020,61465,IGS Solar I - BWI2,61077,"IGS ORIX Solar I, LLC",MD,PJM,0.0,0,0,226.0,"2,599",1,0.0,0,0,0.0,0,0,226.0,"2,599",1
2020,61358,IGS Solar I - BWI5,60994,"IGS Solar I, LLC",MD,PJM,0.0,0,0,186.0,"2,068",1,0.0,0,0,0.0,0,0,186.0,"2,068",1
2020,61359,IGS Solar I - EWR5,60994,"IGS Solar I, LLC",NJ,PJM,0.0,0,0,123.0,"3,632",1,0.0,0,0,0.0,0,0,123.0,"3,632",1
2020,61360,IGS Solar I - EWR6,60994,"IGS Solar I, LLC",NJ,PJM,0.0,0,0,118.0,"3,299",1,0.0,0,0,0.0,0,0,118.0,"3,299",1
2020,61466,IOS - ERW9,61077,"IGS ORIX Solar I, LLC",NJ,PJM,0.0,0,0,342.0,"8,146",1,0.0,0,0,0.0,0,0,342.0,"8,146",1
2020,63414,IOS II-LAX9,61620,IOS II LLC,CA,CISO,0.0,0,0,90.0,"1,637",1,0.0,0,0,0.0,0,0,90.0,"1,637",1
2020,61692,IVC Solar,60059,ZGlobal Inc,CA,IID,0.0,0,0,0.0,0,0,394.0,"3,334",1,0.0,0,0,394.0,"3,334",1
2020,59631,Imclone Solar Electric Facility,63069,CVI CleanCapital Solar 5 LLC,NJ,PJM,0.0,0,0,793.0,"13,228",1,0.0,0,0,0.0,0,0,793.0,"13,228",1
2020,60822,Intel - Ocotillo Campus Solar,60947,Tesla Inc.,AZ,AZPS,0.0,0,0,703.0,"5,457",1,0.0,0,0,0.0,0,0,703.0,"5,457",1
2020,58086,Intel Folsom,60947,Tesla Inc.,CA,BANC,0.0,0,0,111.0,"1,439",1,0.0,0,0,0.0,0,0,111.0,"1,439",1
2020,58954,Intel Folsom Phase 2,60947,Tesla Inc.,CA,BANC,0.0,0,0,154.0,"1,582",1,0.0,0,0,0.0,0,0,154.0,"1,582",1
2020,61152,Intel Folsom Phase 3,60947,Tesla Inc.,CA,BANC,0.0,0,0,443.0,"5,177",1,0.0,0,0,0.0,0,0,443.0,"5,177",1
2020,62374,JBAB - Washington DC,61907,"JBAB Solar I, LLC.",DC,PJM,0.0,0,0,423.0,"9,022",1,0.0,0,0,0.0,0,0,423.0,"9,022",1
2020,58793,JMB Mcguire-Dix-Lakehurst Solar Project,58682,WR-TGC Solar Generation IV LLC,NJ,PJM,0.0,0,0,827.0,"11,402",1,0.0,0,0,0.0,0,0,827.0,"11,402",1
2020,60113,Jackson Board of Education-Liberty HS,60947,Tesla Inc.,NJ,PJM,0.0,0,0,142.0,"1,662",1,0.0,0,0,0.0,0,0,142.0,"1,662",1
2020,60499,Jefferson Avenue,60268,Hartz Solar LLC,NJ,PJM,0.0,0,0,397.0,"2,077",1,0.0,0,0,0.0,0,0,397.0,"2,077",1
2020,63530,Jersey City DWP,60584,Onyx Asset Services Group,NJ,PJM,0.0,0,0,81.0,"1,384",1,0.0,0,0,0.0,0,0,81.0,"1,384",1
2020,58653,Jersey Gardens Phase 1,58590,SEDC Jersey Gardens Owner LLC,NJ,PJM,0.0,0,0,435.0,"4,312",1,0.0,0,0,0.0,0,0,435.0,"4,312",1
2020,58654,Jersey Gardens Phase 2,58591,CF Jersey Gardens Owner Two LLC,NJ,PJM,0.0,0,0,564.0,"3,159",1,0.0,0,0,0.0,0,0,564.0,"3,159",1
2020,56300,Jersey-Atlantic Wind Farm,50123,"Leeward Asset Management, LLC",NJ,PJM,0.0,0,0,751.0,"10,066",1,0.0,0,0,0.0,0,0,751.0,"10,066",1
2020,58292,Jewish Community Center PV,61012,AES Distributed Energy,AZ,AZPS,0.0,0,0,377.0,"2,158",1,0.0,0,0,0.0,0,0,377.0,"2,158",1
2020,61878,John A Logan College Solar,63359,"REA Investments, LLC",IL,MISO,87.0,"2,453",1,0.0,0,0,0.0,0,0,0.0,0,0,87.0,"2,453",1
2020,61686,Johnson 1 Community Solar,61287,Johnson I CSG LLC,MN,MISO,189.0,"1,756",5,0.0,0,0,0.0,0,0,0.0,0,0,189.0,"1,756",5
2020,61695,Johnson II Community Solar,61309,Johnson II CSG LLC,MN,MISO,189.0,"1,687",10,0.0,0,0,0.0,0,0,0.0,0,0,189.0,"1,687",10
2020,57723,"Johnson Matthey, Inc. Solar",56976,"Constellation Solar New Jersey II, LLC",NJ,PJM,0.0,0,0,0.0,0,0,308.0,"6,874",1,0.0,0,0,308.0,"6,874",1
2020,62739,KDC Solar ASGM,62649,KDC Solar ASGM LLC,NJ,PJM,0.0,0,0,0.0,0,0,466.0,"6,667",1,0.0,0,0,466.0,"6,667",1
2020,62746,KDC Solar CSCP LLC,62666,KDC Solar CSCP LLC,NJ,PJM,0.0,0,0,447.0,"4,690",1,0.0,0,0,0.0,0,0,447.0,"4,690",1
2020,59910,"KDC Solar PR1, LLC",59678,"KDC Solar PR1, LLC",NJ,PJM,0.0,0,0,"2,086.0","25,925",1,0.0,0,0,0.0,0,0,"2,086.0","25,925",1
2020,60546,KIUC Kapaia PV and BA Storage Project Hybrid,60947,Tesla Inc.,HI,NA,0.0,0,0,"3,031.0","21,619",1,0.0,0,0,0.0,0,0,"3,031.0","21,619",1
2020,10805,Kenilworth Energy Facility,5530,E F Kenilworth LLC,NJ,PJM,0.0,0,0,0.0,0,0,"4,599.0","75,488",1,0.0,0,0,"4,599.0","75,488",1
2020,64030,Kenmare - Sullivan Community College,61944,Goldman Sachs Renewable Power Group,NY,NYIS,0.0,0,0,160.0,"2,547",1,0.0,0,0,0.0,0,0,160.0,"2,547",1
2020,58243,Kent County - Worton Complex,63249,Terraform Arcadia,MD,PJM,0.0,0,0,178.0,"1,514",1,0.0,0,0,0.0,0,0,178.0,"1,514",1
2020,58239,Kent County-Kennedyville,63249,Terraform Arcadia,MD,PJM,0.0,0,0,182.0,"1,603",1,0.0,0,0,0.0,0,0,182.0,"1,603",1
2020,59098,Kettering Solar 1,60947,Tesla Inc.,CA,CISO,0.0,0,0,232.0,"1,840",1,0.0,0,0,0.0,0,0,232.0,"1,840",1
2020,59099,Kettering Solar 2,60947,Tesla Inc.,CA,CISO,0.0,0,0,260.0,"2,043",1,0.0,0,0,0.0,0,0,260.0,"2,043",1
2020,61628,Kilroy Solar,61227,Nautilus Solar Solutions,CA,CISO,0.0,0,0,852.0,"6,774",8,0.0,0,0,0.0,0,0,852.0,"6,774",8
2020,62614,Kinder Morgan Fordham,62067,EnterSolar,NY,NYIS,0.0,0,0,653.0,"3,829",2,0.0,0,0,0.0,0,0,653.0,"3,829",2
2020,58240,Kit Carson,63249,Terraform Arcadia,NM,PNM,0.0,0,0,505.0,"2,543",1,0.0,0,0,0.0,0,0,505.0,"2,543",1
2020,57119,Koda Biomass Plant,56413,Koda Energy LLC,MN,MISO,0.0,0,0,0.0,0,0,"4,083.0","51,828",1,0.0,0,0,"4,083.0","51,828",1
2020,57009,Kohls San Bernardino Solar Facility,61219,Longroad Energy Services LLC,CA,CISO,0.0,0,0,228.0,"1,455",1,0.0,0,0,0.0,0,0,228.0,"1,455",1
2020,60765,L'Oreal Franklin,61944,Goldman Sachs Renewable Power Group,NJ,PJM,0.0,0,0,127.0,"1,113",1,0.0,0,0,0.0,0,0,127.0,"1,113",1
2020,60766,L'Oreal Monmouth,61944,Goldman Sachs Renewable Power Group,NJ,PJM,0.0,0,0,440.0,"2,774",1,0.0,0,0,0.0,0,0,440.0,"2,774",1
2020,57868,L'Oreal Piscataway,56997,Marina Energy LLC,NJ,PJM,0.0,0,0,0.0,0,0,272.0,"2,290",1,0.0,0,0,272.0,"2,290",1
2020,63413,LTMUA,61944,Goldman Sachs Renewable Power Group,NJ,PJM,0.0,0,0,69.0,"1,627",1,0.0,0,0,0.0,0,0,69.0,"1,627",1
2020,64142,LabCorp Engine,60571,"AEP Onsite Partners, LLC",NJ,PJM,0.0,0,0,45.0,470,1,0.0,0,0,0.0,0,0,45.0,470,1
2020,58539,Lake Pleasant WTP,61944,Goldman Sachs Renewable Power Group,AZ,AZPS,0.0,0,0,"1,181.0","14,996",1,0.0,0,0,0.0,0,0,"1,181.0","14,996",1
2020,59744,Lakeland Electric Co. (FL)-Airport 1,61219,Longroad Energy Services LLC,FL,TEC,0.0,0,0,613.0,"3,228",1,0.0,0,0,0.0,0,0,613.0,"3,228",1
2020,62454,Lakewood Cheddar School,61944,Goldman Sachs Renewable Power Group,NJ,PJM,0.0,0,0,65.0,"1,162",1,0.0,0,0,0.0,0,0,65.0,"1,162",1
2020,59369,Lakewood Seven Solar LLC,60281,"Altus Power America Management, LLC",NJ,PJM,0.0,0,0,74.0,"1,064",1,0.0,0,0,0.0,0,0,74.0,"1,064",1
2020,58634,Lancaster Baptist Church,60947,Tesla Inc.,CA,CISO,0.0,0,0,206.0,"1,875",1,0.0,0,0,0.0,0,0,206.0,"1,875",1
2020,58963,Las Virgenes Municipal Water District,60947,Tesla Inc.,CA,CISO,0.0,0,0,134.0,"1,274",1,0.0,0,0,0.0,0,0,134.0,"1,274",1
2020,58703,Lenape II,58638,"Lenape Solar II, LLC",IN,MISO,0.0,0,0,"1,058.0","5,426",1,0.0,0,0,0.0,0,0,"1,058.0","5,426",1
2020,61389,Letchworth Solar Project,60571,"AEP Onsite Partners, LLC",NY,NYIS,0.0,0,0,182.0,"1,922",1,0.0,0,0,0.0,0,0,182.0,"1,922",1
2020,62274,Liberty HS Solar Project,61944,Goldman Sachs Renewable Power Group,CA,CISO,0.0,0,0,311.0,"2,589",1,0.0,0,0,0.0,0,0,311.0,"2,589",1
2020,58231,Lincoln Financial Field,58203,NRG Energy Center Eagles LLC,PA,PJM,0.0,0,0,495.0,"2,929",1,0.0,0,0,0.0,0,0,495.0,"2,929",1
2020,60060,Lindberg FIeld Solar,59791,Lindberg Field Solar I LLC,CA,CISO,0.0,0,0,721.0,"5,284",1,0.0,0,0,0.0,0,0,721.0,"5,284",1
2020,60026,Little Rock Pham Solar,63249,Terraform Arcadia,CA,LDWP,0.0,0,0,814.0,"8,143",1,0.0,0,0,0.0,0,0,814.0,"8,143",1
2020,57768,Longwood Gardens,57078,Ecogy Pennsylvania Systems LLC,PA,PJM,0.0,0,0,180.0,"2,016",1,0.0,0,0,0.0,0,0,180.0,"2,016",1
2020,55217,Los Medanos Energy Center,2843,Los Medanos Energy Center LLC,CA,CISO,0.0,0,0,0.0,0,0,"15,745.0","502,024",2,0.0,0,0,"15,745.0","502,024",2
2020,60769,Lower Cape May HS,61944,Goldman Sachs Renewable Power Group,NJ,PJM,0.0,0,0,155.0,"2,321",1,0.0,0,0,0.0,0,0,155.0,"2,321",1
2020,59135,Ludlow Landfill,59622,"Ahana Renewables, LLC",MA,ISNE,0.0,0,0,185.0,"3,366",1,0.0,0,0,0.0,0,0,185.0,"3,366",1
2020,58914,MCAGCC Cogen Plant,58789,DOD USMC Marine Air Ground Combat,CA,CISO,"2,233.0","14,742","1,500","2,387.0","15,800",14,0.0,0,0,0.0,0,0,"4,620.0","30,542","1,514"
2020,61350,MDFA Devens-Saratoga,63249,Terraform Arcadia,MA,ISNE,0.0,0,0,"1,286.0","3,716",1,0.0,0,0,0.0,0,0,"1,286.0","3,716",1
2020,60496,MEBA,60281,"Altus Power America Management, LLC",MD,PJM,0.0,0,0,150.0,"2,471",1,0.0,0,0,0.0,0,0,150.0,"2,471",1
2020,62728,MHG Wallingford,60531,Standard Solar,VT,ISNE,0.0,0,0,334.0,"3,565",1,0.0,0,0,0.0,0,0,334.0,"3,565",1
2020,62323,Macy's MD Joppa Solar Project,61821,"Northstar Macy's Maryland 2015, LLC",MD,PJM,0.0,0,0,369.0,"2,876",1,0.0,0,0,0.0,0,0,369.0,"2,876",1
2020,58522,Madera Community Hospital,59622,"Ahana Renewables, LLC",CA,CISO,0.0,0,0,271.0,"1,859",1,0.0,0,0,0.0,0,0,271.0,"1,859",1
2020,61725,Madison County,60571,"AEP Onsite Partners, LLC",NY,NYIS,0.0,0,0,226.0,"2,756",1,0.0,0,0,0.0,0,0,226.0,"2,756",1
2020,62639,Manchester Community College East,60584,Onyx Asset Services Group,CT,ISNE,0.0,0,0,101.0,"1,506",1,0.0,0,0,0.0,0,0,101.0,"1,506",1
2020,62640,Manchester Community College North,60584,Onyx Asset Services Group,CT,ISNE,0.0,0,0,89.0,"1,636",1,0.0,0,0,0.0,0,0,89.0,"1,636",1
2020,57005,Mariani Packing Vacaville Solar,56431,SunE U6 Holdings LLC,CA,CISO,0.0,0,0,306.0,"1,767",1,0.0,0,0,0.0,0,0,306.0,"1,767",1
2020,58410,Marshfield PV,63249,Terraform Arcadia,MA,ISNE,0.0,0,0,214.0,"4,969",1,0.0,0,0,0.0,0,0,214.0,"4,969",1
2020,58443,Martin Limestone Solar Array,58438,Sunstream Energy LLC,PA,PJM,0.0,0,0,0.0,0,0,121.0,"1,510",1,0.0,0,0,121.0,"1,510",1
2020,59980,Mashpee Landfill Solar,61227,Nautilus Solar Solutions,MA,ISNE,0.0,0,0,275.0,"2,295",1,0.0,0,0,0.0,0,0,275.0,"2,295",1
2020,58412,Maynard PV,63249,Terraform Arcadia,MA,ISNE,0.0,0,0,645.0,"1,562",1,0.0,0,0,0.0,0,0,645.0,"1,562",1
2020,57646,McCormick & Co. Inc. at Belcamp,56975,"Constellation Solar Maryland, LLC",MD,PJM,0.0,0,0,0.0,0,0,269.0,"2,341",1,0.0,0,0,269.0,"2,341",1
2020,57662,McGraw Hill Solar,56990,NJR Clean Energy Ventures Corporation,NJ,PJM,0.0,0,0,0.0,"17,568",1,0.0,0,0,0.0,0,0,0.0,"17,568",1
2020,59277,Medford WWTP,56990,NJR Clean Energy Ventures Corporation,NJ,PJM,0.0,0,0,186.0,"1,910",1,0.0,0,0,0.0,0,0,186.0,"1,910",1
2020,58882,Mercer County Community College,58754,Sunlight General Mercer Solar LLC,NJ,PJM,0.0,0,0,335.0,"10,248",1,0.0,0,0,0.0,0,0,335.0,"10,248",1
2020,57982,Meridian Vineyards,62060,CleanCapital,CA,CISO,0.0,0,0,420.0,"1,516",1,0.0,0,0,0.0,0,0,420.0,"1,516",1
2020,59136,Methuen Landfill,59622,"Ahana Renewables, LLC",MA,ISNE,0.0,0,0,127.0,"1,398",1,0.0,0,0,0.0,0,0,127.0,"1,398",1
2020,10180,Metro Wastewater Reclamation District,19068,"Colorado Energy Nations Company, LLC",CO,PSCO,0.0,0,0,0.0,0,0,"1,494.0","35,545",1,0.0,0,0,"1,494.0","35,545",1
2020,58090,Middlesex Apple Orchard Solar,63068,CVI CleanCapital Solar 4 LLC,NJ,PJM,0.0,0,0,328.0,"7,285",1,0.0,0,0,0.0,0,0,328.0,"7,285",1
2020,10745,Midland Cogeneration Venture,12492,Midland Cogeneration Venture,MI,MISO,0.0,0,0,0.0,0,0,"8,762.0","380,152",2,0.0,0,0,"8,762.0","380,152",2
2020,52169,Midway Sunset Cogen,12687,Midway-Sunset Cogeneration Co,CA,CISO,0.0,0,0,0.0,0,0,"1,822.0","64,084",1,0.0,0,0,"1,822.0","64,084",1
2020,59789,Millbrook School,60947,Tesla Inc.,NY,NYIS,0.0,0,0,150.0,"1,996",1,0.0,0,0,0.0,0,0,150.0,"1,996",1
2020,58822,Millville City Sewer Auth WTP,61944,Goldman Sachs Renewable Power Group,NJ,PJM,0.0,0,0,100.0,"1,134",1,0.0,0,0,0.0,0,0,100.0,"1,134",1
2020,63511,Mohonasen Central School District,60947,Tesla Inc.,NY,NYIS,0.0,0,0,219.0,"1,904",1,0.0,0,0,0.0,0,0,219.0,"1,904",1
2020,58633,Monterey Regional Water Pollution Control Agency,60947,Tesla Inc.,CA,CISO,0.0,0,0,193.0,"1,228",1,0.0,0,0,0.0,0,0,193.0,"1,228",1
2020,60820,Montgomery County Correctional Facility,60947,Tesla Inc.,MD,PJM,0.0,0,0,73.0,"1,629",1,0.0,0,0,0.0,0,0,73.0,"1,629",1
2020,64368,Mooseheart School - (IL),62856,"Forefront Power, LLC",IL,PJM,0.0,0,0,2.0,197,1,0.0,0,0,0.0,0,0,2.0,197,1
2020,63073,Mooseheart School Solar,62856,"Forefront Power, LLC",IL,PJM,0.0,0,0,7.0,305,1,0.0,0,0,0.0,0,0,7.0,305,1
2020,59942,Morgan Lancaster 1,63249,Terraform Arcadia,CA,CISO,0.0,0,0,313.0,"3,524",1,0.0,0,0,0.0,0,0,313.0,"3,524",1
2020,57362,Morgantown Solar Park,56701,The Hankin Group,PA,PJM,0.0,0,0,0.0,0,0,166.0,"2,435",1,0.0,0,0,166.0,"2,435",1
2020,55216,Morris Cogeneration LLC,54755,Morris Cogeneration LLC,IL,PJM,0.0,0,0,0.0,0,0,"7,647.0","446,774",1,0.0,0,0,"7,647.0","446,774",1
2020,57471,Murray Hill Solar,56769,Consolidated Edison Development Inc.,NJ,PJM,0.0,0,0,0.0,0,0,185.0,"1,669",1,0.0,0,0,185.0,"1,669",1
2020,61003,Musgrave East Solar Farm,60643,Artemis Solar LLC,NY,NYIS,0.0,0,0,338.0,"3,218",1,0.0,0,0,0.0,0,0,338.0,"3,218",1
2020,61015,Musgrave West Solar Farm,60643,Artemis Solar LLC,NY,NYIS,0.0,0,0,338.0,"3,218",1,0.0,0,0,0.0,0,0,338.0,"3,218",1
2020,60857,NES Rutgers Solar,60516,NES Rutgers LLC,NJ,PJM,0.0,0,0,0.0,0,0,90.0,"1,024",1,0.0,0,0,90.0,"1,024",1
2020,62208,NIST Solar,60396,Constellation New Energy Inc.,MD,PJM,0.0,0,0,394.0,"5,395",1,0.0,0,0,0.0,0,0,394.0,"5,395",1
2020,57462,Napoleon Solar I,56780,Enfinity BNB Napoleon Solar LLC,OH,PJM,0.0,0,0,695.0,"11,930",1,0.0,0,0,0.0,0,0,695.0,"11,930",1
2020,62710,Nationals,63249,Terraform Arcadia,DC,PJM,0.0,0,0,107.0,"1,857",1,0.0,0,0,0.0,0,0,107.0,"1,857",1
2020,57764,Naval Air Weapons Station China Lake,61944,Goldman Sachs Renewable Power Group,CA,CISO,0.0,0,0,"3,608.0","26,491",1,0.0,0,0,0.0,0,0,"3,608.0","26,491",1
2020,61737,Navy Yard Peaker Station,61353,Philadelphia Authority for Industrial Development,PA,PJM,0.0,0,0,0.0,0,0,161.0,"1,642",5,0.0,0,0,161.0,"1,642",5
2020,10427,New-Indy Ontario Mill,22091,New-Indy Ontario LLC,CA,CISO,0.0,0,0,0.0,0,0,728.0,"8,755",2,0.0,0,0,728.0,"8,755",2
2020,63363,Niagara Bottling Stockton,62067,EnterSolar,CA,CISO,0.0,0,0,80.0,"1,619",1,0.0,0,0,0.0,0,0,80.0,"1,619",1
2020,62682,Noland Wastewater Treatment Plant Hybrid,61204,"Today's Power, Inc.",AR,SWPP,0.0,0,0,448.0,"9,395",1,0.0,0,0,0.0,0,0,448.0,"9,395",1
2020,58748,North Bay Solar 1,58661,"Sustainable Power Group, LLC",CA,CISO,0.0,0,0,227.0,"1,975",1,0.0,0,0,0.0,0,0,227.0,"1,975",1
2020,60806,North Bergen Solar,60268,Hartz Solar LLC,NJ,PJM,0.0,0,0,235.0,"2,419",1,0.0,0,0,0.0,0,0,235.0,"2,419",1
2020,58358,North Jersey Media Group Solar Facility,63068,CVI CleanCapital Solar 4 LLC,NJ,PJM,0.0,0,0,325.0,"5,417",1,0.0,0,0,0.0,0,0,325.0,"5,417",1
2020,61060,Novel - OYA of Mapleton CSG,62033,NRG MN Community LLC,MN,MISO,0.0,0,0,685.0,"3,895",1,0.0,0,0,0.0,0,0,685.0,"3,895",1
2020,63010,Novel Benedix Solar CSG,62869,Novel Benedix Solar LLC,MN,MISO,0.0,0,0,0.0,65,4,0.0,0,0,0.0,0,0,0.0,65,4
2020,63247,Novel Debra Solar LLC CSG,63014,Novel Debra Solar LLC,MN,MISO,0.0,0,0,0.0,64,0,0.0,0,0,0.0,0,0,0.0,64,0
2020,57798,OBP Cogen,57120,OBP Cogen LLC,NY,NYIS,0.0,0,0,"6,206.0","47,258",1,0.0,0,0,0.0,0,0,"6,206.0","47,258",1
2020,50850,OLS Energy Chino,14265,OLS Energy-Chino,CA,CISO,0.0,0,0,0.0,0,0,"1,135.0","13,217",1,0.0,0,0,"1,135.0","13,217",1
2020,60913,Ohio Northern University Solar Site,60571,"AEP Onsite Partners, LLC",OH,PJM,0.0,0,0,503.0,"4,421",1,0.0,0,0,0.0,0,0,503.0,"4,421",1
2020,50413,Olmsted Waste Energy,21995,Olmsted County Public Works,MN,MISO,0.0,0,0,248.0,"1,984",1,0.0,0,0,0.0,0,0,248.0,"1,984",1
2020,60114,Oneida County- DPW,60947,Tesla Inc.,NY,ISNE,0.0,0,0,111.0,"1,635",1,0.0,0,0,0.0,0,0,111.0,"1,635",1
2020,60097,Onondaga County - Metro Water Board,60947,Tesla Inc.,NY,NYIS,0.0,0,0,64.0,"1,184",1,0.0,0,0,0.0,0,0,64.0,"1,184",1
2020,60098,Onondaga County - Oak Orchard WWTP,60947,Tesla Inc.,NY,NYIS,0.0,0,0,131.0,"2,104",1,0.0,0,0,0.0,0,0,131.0,"2,104",1
2020,60462,Onondaga County- Clearwater,60947,Tesla Inc.,NY,ISNE,0.0,0,0,131.0,"2,059",1,0.0,0,0,0.0,0,0,131.0,"2,059",1
2020,60232,Onondaga County- Jamesville,60947,Tesla Inc.,NY,NYIS,0.0,0,0,137.0,"2,165",1,0.0,0,0,0.0,0,0,137.0,"2,165",1
2020,61206,Onyx - Allen Harim,60584,Onyx Asset Services Group,DE,PJM,0.0,0,0,145.0,"1,987",1,0.0,0,0,0.0,0,0,145.0,"1,987",1
2020,60229,Orange County Solar Farm (NY),60947,Tesla Inc.,NY,ISNE,0.0,0,0,193.0,"2,415",1,0.0,0,0,0.0,0,0,193.0,"2,415",1
2020,60112,Oregon Convention Center,60947,Tesla Inc.,OR,PACW,0.0,0,0,172.0,"1,758",1,0.0,0,0,0.0,0,0,172.0,"1,758",1
2020,58961,Oregon University System OIT Klamath Falls,60947,Tesla Inc.,OR,PACW,0.0,0,0,146.0,"3,065",1,0.0,0,0,0.0,0,0,146.0,"3,065",1
2020,59790,Oregon University System Rabbit Field,60947,Tesla Inc.,OR,PACW,0.0,0,0,74.0,"1,345",1,0.0,0,0,0.0,0,0,74.0,"1,345",1
2020,60818,Oswego County - Fulton Solar,60947,Tesla Inc.,NY,NYIS,0.0,0,0,111.0,"2,315",1,0.0,0,0,0.0,0,0,111.0,"2,315",1
2020,60038,Owens Corning Headquarters,58491,"Constellation Solar Holding, LLC",OH,PJM,0.0,0,0,336.0,"1,709",1,0.0,0,0,0.0,0,0,336.0,"1,709",1
2020,58550,Owens Corning at Bethlehem,58491,"Constellation Solar Holding, LLC",NY,NYIS,0.0,0,0,0.0,0,0,353.0,"3,587",1,0.0,0,0,353.0,"3,587",1
2020,62611,PFMG Solar Grossmont Helix LLC,62028,PFMG Solar Grossmont Helix LLC,CA,CISO,318.0,"2,279",1,0.0,0,0,0.0,0,0,0.0,0,0,318.0,"2,279",1
2020,61795,Pacific Union College BESS,61420,ENGIE Storage Services NA LLC,CA,CISO,0.0,0,0,45.0,31,1,0.0,0,0,0.0,0,0,45.0,31,1
2020,57773,Palo Verde College,58315,SSA Solar of CA 2 LLC,CA,CISO,0.0,0,0,334.0,"2,050",1,0.0,0,0,0.0,0,0,334.0,"2,050",1
2020,58293,Paradise Valley H.S. PV,61012,AES Distributed Energy,AZ,AZPS,0.0,0,0,503.0,"2,600",1,0.0,0,0,0.0,0,0,503.0,"2,600",1
2020,59544,Parlin Solar LLC,59287,Laurel Capital Partners,NJ,PJM,0.0,0,0,0.0,0,0,57.0,"1,142",1,0.0,0,0,57.0,"1,142",1
2020,55047,Pasadena Cogeneration,11059,Pasadena Cogeneration LP,TX,ERCO,0.0,0,0,0.0,0,0,"9,396.0","557,998",1,0.0,0,0,"9,396.0","557,998",1
2020,58896,Patriots Stadium,58769,Sunlight General Somerset Solar LLC,NJ,PJM,0.0,0,0,64.0,"1,300",1,0.0,0,0,0.0,0,0,64.0,"1,300",1
2020,61185,Pfeffers,63249,Terraform Arcadia,MD,PJM,0.0,0,0,156.0,"2,056",1,0.0,0,0,0.0,0,0,156.0,"2,056",1
2020,60392,Pfizer Groton Fuel Cell,62093,Groton Fuel Cell 1 LLC,CT,ISNE,0.0,0,0,"2,735.0","32,575",1,0.0,0,0,0.0,0,0,"2,735.0","32,575",1
2020,60762,Pfizer Peapack Solar,63069,CVI CleanCapital Solar 5 LLC,NJ,PJM,0.0,0,0,450.0,"10,005",1,0.0,0,0,0.0,0,0,450.0,"10,005",1
2020,58708,Phoenix Airport East Economy Lot,58649,Solar Star Arizona II LLC,AZ,AZPS,0.0,0,0,211.0,"1,968",1,0.0,0,0,0.0,0,0,211.0,"1,968",1
2020,58709,Phoenix Airport Rental Car Center,58649,Solar Star Arizona II LLC,AZ,AZPS,0.0,0,0,448.0,"5,967",1,0.0,0,0,0.0,0,0,448.0,"5,967",1
2020,62735,Phoenix Solar South Farms LLC Solar Farm,62656,Phoenix Solar South Farms LLC,IL,MISO,0.0,0,0,"1,413.0","7,210",1,0.0,0,0,0.0,0,0,"1,413.0","7,210",1
2020,62075,Pima Community College,60947,Tesla Inc.,AZ,TEPC,0.0,0,0,120.0,"1,192",1,0.0,0,0,0.0,0,0,120.0,"1,192",1
2020,61104,Pima Community College - East Campus,60947,Tesla Inc.,AZ,TEPC,0.0,0,0,295.0,"2,885",1,0.0,0,0,0.0,0,0,295.0,"2,885",1
2020,63531,Pima Community College NW,60584,Onyx Asset Services Group,AZ,TEPC,0.0,0,0,310.0,"3,137",1,0.0,0,0,0.0,0,0,310.0,"3,137",1
2020,59364,Plainfield One Solar LLC,58258,SunRay Power LLC,NJ,PJM,0.0,0,0,0.0,0,0,66.0,"1,306",1,0.0,0,0,66.0,"1,306",1
2020,59137,Plymouth Site 1,59622,"Ahana Renewables, LLC",MA,ISNE,0.0,0,0,548.0,"6,846",1,0.0,0,0,0.0,0,0,548.0,"6,846",1
2020,58647,Port Richmond WWT Solar,57365,Consolidated Edison Solutions Inc,NY,NYIS,0.0,0,0,0.0,0,0,593.0,"1,676",1,0.0,0,0,593.0,"1,676",1
2020,62578,Preferred Freezer San Leandro,62067,EnterSolar,CA,CISO,0.0,0,0,267.0,"3,284",1,0.0,0,0,0.0,0,0,267.0,"3,284",1
2020,60447,Presbyterian Senior Living Service,63249,Terraform Arcadia,MD,PJM,0.0,0,0,160.0,"1,348",1,0.0,0,0,0.0,0,0,160.0,"1,348",1
2020,61354,Princeton Solar Project,56990,NJR Clean Energy Ventures Corporation,NJ,PJM,0.0,0,0,220.0,"3,585",1,0.0,0,0,0.0,0,0,220.0,"3,585",1
2020,58631,Queen Anne's County,60947,Tesla Inc.,MD,PJM,0.0,0,0,76.0,"1,058",1,0.0,0,0,0.0,0,0,76.0,"1,058",1
2020,62664,Quincy Solar,63249,Terraform Arcadia,CO,WACM,0.0,0,0,309.0,"3,150",1,0.0,0,0,0.0,0,0,309.0,"3,150",1
2020,62756,RC Energy AA LLC Solar Facility,62655,RC Energy AA LLC,NM,PNM,0.0,0,0,180.0,"1,847",1,0.0,0,0,0.0,0,0,180.0,"1,847",1
2020,60426,RCWD PV Project,61944,Goldman Sachs Renewable Power Group,CA,CISO,0.0,0,0,754.0,"9,590",1,0.0,0,0,0.0,0,0,754.0,"9,590",1
2020,63455,RE-VFO LLC,63198,RE-VFO LLC,CA,CISO,0.0,0,0,0.0,0,0,175.0,"1,802",1,0.0,0,0,175.0,"1,802",1
2020,10025,"RED-Rochester, LLC",5624,"RED-Rochester, LLC",NY,NYIS,0.0,0,0,0.0,0,0,"13,856.0","237,573",15,0.0,0,0,"13,856.0","237,573",15
2020,62810,"RIT Henrietta Solar 1, LLC",62678,"RIT Henrietta Solar 1, LLC",NY,NYIS,0.0,0,0,165.0,"2,523",1,0.0,0,0,0.0,0,0,165.0,"2,523",1
2020,61670,RJC II Community Solar Garden,61285,RJC II CSG LLC,MN,MISO,208.0,"1,835",5,0.0,0,0,0.0,0,0,0.0,0,0,208.0,"1,835",5
2020,61824,RPUWD Scheuer Well Solar Project,61944,Goldman Sachs Renewable Power Group,CA,CISO,0.0,0,0,265.0,"3,179",1,0.0,0,0,0.0,0,0,265.0,"3,179",1
2020,57507,RV CSU Power II LLC,56828,RV CSU Power II LLC,CO,PSCO,0.0,0,0,397.0,"3,930",1,0.0,0,0,0.0,0,0,397.0,"3,930",1
2020,57141,RV CSU Power LLC,56493,RV CSU Power LLC,CO,PSCO,0.0,0,0,324.0,"2,998",1,0.0,0,0,0.0,0,0,324.0,"2,998",1
2020,10464,ReEnergy Black River,1746,Black River Generation LLC,NY,NYIS,0.0,0,0,"12,044.0","145,071",2,0.0,0,0,0.0,0,0,"12,044.0","145,071",2
2020,61901,Redstone Arsenal Hybrid,61944,Goldman Sachs Renewable Power Group,AL,TVA,0.0,0,0,"1,693.0","17,280",1,0.0,0,0,0.0,0,0,"1,693.0","17,280",1
2020,63071,Reed Road Solar,62856,"Forefront Power, LLC",IL,PJM,0.0,0,0,11.0,743,1,0.0,0,0,0.0,0,0,11.0,743,1
2020,63074,Reedley Community College Solar,62856,"Forefront Power, LLC",CA,CISO,0.0,0,0,471.0,"3,774",1,0.0,0,0,0.0,0,0,471.0,"3,774",1
2020,60702,Rincon Solar I,61012,AES Distributed Energy,GA,SOCO,0.0,0,0,"2,697.0","30,995",1,0.0,0,0,0.0,0,0,"2,697.0","30,995",1
2020,58589,Rio Rancho High School,63249,Terraform Arcadia,NM,PNM,0.0,0,0,603.0,"4,082",1,0.0,0,0,0.0,0,0,603.0,"4,082",1
2020,59747,River Mountains Solar,59514,"River Mountains Solar, LLC",NV,NEVP,"2,398.0","34,470",1,0.0,0,0,0.0,0,0,0.0,0,0,"2,398.0","34,470",1
2020,59877,Riverside RWQCP Fuel Cell,59662,"Riverside Fuel Cell, LLC",CA,CISO,0.0,0,0,594.0,"8,095",1,0.0,0,0,0.0,0,0,594.0,"8,095",1
2020,63480,Roberds Garden CSG,63219,Roberds Garden LLC,MN,MISO,0.0,0,0,139.0,"1,569",6,0.0,0,0,0.0,0,0,139.0,"1,569",6
2020,58241,Rock Hall,63249,Terraform Arcadia,MD,PJM,0.0,0,0,180.0,"1,558",1,0.0,0,0,0.0,0,0,180.0,"1,558",1
2020,57524,Roger Road WWTP,56857,SunE M5C Holdings LLC,AZ,TEPC,0.0,0,0,72.0,696,1,0.0,0,0,0.0,0,0,72.0,696,1
2020,63021,SCCCD - Clovis Community College,62856,"Forefront Power, LLC",CA,CISO,0.0,0,0,253.0,"2,002",1,0.0,0,0,0.0,0,0,253.0,"2,002",1
2020,63068,SCCCD - Fresno Community College,62856,"Forefront Power, LLC",CA,CISO,0.0,0,0,421.0,"3,644",1,0.0,0,0,0.0,0,0,421.0,"3,644",1
2020,64362,"SCS American Bottoms 009885 Sauget, LLC",61677,Sol Systems,IL,MISO,0.0,0,0,20.0,685,1,0.0,0,0,0.0,0,0,20.0,685,1
2020,59138,SDCCD - Miramar,59622,"Ahana Renewables, LLC",CA,CISO,0.0,0,0,234.0,"1,298",1,0.0,0,0,0.0,0,0,234.0,"1,298",1
2020,59139,SDCWA - Twin Oaks,59622,"Ahana Renewables, LLC",CA,CISO,0.0,0,0,302.0,"1,856",1,0.0,0,0,0.0,0,0,302.0,"1,856",1
2020,60745,SEPV Imperial Dixieland East,61012,AES Distributed Energy,CA,IID,0.0,0,0,491.0,"5,648",1,0.0,0,0,0.0,0,0,491.0,"5,648",1
2020,60744,SEPV Imperial Dixieland West,61012,AES Distributed Energy,CA,IID,0.0,0,0,787.0,"9,046",1,0.0,0,0,0.0,0,0,787.0,"9,046",1
2020,59658,SPI Anderson 2,17164,Sierra Pacific Industries Inc,CA,CISO,0.0,0,0,0.0,0,0,407.0,"4,072",1,0.0,0,0,407.0,"4,072",1
2020,59947,SR Camden,59710,"SR Camden, LLC",AR,SPA,0.0,0,0,0.0,0,0,937.0,"14,877",1,0.0,0,0,937.0,"14,877",1
2020,55104,Sabine Cogen,16668,Sabine Cogen LP,TX,MISO,0.0,0,0,0.0,0,0,"2,410.0","32,084",1,0.0,0,0,"2,410.0","32,084",1
2020,10789,Sabine River Works,57160,"Performance Materials NA, Inc.",TX,MISO,0.0,0,0,0.0,0,0,"21,313.0","265,954",1,0.0,0,0,"21,313.0","265,954",1
2020,58636,Sacramento Fairbain Water Treatment Plant,60947,Tesla Inc.,CA,BANC,0.0,0,0,99.0,"1,252",1,0.0,0,0,0.0,0,0,99.0,"1,252",1
2020,61209,Sacramento Regional County Sanitation PV,60947,Tesla Inc.,CA,BANC,0.0,0,0,572.0,"7,627",1,0.0,0,0,0.0,0,0,572.0,"7,627",1
2020,57904,San Antonio West Solar Rooftop,57273,SS San Antonio West LLC,CA,CISO,0.0,0,0,325.0,"2,444",1,0.0,0,0,0.0,0,0,325.0,"2,444",1
2020,60385,Santa Rita Jail Fuel Cell,60182,"SRJFC, LLC",CA,CISO,0.0,0,0,641.0,"9,279",1,0.0,0,0,0.0,0,0,641.0,"9,279",1
2020,63185,Sayreville Solar Project,56990,NJR Clean Energy Ventures Corporation,NJ,PJM,0.0,0,0,492.0,"5,459",1,0.0,0,0,0.0,0,0,492.0,"5,459",1
2020,59013,Scituate PV,61012,AES Distributed Energy,MA,ISNE,0.0,0,0,"1,454.0","3,776",1,0.0,0,0,0.0,0,0,"1,454.0","3,776",1
2020,61843,SeaWorld Aquatica,60584,Onyx Asset Services Group,CA,CISO,0.0,0,0,229.0,"1,939",1,0.0,0,0,0.0,0,0,229.0,"1,939",1
2020,57667,Seabrook Solar Plant,61944,Goldman Sachs Renewable Power Group,NJ,PJM,0.0,0,0,313.0,"5,236",1,0.0,0,0,0.0,0,0,313.0,"5,236",1
2020,60747,Seabrook Village,63069,CVI CleanCapital Solar 5 LLC,NJ,PJM,0.0,0,0,357.0,"4,789",1,0.0,0,0,0.0,0,0,357.0,"4,789",1
2020,60514,Seminole,63249,Terraform Arcadia,GA,SOCO,0.0,0,0,171.0,"1,334",1,0.0,0,0,0.0,0,0,171.0,"1,334",1
2020,60919,Shakopee Met Council WTP,60573,Oak Leaf Solar V LLC,MN,MISO,149.0,"1,684",1,0.0,0,0,0.0,0,0,0.0,0,0,149.0,"1,684",1
2020,62806,Shelter Creek Condominiums Solar,62701,"Vista Solar, Inc.",CA,CISO,0.0,0,0,436.0,"2,928",1,0.0,0,0,0.0,0,0,436.0,"2,928",1
2020,63654,Sheriff Road,63357,Sheriff Rd Solar LLC,MD,PJM,0.0,0,0,89.0,"1,462",1,0.0,0,0,0.0,0,0,89.0,"1,462",1
2020,10849,Silver Bay Power,3807,Cleveland Cliffs Inc,MN,MISO,0.0,0,0,0.0,0,0,"24,204.0","511,778",1,0.0,0,0,"24,204.0","511,778",1
2020,58540,Silver City WWTP PV Project,58509,"Affordable Solar Silver City, LLC",NM,PNM,0.0,0,0,0.0,0,0,393.0,"2,103",1,0.0,0,0,393.0,"2,103",1
2020,60746,Silvi Gibraltar Rock,63069,CVI CleanCapital Solar 5 LLC,NJ,PJM,0.0,0,0,226.0,"3,778",1,0.0,0,0,0.0,0,0,226.0,"3,778",1
2020,60425,Skidmore College,63249,Terraform Arcadia,NY,NYIS,0.0,0,0,240.0,"2,614",1,0.0,0,0,0.0,0,0,240.0,"2,614",1
2020,61367,Smith & Wesson at Springfield MA PV,57319,Constellation Solar Massachusetts LLC,MA,ISNE,0.0,0,0,316.0,"2,745",1,0.0,0,0,0.0,0,0,316.0,"2,745",1
2020,60669,Sod Run WTP A,61419,"Constellation Solar MC, LLC",MD,PJM,0.0,0,0,255.0,"3,428",1,0.0,0,0,0.0,0,0,255.0,"3,428",1
2020,63535,Solar BESS Hybrid,63260,Cobb Electric Membership Corporation,GA,SOCO,0.0,0,0,65.0,710,1,0.0,0,0,0.0,0,0,65.0,710,1
2020,60350,"Solar Las Vegas MB 2, LLC",60145,NRG Solar Las Vegas MB 2,NV,NEVP,0.0,0,0,180.0,"1,670",1,0.0,0,0,0.0,0,0,180.0,"1,670",1
2020,59430,Solar Las Vegas MB-1,59208,NRG Solar Las Vegas MB-1,NV,NEVP,0.0,0,0,694.0,"8,789",1,0.0,0,0,0.0,0,0,694.0,"8,789",1
2020,57933,Solar Star California II LLC,58101,Solar Star California II LLC,CA,BANC,236.0,"3,648",1,0.0,0,0,0.0,0,0,0.0,0,0,236.0,"3,648",1
2020,58402,Solar Star New Jersey NJ LLC,58387,Solar Star New Jersey VI LLC,NJ,PJM,637.0,"2,344",1,0.0,0,0,0.0,0,0,0.0,0,0,637.0,"2,344",1
2020,63452,Solvay Solar,63188,"West Deptford Distributed Solar, LLC",NJ,PJM,0.0,0,0,0.0,0,0,713.0,"7,087",1,0.0,0,0,713.0,"7,087",1
2020,57770,South Bay Fuel Cell Plant,57047,BioFuels Point Loma LLC,CA,CISO,0.0,0,0,687.0,"7,212",1,0.0,0,0,0.0,0,0,687.0,"7,212",1
2020,60823,South Sioux City Solar,60947,Tesla Inc.,NE,SWPP,0.0,0,0,184.0,"2,595",1,0.0,0,0,0.0,0,0,184.0,"2,595",1
2020,58423,Southbridge PV,63249,Terraform Arcadia,MA,ISNE,0.0,0,0,175.0,"3,947",1,0.0,0,0,0.0,0,0,175.0,"3,947",1
2020,60945,"Spartan PV 1, LLC",60595,"Spartan PV 1, LLC",MI,MISO,0.0,0,0,"1,262.0","13,485",1,0.0,0,0,0.0,0,0,"1,262.0","13,485",1
2020,59545,Springfield Solar LLC,59287,Laurel Capital Partners,OH,PJM,0.0,0,0,146.0,"1,470",1,0.0,0,0,0.0,0,0,146.0,"1,470",1
2020,61907,Springfield Solar Project,56990,NJR Clean Energy Ventures Corporation,NJ,PJM,0.0,0,0,753.0,"11,204",1,0.0,0,0,0.0,0,0,753.0,"11,204",1
2020,63070,Square Barn Solar,62856,"Forefront Power, LLC",IL,PJM,0.0,0,0,11.0,745,1,0.0,0,0,0.0,0,0,11.0,745,1
2020,61579,St. Lawrence University - Sutton,61012,AES Distributed Energy,NY,NYIS,0.0,0,0,326.0,"2,906",1,0.0,0,0,0.0,0,0,326.0,"2,906",1
2020,62020,Stanford Campus Solar,61944,Goldman Sachs Renewable Power Group,CA,CISO,0.0,0,0,731.0,"6,197",1,0.0,0,0,0.0,0,0,731.0,"6,197",1
2020,57683,"Staples La Mirada, CA",57007,"SunE WF3-ST Holdings, LLC",CA,CISO,0.0,0,0,349.0,"1,556",1,0.0,0,0,0.0,0,0,349.0,"1,556",1
2020,59705,Steel Sun,59474,BQ Energy LLC,NY,NYIS,0.0,0,0,321.0,"4,759",1,0.0,0,0,0.0,0,0,321.0,"4,759",1
2020,62723,Steel Sun 2: 2303-III-2 Hamburg Tpke,59474,BQ Energy LLC,NY,NYIS,0.0,0,0,164.0,"1,951",1,0.0,0,0,0.0,0,0,164.0,"1,951",1
2020,62722,Steel Sun 2: 2303-III-4 Hamburg Tpke,59474,BQ Energy LLC,NY,NYIS,0.0,0,0,166.0,"1,980",1,0.0,0,0,0.0,0,0,166.0,"1,980",1
2020,62721,Steel Sun 2: 2303-III-9 Hamburg Tpke,59474,BQ Energy LLC,NY,NYIS,0.0,0,0,107.0,"1,260",1,0.0,0,0,0.0,0,0,107.0,"1,260",1
2020,57864,Stockton Athletic Center,61944,Goldman Sachs Renewable Power Group,NJ,PJM,0.0,0,0,40.0,375,1,0.0,0,0,0.0,0,0,40.0,375,1
2020,54149,Stony Brook Cogen Plant,13587,Nissequoque Cogen Partners,NY,NYIS,0.0,0,0,"20,884.0","212,805",1,0.0,0,0,0.0,0,0,"20,884.0","212,805",1
2020,59015,Stow PV,61012,AES Distributed Energy,MA,ISNE,0.0,0,0,207.0,"2,957",1,0.0,0,0,0.0,0,0,207.0,"2,957",1
2020,60817,Sullivan County - Adult Care Solar,60947,Tesla Inc.,NY,NYIS,0.0,0,0,177.0,"2,489",1,0.0,0,0,0.0,0,0,177.0,"2,489",1
2020,60809,"Summit Water Nexus Mt. Holly, LLC Solar",60955,"Summit Water Nexus, Mount Holly, LLC",NJ,PJM,0.0,0,0,127.0,"1,545",1,0.0,0,0,0.0,0,0,127.0,"1,545",1
2020,57010,SunEdison Anheuser Busch Fairfield,56434,SunE M5 Holdings LLC,CA,CISO,0.0,0,0,167.0,"1,380",1,0.0,0,0,0.0,0,0,167.0,"1,380",1
2020,57007,SunEdison Ironwood State Prison,56297,SunE CPA CDC2 LLC,CA,CISO,0.0,0,0,270.0,"2,004",1,0.0,0,0,0.0,0,0,270.0,"2,004",1
2020,56938,SunEdison LV Sutton Plant Site,56183,SunE NC Progress 1 LLC,NC,CPLE,0.0,0,0,407.0,"1,452",1,0.0,0,0,0.0,0,0,407.0,"1,452",1
2020,57008,SunEdison Procter & Gamble Oxnard,56431,SunE U6 Holdings LLC,CA,CISO,0.0,0,0,297.0,"1,775",1,0.0,0,0,0.0,0,0,297.0,"1,775",1
2020,57004,SunEdison Walgreens Moreno Valley,56294,SunE WG113 Moreno Valley LLC,CA,CISO,0.0,0,0,162.0,"1,459",1,0.0,0,0,0.0,0,0,162.0,"1,459",1
2020,57012,SunEdison Walmart Apple Valley DC,56434,SunE M5 Holdings LLC,CA,CISO,0.0,0,0,306.0,"2,305",1,0.0,0,0,0.0,0,0,306.0,"2,305",1
2020,61922,Sunlight Beacon,59474,BQ Energy LLC,NY,NYIS,0.0,0,0,265.0,"3,317",1,0.0,0,0,0.0,0,0,265.0,"3,317",1
2020,59742,Sunnyside Ranch Community Solar Array,8773,"Holy Cross Electric Assn, Inc",CO,PSCO,37.0,295,46,316.0,"2,544",6,0.0,0,0,0.0,0,0,353.0,"2,839",52
2020,61914,Susquehanna University Solar,63249,Terraform Arcadia,PA,PJM,0.0,0,0,364.0,"4,621",1,0.0,0,0,0.0,0,0,364.0,"4,621",1
2020,55015,Sweeny Cogen Facility,22214,Sweeny Cogeneration LP,TX,ERCO,0.0,0,0,0.0,0,0,"28,224.0","1,918,076",1,0.0,0,0,"28,224.0","1,918,076",1
2020,62327,"Synergen Panorama, LLC CSG",60281,"Altus Power America Management, LLC",MD,PJM,460.0,"9,177","1,078",0.0,0,0,0.0,0,0,0.0,0,0,460.0,"9,177","1,078"
2020,61199,T0588 Phoenix - AZ,60520,SoCore Energy LLC,AZ,SRP,0.0,0,0,220.0,"2,766",1,0.0,0,0,0.0,0,0,220.0,"2,766",1
2020,60683,TRS Fuel Cell,60403,"TRS Fuel Cell, LLC",CT,ISNE,0.0,0,0,123.0,"5,536",1,0.0,0,0,0.0,0,0,123.0,"5,536",1
2020,58232,Tahquitz High School,58661,"Sustainable Power Group, LLC",CA,CISO,0.0,0,0,273.0,"1,688",1,0.0,0,0,0.0,0,0,273.0,"1,688",1
2020,60677,Tannery Road Landfill,60401,"Tannery Road Solar, LLC",NY,NYIS,0.0,0,0,304.0,"2,999",1,0.0,0,0,0.0,0,0,304.0,"2,999",1
2020,62246,Target Woodland Solar Project,61944,Goldman Sachs Renewable Power Group,CA,CISO,0.0,0,0,332.0,"3,997",1,0.0,0,0,0.0,0,0,332.0,"3,997",1
2020,59330,Taylor Farms,56930,"Foundation HA Energy Generation, LLC",CA,CISO,0.0,0,0,0.0,0,0,376.0,"3,507",1,0.0,0,0,376.0,"3,507",1
2020,57594,Teichert Materials-Teichert Vernalis,56930,"Foundation HA Energy Generation, LLC",CA,CISO,0.0,0,0,0.0,0,0,154.0,"1,760",1,0.0,0,0,154.0,"1,760",1
2020,50481,Tennessee Eastman Operations,5610,Eastman Chemical Co-TN Ops,TN,PJM,0.0,0,0,0.0,0,0,"1,630.0","34,618",1,0.0,0,0,"1,630.0","34,618",1
2020,10093,Tesoro Hawaii,58553,PAR Petroleum,HI,NA,0.0,0,0,0.0,0,0,"1,635.0","6,543",1,0.0,0,0,"1,635.0","6,543",1
2020,60461,The Clorox Company,60947,Tesla Inc.,MD,PJM,0.0,0,0,152.0,"2,459",1,0.0,0,0,0.0,0,0,152.0,"2,459",1
2020,58356,The Lawrenceville School Solar Facility,63068,CVI CleanCapital Solar 4 LLC,NJ,PJM,0.0,0,0,616.0,"8,220",1,0.0,0,0,0.0,0,0,616.0,"8,220",1
2020,63404,Thermo Fisher,61944,Goldman Sachs Renewable Power Group,NJ,PJM,0.0,0,0,137.0,"1,997",1,0.0,0,0,0.0,0,0,137.0,"1,997",1
2020,58749,Tihonet Solar,57365,Consolidated Edison Solutions Inc,MA,ISNE,0.0,0,0,0.0,0,0,186.0,"1,814",1,0.0,0,0,186.0,"1,814",1
2020,60771,Timber Creek HS,61944,Goldman Sachs Renewable Power Group,NJ,PJM,0.0,0,0,164.0,"1,460",1,0.0,0,0,0.0,0,0,164.0,"1,460",1
2020,60904,Time Warner Cable - Knowles,60947,Tesla Inc.,NY,NYIS,0.0,0,0,280.0,"2,942",1,0.0,0,0,0.0,0,0,280.0,"2,942",1
2020,61577,Time Warner Cable Enterprises - Martino,61012,AES Distributed Energy,NY,NYIS,0.0,0,0,361.0,"3,065",1,0.0,0,0,0.0,0,0,361.0,"3,065",1
2020,63904,Timonium Fairgrounds,62915,Madison Energy Holdings LLC,MD,PJM,0.0,0,0,21.0,279,0,0.0,0,0,0.0,0,0,21.0,279,0
2020,58917,Tioga Solar Morris County 1 LLC,58753,Sunlight General Morris Solar LLC,NJ,PJM,0.0,0,0,78.0,803,6,0.0,0,0,0.0,0,0,78.0,803,6
2020,58364,Tissington Solar,61944,Goldman Sachs Renewable Power Group,NJ,PJM,0.0,0,0,464.0,"3,520",1,0.0,0,0,0.0,0,0,464.0,"3,520",1
2020,60431,Tompkins Cortland Community College,60231,"SEC LHNY Solar One, LLC",NY,NYIS,0.0,0,0,270.0,"2,769",1,0.0,0,0,0.0,0,0,270.0,"2,769",1
2020,60096,Town of Chestertown- Chestertown WWTP,60947,Tesla Inc.,MD,PJM,0.0,0,0,72.0,"1,591",1,0.0,0,0,0.0,0,0,72.0,"1,591",1
2020,60115,Town of Halfmoon,60947,Tesla Inc.,NY,ISNE,0.0,0,0,57.0,"1,260",1,0.0,0,0,0.0,0,0,57.0,"1,260",1
2020,59613,Town of Williamson Landfill PV,61944,Goldman Sachs Renewable Power Group,NY,NYIS,0.0,0,0,169.0,"1,705",1,0.0,0,0,0.0,0,0,169.0,"1,705",1
2020,61895,Toyota HQ Plan,61944,Goldman Sachs Renewable Power Group,TX,ERCO,0.0,0,0,"1,660.0","11,481",1,0.0,0,0,0.0,0,0,"1,660.0","11,481",1
2020,57647,"Toys R Us- DE, Inc. at Mt. Olive, NJ",56976,"Constellation Solar New Jersey II, LLC",NJ,PJM,0.0,0,0,371.0,"5,242",1,0.0,0,0,0.0,0,0,371.0,"5,242",1
2020,64376,Tranquillity ID,63992,"Tranquillity Solar 1, LLC",CA,CISO,0.0,0,0,337.0,"3,040",1,0.0,0,0,0.0,0,0,337.0,"3,040",1
2020,61786,Trinity College Fuel Cell,60571,"AEP Onsite Partners, LLC",CT,ISNE,0.0,0,0,539.0,"10,499",1,0.0,0,0,0.0,0,0,539.0,"10,499",1
2020,62260,Trout Creek Solar,60571,"AEP Onsite Partners, LLC",CO,PSCO,0.0,0,0,289.0,"5,145",1,0.0,0,0,0.0,0,0,289.0,"5,145",1
2020,59390,True North,58677,CD US Solar MT1 LLC,MA,ISNE,0.0,0,0,"1,360.0","6,857",1,0.0,0,0,0.0,0,0,"1,360.0","6,857",1
2020,61846,Tulare BioMAT Fuel Cell,61467,"Central CA Fuel Cell 2, LLC",CA,CISO,0.0,0,0,"2,196.0","16,000",1,0.0,0,0,0.0,0,0,"2,196.0","16,000",1
2020,64099,Tweite Community Solar LLC,63728,Tweite Community Solar LLC,MN,MISO,6.0,83,9,0.0,0,0,0.0,0,0,0.0,0,0,6.0,83,9
2020,63438,UB Fuel Cell,61939,"Clearway Energy, Inc",CT,ISNE,0.0,0,0,769.0,"9,593",1,0.0,0,0,0.0,0,0,769.0,"9,593",1
2020,59872,UC Davis South Campus,59660,"Solar Star California XXXII, LLC",CA,CISO,0.0,0,0,"2,455.0","27,793",1,0.0,0,0,0.0,0,0,"2,455.0","27,793",1
2020,61995,UC Merced Solar Hybrid,61944,Goldman Sachs Renewable Power Group,CA,CISO,0.0,0,0,"1,047.0","8,153",1,0.0,0,0,0.0,0,0,"1,047.0","8,153",1
2020,62016,UC Riverside Lots 30 & 32,61944,Goldman Sachs Renewable Power Group,CA,CISO,0.0,0,0,753.0,"6,406",1,0.0,0,0,0.0,0,0,753.0,"6,406",1
2020,60120,UCI Fuel Cell,59892,"UCI Fuel Cell, LLC",CA,CISO,0.0,0,0,451.0,"4,993",1,0.0,0,0,0.0,0,0,451.0,"4,993",1
2020,57735,UCSD Fuel Cell Plant,57047,BioFuels Point Loma LLC,CA,CISO,0.0,0,0,"1,526.0","12,303",1,0.0,0,0,0.0,0,0,"1,526.0","12,303",1
2020,61603,UMASS,56769,Consolidated Edison Development Inc.,MA,ISNE,0.0,0,0,0.0,0,0,450.0,"5,811",1,0.0,0,0,450.0,"5,811",1
2020,59749,UMES (MD) - Princess Anne,58473,"NVT LICENSES, LLC",MD,PJM,474.0,"3,176",1,0.0,0,0,0.0,0,0,0.0,0,0,474.0,"3,176",1
2020,60808,US Foods Solar,58677,CD US Solar MT1 LLC,NJ,PJM,"2,033.0","5,973",1,0.0,0,0,0.0,0,0,0.0,0,0,"2,033.0","5,973",1
2020,60086,US-TOPCO (Soccer Center),60947,Tesla Inc.,CA,CISO,0.0,0,0,572.0,"5,437",1,0.0,0,0,0.0,0,0,572.0,"5,437",1
2020,62612,USAA Black Bear Energy,62067,EnterSolar,NJ,PJM,0.0,0,0,278.0,"3,058",1,0.0,0,0,0.0,0,0,278.0,"3,058",1
2020,61682,USG 1,60059,ZGlobal Inc,CA,IID,0.0,0,0,0.0,0,0,56.0,"3,014",1,0.0,0,0,56.0,"3,014",1
2020,61683,USG 2,60059,ZGlobal Inc,CA,IID,0.0,0,0,0.0,0,0,137.0,"1,744",1,0.0,0,0,137.0,"1,744",1
2020,58516,Union HS at Casa Grande,58491,"Constellation Solar Holding, LLC",AZ,AZPS,0.0,0,0,366.0,"3,274",1,0.0,0,0,0.0,0,0,366.0,"3,274",1
2020,58040,United Stationers Supply Solar Electric,63068,CVI CleanCapital Solar 4 LLC,NJ,PJM,0.0,0,0,235.0,"3,930",1,0.0,0,0,0.0,0,0,235.0,"3,930",1
2020,62119,University Park Solar,61675,SS PA II PSU LLC,PA,PJM,0.0,0,0,0.0,0,0,178.0,"2,253",1,0.0,0,0,178.0,"2,253",1
2020,63668,"University Solar, LLC",61012,AES Distributed Energy,RI,ISNE,0.0,0,0,"4,759.0","31,652",1,0.0,0,0,0.0,0,0,"4,759.0","31,652",1
2020,54372,University of Colorado,22208,University of Colorado,CO,PSCO,0.0,0,0,"10,848.0",0,1,0.0,0,0,0.0,0,0,"10,848.0",0,1
2020,54780,University of Illinois Abbott Power Plt,19528,University of Illinois,IL,MISO,82.0,984,236,"1,186.0","14,551",89,0.0,0,0,0.0,0,0,"1,268.0","15,535",325
2020,50300,VESI Pomona,54736,"VESI Pomona Energy Storage, Inc.",CA,CISO,0.0,0,0,"2,411.0","8,653",1,0.0,0,0,0.0,0,0,"2,411.0","8,653",1
2020,60448,Valdosta,63249,Terraform Arcadia,GA,SOCO,0.0,0,0,201.0,"1,565",1,0.0,0,0,0.0,0,0,201.0,"1,565",1
2020,60824,Valley Sanitary District WTP Solar,60947,Tesla Inc.,CA,LDWP,0.0,0,0,96.0,"1,570",1,0.0,0,0,0.0,0,0,96.0,"1,570",1
2020,61463,Vandenberg Solar Project,61944,Goldman Sachs Renewable Power Group,CA,CISO,0.0,0,0,"3,098.0","41,915",1,0.0,0,0,0.0,0,0,"3,098.0","41,915",1
2020,58517,Vista Grande HS at Casa Grande,58491,"Constellation Solar Holding, LLC",AZ,AZPS,0.0,0,0,351.0,"3,135",1,0.0,0,0,0.0,0,0,351.0,"3,135",1
2020,58401,Volkswagen Solar System,58385,SR Enterprise South LLC,TN,TVA,0.0,0,0,0.0,0,0,"1,363.0","11,859",1,0.0,0,0,"1,363.0","11,859",1
2020,60365,Vulcraft Solar,60800,"Soltage VUL 1600 Chemung, LLC",NY,NYIS,0.0,0,0,0.0,0,0,183.0,"2,099",1,0.0,0,0,183.0,"2,099",1
2020,56922,WWRF Solar Plant,56431,SunE U6 Holdings LLC,CO,PSCO,0.0,0,0,155.0,"2,744",1,0.0,0,0,0.0,0,0,155.0,"2,744",1
2020,58123,Wakefern Food Corp,56990,NJR Clean Energy Ventures Corporation,NJ,PJM,0.0,0,0,222.0,"2,797",1,0.0,0,0,0.0,0,0,222.0,"2,797",1
2020,60341,Wal-Mart Truth or Consequences PV,60127,"SSA Solar of NM 3, LLC",NM,PNM,0.0,0,0,210.0,"1,450",1,0.0,0,0,0.0,0,0,210.0,"1,450",1
2020,57006,Walgreens Woodland Distribution Center,56296,SunE WG45 Woodland LLC,CA,CISO,0.0,0,0,196.0,"1,346",1,0.0,0,0,0.0,0,0,196.0,"1,346",1
2020,57939,Walmart Casa Grande,60947,Tesla Inc.,AZ,AZPS,0.0,0,0,255.0,"2,159",1,0.0,0,0,0.0,0,0,255.0,"2,159",1
2020,63510,Walnut Unified School District Walnut HS Hybrid,60947,Tesla Inc.,CA,CISO,0.0,0,0,257.0,"1,807",1,0.0,0,0,0.0,0,0,257.0,"1,807",1
2020,50216,Watson Cogeneration,867,ARCO Products Co-Watson,CA,CISO,0.0,0,0,0.0,0,0,"29,710.0","685,589",1,0.0,0,0,"29,710.0","685,589",1
2020,60821,Weber State University - Davis Campus PV,60947,Tesla Inc.,UT,WACM,0.0,0,0,121.0,"2,142",1,0.0,0,0,0.0,0,0,121.0,"2,142",1
2020,58244,West Valley High School Solar,58661,"Sustainable Power Group, LLC",CA,CISO,0.0,0,0,235.0,"1,458",1,0.0,0,0,0.0,0,0,235.0,"1,458",1
2020,60500,Westside Avenue,60268,Hartz Solar LLC,NJ,PJM,0.0,0,0,172.0,"1,107",1,0.0,0,0,0.0,0,0,172.0,"1,107",1
2020,62683,Westside Wastewater Treatment Plant Hybrid,61204,"Today's Power, Inc.",AR,SWPP,0.0,0,0,453.0,"9,493",1,0.0,0,0,0.0,0,0,453.0,"9,493",1
2020,62764,Westtown CSG,60281,"Altus Power America Management, LLC",NY,ISNE,228.0,"2,960",121,0.0,0,0,0.0,0,0,0.0,0,0,228.0,"2,960",121
2020,61630,William G Mennen Sports Solar,58753,Sunlight General Morris Solar LLC,NJ,PJM,0.0,0,0,86.0,807,1,0.0,0,0,0.0,0,0,86.0,807,1
2020,58361,Williams-Sonoma Solar Facility,63068,CVI CleanCapital Solar 4 LLC,NJ,PJM,0.0,0,0,446.0,"4,361",1,0.0,0,0,0.0,0,0,446.0,"4,361",1
2020,59751,"Wilzig Associates, LLC",59518,"Wilzig Associates, LLC",NJ,PJM,0.0,0,0,0.0,0,0,76.0,"1,042",1,0.0,0,0,76.0,"1,042",1
2020,62902,Windsor Floating Solar,62772,CA ODEVI LLC,CA,CISO,0.0,0,0,28.0,271,1,0.0,0,0,0.0,0,0,28.0,271,1
2020,10613,"Woodland Pulp, LLC",5232,Woodland Pulp LLC,ME,NBSO,0.0,0,0,0.0,0,0,"4,949.0","108,592",1,0.0,0,0,"4,949.0","108,592",1
2020,63512,Wor-Wic Community College - Offsite,60947,Tesla Inc.,MD,PJM,0.0,0,0,229.0,"3,627",1,0.0,0,0,0.0,0,0,229.0,"3,627",1
2020,62286,Xebec 1,61012,AES Distributed Energy,CA,LDWP,0.0,0,0,604.0,"4,164",1,0.0,0,0,0.0,0,0,604.0,"4,164",1
These entities are one of the elements used in the state Adjustment lines in the Sales to Ultimate Customers file.,,,,,,,,,,,,,,,,,,,,,
